adjustment_id,ad_campaign_id,adjusted_at,previous_budget,new_budget,adjustment_reason,operator_name
BA000001,ADC00022,2026-06-25 09:55:13,114853,148053,转化成本偏高,渠道运营02
BA000002,ADC00097,2026-05-03 17:39:05,94362,125503,转化成本偏高,渠道运营03
BA000003,ADC00100,2026-02-12 04:13:44,211433,242902,素材衰退,渠道运营04
BA000004,ADC00017,2026-03-13 03:39:37,60551,41692,素材衰退,渠道运营05
BA000005,ADC00090,2026-07-13 21:39:58,41011,34466,素材衰退,渠道运营06
BA000006,ADC00017,2026-03-10 05:01:16,60551,83491,转化成本偏高,渠道运营07
BA000007,ADC00040,2026-06-16 07:00:33,206930,170064,留存质量较好,渠道运营08
BA000008,ADC00090,2026-07-13 16:40:45,41011,38268,转化成本偏高,渠道运营01
BA000009,ADC00050,2026-04-22 23:03:42,228125,289853,留存质量较好,渠道运营02
BA000010,ADC00082,2026-04-16 05:27:32,77397,90574,留存质量较好,渠道运营03
BA000011,ADC00003,2026-03-26 02:43:49,31079,41821,转化成本偏高,渠道运营04
BA000012,ADC00092,2026-05-18 23:26:22,192262,206571,转化成本偏高,渠道运营05
BA000013,ADC00024,2026-03-26 19:54:05,81180,55768,转化成本偏高,渠道运营06
BA000014,ADC00009,2026-04-19 16:03:02,248217,280218,阶段性加量,渠道运营07
BA000015,ADC00023,2026-05-18 12:36:57,191468,166384,素材衰退,渠道运营08
BA000016,ADC00059,2026-08-01 23:05:40,134982,134138,留存质量较好,渠道运营01
BA000017,ADC00030,2026-05-02 14:11:52,74718,87008,留存质量较好,渠道运营02
BA000018,ADC00072,2026-07-03 07:47:23,95831,97695,转化成本偏高,渠道运营03
BA000019,ADC00054,2026-01-02 09:10:02,78922,70772,转化成本偏高,渠道运营04
BA000020,ADC00080,2026-05-22 08:49:35,247137,210169,转化成本偏高,渠道运营05
BA000021,ADC00056,2026-03-10 15:32:43,232275,173396,阶段性加量,渠道运营06
BA000022,ADC00039,2026-04-23 08:31:59,190797,190753,阶段性加量,渠道运营07
BA000023,ADC00086,2026-02-27 10:57:32,221283,173388,留存质量较好,渠道运营08
BA000024,ADC00040,2026-05-31 06:44:57,206930,146435,素材衰退,渠道运营01
BA000025,ADC00075,2026-04-08 13:04:33,176772,158061,素材衰退,渠道运营02
BA000026,ADC00087,2026-03-19 05:06:05,129307,132989,留存质量较好,渠道运营03
BA000027,ADC00055,2026-02-05 04:56:30,239276,188543,留存质量较好,渠道运营04
BA000028,ADC00036,2026-06-04 17:04:21,122832,123067,素材衰退,渠道运营05
BA000029,ADC00010,2026-05-27 14:18:28,166048,169555,转化成本偏高,渠道运营06
BA000030,ADC00024,2026-03-23 14:14:45,81180,94601,留存质量较好,渠道运营07
BA000031,ADC00067,2026-04-12 11:29:38,94903,111038,转化成本偏高,渠道运营08
BA000032,ADC00095,2026-07-02 22:13:06,149030,167051,阶段性加量,渠道运营01
BA000033,ADC00015,2026-03-06 09:26:13,258566,251882,阶段性加量,渠道运营02
BA000034,ADC00081,2026-05-11 05:20:23,156922,157296,阶段性加量,渠道运营03
BA000035,ADC00089,2026-05-12 00:10:01,222334,224850,转化成本偏高,渠道运营04
BA000036,ADC00023,2026-06-12 06:07:07,191468,170895,转化成本偏高,渠道运营05
BA000037,ADC00072,2026-05-22 00:23:38,95831,127343,留存质量较好,渠道运营06
BA000038,ADC00065,2026-03-21 08:42:32,235092,267624,转化成本偏高,渠道运营07
BA000039,ADC00037,2026-04-10 04:27:20,158506,206423,转化成本偏高,渠道运营08
BA000040,ADC00034,2026-03-22 15:15:22,58225,52570,阶段性加量,渠道运营01
BA000041,ADC00027,2026-06-11 08:24:54,128491,136884,转化成本偏高,渠道运营02
BA000042,ADC00094,2026-02-07 14:08:59,84603,67166,留存质量较好,渠道运营03
BA000043,ADC00059,2026-07-19 15:36:12,134982,157154,留存质量较好,渠道运营04
BA000044,ADC00013,2026-05-18 19:59:25,189759,238435,阶段性加量,渠道运营05
BA000045,ADC00040,2026-06-11 10:18:19,206930,254591,转化成本偏高,渠道运营06
BA000046,ADC00041,2026-07-19 12:57:24,237970,270189,阶段性加量,渠道运营07
BA000047,ADC00059,2026-06-24 22:50:51,134982,169700,阶段性加量,渠道运营08
BA000048,ADC00072,2026-07-29 09:22:02,95831,64011,留存质量较好,渠道运营01
BA000049,ADC00083,2026-06-11 15:27:43,83763,56879,留存质量较好,渠道运营02
BA000050,ADC00018,2026-04-30 00:14:50,73557,76562,阶段性加量,渠道运营03
BA000051,ADC00090,2026-06-19 05:52:04,41011,42308,阶段性加量,渠道运营04
BA000052,ADC00012,2026-04-08 19:44:43,79511,80247,转化成本偏高,渠道运营05
BA000053,ADC00054,2026-03-12 15:03:35,78922,90780,留存质量较好,渠道运营06
BA000054,ADC00061,2026-03-24 14:47:14,145037,152181,阶段性加量,渠道运营07
BA000055,ADC00004,2026-03-17 16:40:19,127554,133642,素材衰退,渠道运营08
BA000056,ADC00056,2026-03-18 01:27:58,232275,251868,留存质量较好,渠道运营01
BA000057,ADC00007,2026-05-15 13:28:12,46043,43571,转化成本偏高,渠道运营02
BA000058,ADC00027,2026-06-07 04:19:57,128491,120931,阶段性加量,渠道运营03
BA000059,ADC00100,2026-03-18 01:23:40,211433,140492,素材衰退,渠道运营04
BA000060,ADC00091,2026-08-13 07:46:09,146764,199070,素材衰退,渠道运营05
BA000061,ADC00092,2026-05-14 09:57:37,192262,187074,留存质量较好,渠道运营06
BA000062,ADC00050,2026-04-03 10:16:03,228125,181323,留存质量较好,渠道运营07
BA000063,ADC00099,2026-06-10 20:39:21,90092,123681,转化成本偏高,渠道运营08
BA000064,ADC00082,2026-05-20 12:27:13,77397,88863,转化成本偏高,渠道运营01
BA000065,ADC00032,2026-02-05 07:59:59,199888,239823,留存质量较好,渠道运营02
BA000066,ADC00085,2026-01-14 18:01:09,89912,59984,留存质量较好,渠道运营03
BA000067,ADC00019,2026-06-26 20:18:52,241679,159605,阶段性加量,渠道运营04
BA000068,ADC00052,2026-03-04 04:24:03,110371,157642,素材衰退,渠道运营05
BA000069,ADC00029,2026-07-04 15:13:22,137551,143782,转化成本偏高,渠道运营06
BA000070,ADC00072,2026-08-06 22:49:43,95831,106838,阶段性加量,渠道运营07
BA000071,ADC00071,2026-03-28 11:46:58,52988,35313,阶段性加量,渠道运营08
BA000072,ADC00072,2026-07-06 10:11:59,95831,122312,转化成本偏高,渠道运营01
BA000073,ADC00094,2026-03-01 10:11:33,84603,121915,阶段性加量,渠道运营02
BA000074,ADC00035,2026-06-03 11:30:52,116320,150265,留存质量较好,渠道运营03
BA000075,ADC00060,2026-03-02 20:35:27,55084,75004,转化成本偏高,渠道运营04
BA000076,ADC00009,2026-04-21 22:36:32,248217,337846,阶段性加量,渠道运营05
BA000077,ADC00097,2026-04-13 03:47:53,94362,115506,转化成本偏高,渠道运营06
BA000078,ADC00024,2026-03-22 19:31:47,81180,108570,转化成本偏高,渠道运营07
BA000079,ADC00068,2026-02-16 18:15:34,129408,94598,转化成本偏高,渠道运营08
BA000080,ADC00034,2026-04-07 18:15:16,58225,58450,素材衰退,渠道运营01
BA000081,ADC00021,2026-05-08 00:17:28,100866,88503,留存质量较好,渠道运营02
BA000082,ADC00093,2026-07-14 03:21:09,182268,209154,阶段性加量,渠道运营03
BA000083,ADC00010,2026-06-15 20:12:15,166048,156133,留存质量较好,渠道运营04
BA000084,ADC00045,2026-05-01 06:21:28,185571,191022,留存质量较好,渠道运营05
BA000085,ADC00071,2026-01-22 11:39:01,52988,46558,阶段性加量,渠道运营06
BA000086,ADC00087,2026-02-14 05:06:37,129307,138134,留存质量较好,渠道运营07
BA000087,ADC00078,2026-05-28 07:05:09,246579,195357,素材衰退,渠道运营08
BA000088,ADC00088,2026-04-28 00:29:22,55905,45018,转化成本偏高,渠道运营01
BA000089,ADC00043,2026-06-01 13:37:00,85886,117371,留存质量较好,渠道运营02
BA000090,ADC00090,2026-07-31 14:56:25,41011,52955,阶段性加量,渠道运营03
BA000091,ADC00072,2026-07-24 04:05:28,95831,130769,转化成本偏高,渠道运营04
BA000092,ADC00079,2026-01-19 23:37:20,156156,199093,素材衰退,渠道运营05
BA000093,ADC00042,2026-03-01 22:17:23,186366,123076,阶段性加量,渠道运营06
BA000094,ADC00063,2026-06-28 13:31:12,153514,207629,转化成本偏高,渠道运营07
BA000095,ADC00040,2026-05-29 17:51:03,206930,280849,素材衰退,渠道运营08
BA000096,ADC00093,2026-08-17 03:24:12,182268,244073,转化成本偏高,渠道运营01
BA000097,ADC00027,2026-06-28 20:38:42,128491,170190,转化成本偏高,渠道运营02
BA000098,ADC00068,2026-02-25 15:40:51,129408,182780,素材衰退,渠道运营03
BA000099,ADC00004,2026-03-05 20:20:41,127554,89701,转化成本偏高,渠道运营04
BA000100,ADC00050,2026-04-12 18:24:57,228125,253533,转化成本偏高,渠道运营05
BA000101,ADC00021,2026-04-18 02:11:03,100866,130974,留存质量较好,渠道运营06
BA000102,ADC00080,2026-04-23 07:18:31,247137,190499,留存质量较好,渠道运营07
BA000103,ADC00023,2026-06-06 19:36:12,191468,198833,阶段性加量,渠道运营08
BA000104,ADC00086,2026-01-20 10:49:17,221283,251274,留存质量较好,渠道运营01
BA000105,ADC00058,2026-08-15 15:44:06,115556,154946,阶段性加量,渠道运营02
BA000106,ADC00040,2026-06-17 23:43:07,206930,266346,转化成本偏高,渠道运营03
BA000107,ADC00085,2026-03-21 00:03:23,89912,62213,转化成本偏高,渠道运营04
BA000108,ADC00075,2026-05-18 12:36:10,176772,136309,素材衰退,渠道运营05
BA000109,ADC00048,2026-01-27 16:05:42,84606,97248,阶段性加量,渠道运营06
BA000110,ADC00017,2026-03-06 01:35:30,60551,43993,留存质量较好,渠道运营07
BA000111,ADC00038,2026-07-01 15:22:04,42195,30916,素材衰退,渠道运营08
BA000112,ADC00080,2026-04-06 08:51:06,247137,315148,转化成本偏高,渠道运营01
BA000113,ADC00054,2026-03-08 19:05:27,78922,64305,转化成本偏高,渠道运营02
BA000114,ADC00001,2026-05-10 09:26:38,88175,88625,转化成本偏高,渠道运营03
BA000115,ADC00015,2026-03-06 19:14:03,258566,177568,转化成本偏高,渠道运营04
BA000116,ADC00057,2026-05-18 18:11:20,247364,179247,阶段性加量,渠道运营05
BA000117,ADC00011,2026-05-01 02:33:02,182749,140478,阶段性加量,渠道运营06
BA000118,ADC00046,2026-06-06 19:23:01,35298,48349,转化成本偏高,渠道运营07
BA000119,ADC00037,2026-05-27 14:37:20,158506,159411,阶段性加量,渠道运营08
BA000120,ADC00062,2026-03-27 22:47:33,151310,141328,素材衰退,渠道运营01
BA000121,ADC00073,2026-06-08 20:55:31,159673,200271,转化成本偏高,渠道运营02
BA000122,ADC00006,2026-04-29 20:40:58,247276,275354,素材衰退,渠道运营03
BA000123,ADC00087,2026-02-16 23:52:56,129307,134705,阶段性加量,渠道运营04
BA000124,ADC00020,2026-05-15 07:53:28,181763,164384,转化成本偏高,渠道运营05
BA000125,ADC00084,2026-02-24 11:59:00,69425,97577,阶段性加量,渠道运营06
BA000126,ADC00081,2026-05-19 07:10:59,156922,112461,素材衰退,渠道运营07
BA000127,ADC00009,2026-03-15 06:07:18,248217,162771,阶段性加量,渠道运营08
BA000128,ADC00008,2026-04-17 10:52:55,47633,61624,转化成本偏高,渠道运营01
BA000129,ADC00070,2026-04-28 01:23:46,255137,323117,留存质量较好,渠道运营02
BA000130,ADC00015,2026-02-13 11:30:02,258566,182447,转化成本偏高,渠道运营03
BA000131,ADC00065,2026-03-17 15:11:09,235092,252783,留存质量较好,渠道运营04
BA000132,ADC00072,2026-06-09 10:49:31,95831,106366,转化成本偏高,渠道运营05
BA000133,ADC00025,2026-06-15 08:34:37,173049,157274,素材衰退,渠道运营06
BA000134,ADC00058,2026-06-30 11:30:33,115556,95282,素材衰退,渠道运营07
BA000135,ADC00056,2026-03-24 03:31:59,232275,303866,素材衰退,渠道运营08
BA000136,ADC00005,2026-05-12 13:35:28,55969,51540,留存质量较好,渠道运营01
BA000137,ADC00076,2026-02-22 05:22:22,37275,50700,素材衰退,渠道运营02
BA000138,ADC00030,2026-04-23 13:05:17,74718,74794,留存质量较好,渠道运营03
BA000139,ADC00057,2026-05-18 06:40:55,247364,222333,阶段性加量,渠道运营04
BA000140,ADC00080,2026-04-19 16:40:08,247137,283709,素材衰退,渠道运营05
BA000141,ADC00068,2026-03-27 21:18:03,129408,140451,留存质量较好,渠道运营06
BA000142,ADC00027,2026-07-01 09:28:56,128491,88044,转化成本偏高,渠道运营07
BA000143,ADC00010,2026-06-26 18:51:47,166048,127115,阶段性加量,渠道运营08
BA000144,ADC00078,2026-05-24 20:27:55,246579,179477,阶段性加量,渠道运营01
BA000145,ADC00037,2026-04-21 05:09:49,158506,224104,留存质量较好,渠道运营02
BA000146,ADC00071,2026-02-09 18:39:14,52988,41133,转化成本偏高,渠道运营03
BA000147,ADC00003,2026-05-16 13:11:40,31079,27451,阶段性加量,渠道运营04
BA000148,ADC00023,2026-05-18 10:14:46,191468,147785,转化成本偏高,渠道运营05
BA000149,ADC00055,2026-03-07 22:00:02,239276,275756,留存质量较好,渠道运营06
BA000150,ADC00020,2026-04-04 20:25:03,181763,158501,素材衰退,渠道运营07
BA000151,ADC00004,2026-03-20 16:59:41,127554,152944,留存质量较好,渠道运营08
BA000152,ADC00018,2026-04-22 22:58:38,73557,50659,阶段性加量,渠道运营01
BA000153,ADC00093,2026-07-29 11:24:45,182268,161702,阶段性加量,渠道运营02
BA000154,ADC00076,2026-03-14 22:04:02,37275,52885,留存质量较好,渠道运营03
BA000155,ADC00091,2026-07-16 18:39:18,146764,122160,阶段性加量,渠道运营04
BA000156,ADC00033,2026-06-14 23:22:00,91669,77720,阶段性加量,渠道运营05
BA000157,ADC00085,2026-03-16 00:14:44,89912,112864,转化成本偏高,渠道运营06
BA000158,ADC00025,2026-06-15 09:36:45,173049,170310,留存质量较好,渠道运营07
BA000159,ADC00053,2026-05-29 19:19:40,81333,83277,留存质量较好,渠道运营08
BA000160,ADC00080,2026-05-05 14:41:44,247137,351709,阶段性加量,渠道运营01
BA000161,ADC00027,2026-06-26 22:39:23,128491,164375,留存质量较好,渠道运营02
BA000162,ADC00031,2026-04-02 01:55:28,112685,90708,阶段性加量,渠道运营03
BA000163,ADC00066,2026-05-11 21:43:57,120743,137035,转化成本偏高,渠道运营04
BA000164,ADC00079,2026-03-13 19:22:30,156156,147487,转化成本偏高,渠道运营05
BA000165,ADC00005,2026-04-08 22:12:55,55969,49197,阶段性加量,渠道运营06
BA000166,ADC00057,2026-06-04 14:05:48,247364,350394,留存质量较好,渠道运营07
BA000167,ADC00009,2026-03-30 06:37:10,248217,170387,阶段性加量,渠道运营08
BA000168,ADC00100,2026-01-30 04:09:28,211433,218386,转化成本偏高,渠道运营01
BA000169,ADC00092,2026-04-16 09:25:03,192262,248410,转化成本偏高,渠道运营02
BA000170,ADC00049,2026-07-04 19:42:59,167648,229143,转化成本偏高,渠道运营03
BA000171,ADC00010,2026-06-08 14:37:19,166048,229271,留存质量较好,渠道运营04
BA000172,ADC00005,2026-04-25 12:12:07,55969,56077,转化成本偏高,渠道运营05
BA000173,ADC00031,2026-03-29 14:42:02,112685,112546,留存质量较好,渠道运营06
BA000174,ADC00076,2026-03-08 08:48:52,37275,35659,转化成本偏高,渠道运营07
BA000175,ADC00097,2026-03-26 00:23:40,94362,121460,阶段性加量,渠道运营08
BA000176,ADC00031,2026-03-14 21:50:44,112685,107951,留存质量较好,渠道运营01
BA000177,ADC00052,2026-03-25 21:40:19,110371,84498,转化成本偏高,渠道运营02
BA000178,ADC00052,2026-03-26 02:51:47,110371,131045,留存质量较好,渠道运营03
BA000179,ADC00082,2026-05-11 03:25:16,77397,94967,转化成本偏高,渠道运营04
BA000180,ADC00016,2026-04-21 03:06:35,138797,169609,阶段性加量,渠道运营05
BA000181,ADC00096,2026-04-21 06:23:00,142909,133909,素材衰退,渠道运营06
BA000182,ADC00006,2026-04-18 05:21:46,247276,307688,留存质量较好,渠道运营07
BA000183,ADC00080,2026-05-30 06:30:44,247137,231321,素材衰退,渠道运营08
BA000184,ADC00028,2026-04-11 04:31:24,169677,150174,转化成本偏高,渠道运营01
BA000185,ADC00012,2026-03-15 16:43:43,79511,93916,阶段性加量,渠道运营02
BA000186,ADC00051,2026-06-20 15:38:50,58795,57361,转化成本偏高,渠道运营03
BA000187,ADC00100,2026-03-19 06:30:06,211433,211298,转化成本偏高,渠道运营04
BA000188,ADC00016,2026-02-19 03:40:11,138797,178790,阶段性加量,渠道运营05
BA000189,ADC00018,2026-05-01 19:10:42,73557,51227,留存质量较好,渠道运营06
BA000190,ADC00059,2026-07-23 22:20:29,134982,119233,转化成本偏高,渠道运营07
BA000191,ADC00066,2026-04-26 14:50:21,120743,92052,素材衰退,渠道运营08
BA000192,ADC00059,2026-06-20 01:56:26,134982,108722,留存质量较好,渠道运营01
BA000193,ADC00023,2026-06-20 00:04:25,191468,244011,留存质量较好,渠道运营02
BA000194,ADC00004,2026-03-12 18:40:53,127554,111236,转化成本偏高,渠道运营03
BA000195,ADC00037,2026-05-20 09:53:50,158506,208093,阶段性加量,渠道运营04
BA000196,ADC00053,2026-05-24 22:37:26,81333,91452,阶段性加量,渠道运营05
BA000197,ADC00087,2026-02-27 21:18:40,129307,128251,转化成本偏高,渠道运营06
BA000198,ADC00046,2026-06-14 10:39:37,35298,42815,素材衰退,渠道运营07
BA000199,ADC00011,2026-03-27 01:39:15,182749,236342,留存质量较好,渠道运营08
BA000200,ADC00059,2026-07-02 02:27:42,134982,115146,阶段性加量,渠道运营01
BA000201,ADC00055,2026-03-07 17:59:01,239276,187973,素材衰退,渠道运营02
BA000202,ADC00002,2026-02-25 16:22:21,125679,177956,阶段性加量,渠道运营03
BA000203,ADC00020,2026-05-06 00:06:55,181763,155395,素材衰退,渠道运营04
BA000204,ADC00096,2026-04-18 16:29:44,142909,203150,留存质量较好,渠道运营05
BA000205,ADC00067,2026-03-24 22:45:40,94903,125215,留存质量较好,渠道运营06
BA000206,ADC00067,2026-04-10 22:13:21,94903,114072,素材衰退,渠道运营07
BA000207,ADC00019,2026-08-09 08:38:31,241679,312613,转化成本偏高,渠道运营08
BA000208,ADC00044,2026-05-08 16:52:46,164337,226922,留存质量较好,渠道运营01
BA000209,ADC00082,2026-05-21 12:39:18,77397,102847,阶段性加量,渠道运营02
BA000210,ADC00005,2026-04-28 04:31:37,55969,44806,素材衰退,渠道运营03
BA000211,ADC00051,2026-06-02 23:26:29,58795,41459,留存质量较好,渠道运营04
BA000212,ADC00002,2026-04-10 03:20:08,125679,122678,留存质量较好,渠道运营05
BA000213,ADC00060,2026-03-10 12:58:43,55084,55672,留存质量较好,渠道运营06
BA000214,ADC00027,2026-06-06 08:52:55,128491,139338,阶段性加量,渠道运营07
BA000215,ADC00045,2026-05-01 02:15:32,185571,155921,转化成本偏高,渠道运营08
BA000216,ADC00093,2026-08-24 12:13:35,182268,171403,素材衰退,渠道运营01
BA000217,ADC00037,2026-05-31 06:26:51,158506,117942,素材衰退,渠道运营02
BA000218,ADC00048,2026-03-29 10:52:18,84606,77860,阶段性加量,渠道运营03
BA000219,ADC00086,2026-01-30 22:48:13,221283,314339,阶段性加量,渠道运营04
BA000220,ADC00042,2026-02-19 09:46:00,186366,196152,素材衰退,渠道运营05
BA000221,ADC00021,2026-04-17 19:41:46,100866,136239,阶段性加量,渠道运营06
BA000222,ADC00093,2026-08-05 21:05:31,182268,225218,转化成本偏高,渠道运营07
BA000223,ADC00072,2026-08-01 04:08:03,95831,102364,素材衰退,渠道运营08
BA000224,ADC00100,2026-03-20 11:06:24,211433,194504,转化成本偏高,渠道运营01
BA000225,ADC00041,2026-06-24 21:10:58,237970,274494,阶段性加量,渠道运营02
BA000226,ADC00062,2026-04-14 04:36:54,151310,142603,素材衰退,渠道运营03
BA000227,ADC00007,2026-06-27 22:37:54,46043,48804,转化成本偏高,渠道运营04
BA000228,ADC00049,2026-06-28 23:55:48,167648,196656,留存质量较好,渠道运营05
BA000229,ADC00070,2026-05-05 18:45:52,255137,224962,留存质量较好,渠道运营06
BA000230,ADC00081,2026-05-09 00:03:13,156922,187291,转化成本偏高,渠道运营07
BA000231,ADC00099,2026-04-30 01:20:56,90092,110811,留存质量较好,渠道运营08
BA000232,ADC00034,2026-04-14 02:38:21,58225,38124,留存质量较好,渠道运营01
BA000233,ADC00017,2026-04-03 11:34:09,60551,59083,留存质量较好,渠道运营02
BA000234,ADC00007,2026-06-09 22:49:42,46043,37403,阶段性加量,渠道运营03
BA000235,ADC00060,2026-03-10 13:03:46,55084,62084,留存质量较好,渠道运营04
BA000236,ADC00058,2026-07-20 10:37:27,115556,162554,转化成本偏高,渠道运营05
BA000237,ADC00084,2026-02-28 21:14:27,69425,49456,转化成本偏高,渠道运营06
BA000238,ADC00073,2026-06-16 00:10:11,159673,202398,转化成本偏高,渠道运营07
BA000239,ADC00040,2026-06-06 07:51:17,206930,223386,阶段性加量,渠道运营08
BA000240,ADC00044,2026-05-14 21:12:59,164337,157913,素材衰退,渠道运营01
BA000241,ADC00031,2026-04-01 07:32:31,112685,125365,素材衰退,渠道运营02
BA000242,ADC00023,2026-06-14 04:44:17,191468,215166,素材衰退,渠道运营03
BA000243,ADC00091,2026-08-25 11:04:39,146764,180510,阶段性加量,渠道运营04
BA000244,ADC00004,2026-02-14 20:20:31,127554,135722,转化成本偏高,渠道运营05
BA000245,ADC00021,2026-04-15 23:15:48,100866,128701,阶段性加量,渠道运营06
BA000246,ADC00082,2026-04-19 02:34:06,77397,91933,留存质量较好,渠道运营07
BA000247,ADC00100,2026-03-07 13:08:37,211433,265178,留存质量较好,渠道运营08
BA000248,ADC00063,2026-06-28 06:31:28,153514,147260,留存质量较好,渠道运营01
BA000249,ADC00026,2026-06-03 23:35:31,189899,229079,转化成本偏高,渠道运营02
BA000250,ADC00018,2026-04-25 07:10:57,73557,85230,素材衰退,渠道运营03
BA000251,ADC00095,2026-06-08 12:34:35,149030,211106,留存质量较好,渠道运营04
BA000252,ADC00001,2026-05-21 22:58:57,88175,109623,转化成本偏高,渠道运营05
BA000253,ADC00062,2026-03-04 06:28:28,151310,145036,阶段性加量,渠道运营06
BA000254,ADC00012,2026-03-29 06:15:48,79511,110709,转化成本偏高,渠道运营07
BA000255,ADC00065,2026-03-13 01:24:45,235092,174574,留存质量较好,渠道运营08
BA000256,ADC00070,2026-04-30 06:52:50,255137,351289,转化成本偏高,渠道运营01
BA000257,ADC00039,2026-04-25 00:14:50,190797,259804,阶段性加量,渠道运营02
BA000258,ADC00069,2026-04-01 11:27:52,250021,272026,阶段性加量,渠道运营03
BA000259,ADC00013,2026-03-15 08:57:03,189759,198424,阶段性加量,渠道运营04
BA000260,ADC00042,2026-04-01 23:51:22,186366,173322,阶段性加量,渠道运营05
BA000261,ADC00051,2026-06-29 10:55:47,58795,72259,素材衰退,渠道运营06
BA000262,ADC00045,2026-04-30 11:12:51,185571,165470,留存质量较好,渠道运营07
BA000263,ADC00028,2026-05-20 12:45:26,169677,140362,转化成本偏高,渠道运营08
BA000264,ADC00015,2026-03-17 08:04:10,258566,363431,转化成本偏高,渠道运营01
BA000265,ADC00012,2026-04-03 04:53:31,79511,107113,阶段性加量,渠道运营02
BA000266,ADC00007,2026-06-09 01:11:33,46043,43203,阶段性加量,渠道运营03
BA000267,ADC00047,2026-01-20 13:53:07,54444,47081,转化成本偏高,渠道运营04
BA000268,ADC00002,2026-04-16 02:48:27,125679,90596,留存质量较好,渠道运营05
BA000269,ADC00093,2026-06-26 14:50:36,182268,211407,素材衰退,渠道运营06
BA000270,ADC00077,2026-04-12 00:33:54,96135,81211,留存质量较好,渠道运营07
BA000271,ADC00031,2026-03-24 05:28:37,112685,92902,转化成本偏高,渠道运营08
BA000272,ADC00039,2026-03-09 17:55:42,190797,237743,素材衰退,渠道运营01
BA000273,ADC00048,2026-03-17 02:40:25,84606,64702,留存质量较好,渠道运营02
BA000274,ADC00047,2026-01-11 14:18:25,54444,75896,阶段性加量,渠道运营03
BA000275,ADC00014,2026-02-23 17:51:12,45041,32824,转化成本偏高,渠道运营04
BA000276,ADC00008,2026-02-18 16:28:59,47633,44821,素材衰退,渠道运营05
BA000277,ADC00018,2026-05-22 06:19:36,73557,68929,阶段性加量,渠道运营06
BA000278,ADC00048,2026-02-26 09:42:45,84606,65040,阶段性加量,渠道运营07
BA000279,ADC00053,2026-07-04 07:45:28,81333,101720,转化成本偏高,渠道运营08
BA000280,ADC00086,2026-02-28 03:55:45,221283,237090,转化成本偏高,渠道运营01
BA000281,ADC00100,2026-02-07 16:58:26,211433,206460,留存质量较好,渠道运营02
BA000282,ADC00043,2026-05-29 10:41:46,85886,56423,素材衰退,渠道运营03
BA000283,ADC00057,2026-06-24 11:22:18,247364,187568,转化成本偏高,渠道运营04
BA000284,ADC00083,2026-05-18 02:45:59,83763,93336,转化成本偏高,渠道运营05
BA000285,ADC00093,2026-08-20 15:31:51,182268,144431,转化成本偏高,渠道运营06
BA000286,ADC00043,2026-05-19 10:04:07,85886,60906,留存质量较好,渠道运营07
BA000287,ADC00016,2026-03-17 04:33:45,138797,147884,素材衰退,渠道运营08
BA000288,ADC00018,2026-05-08 10:34:19,73557,67960,素材衰退,渠道运营01
BA000289,ADC00060,2026-02-21 12:07:25,55084,70843,留存质量较好,渠道运营02
BA000290,ADC00056,2026-04-03 01:31:51,232275,249845,阶段性加量,渠道运营03
BA000291,ADC00020,2026-04-29 17:08:14,181763,197126,阶段性加量,渠道运营04
BA000292,ADC00052,2026-03-14 14:26:53,110371,137233,转化成本偏高,渠道运营05
BA000293,ADC00091,2026-07-16 09:21:55,146764,163635,阶段性加量,渠道运营06
BA000294,ADC00036,2026-07-17 09:26:48,122832,132442,留存质量较好,渠道运营07
BA000295,ADC00055,2026-03-05 18:55:37,239276,291048,阶段性加量,渠道运营08
BA000296,ADC00075,2026-05-03 10:46:01,176772,214596,素材衰退,渠道运营01
BA000297,ADC00064,2026-03-26 22:09:03,204874,139834,转化成本偏高,渠道运营02
BA000298,ADC00024,2026-03-28 00:37:20,81180,56225,留存质量较好,渠道运营03
BA000299,ADC00050,2026-04-22 17:08:07,228125,169623,素材衰退,渠道运营04
BA000300,ADC00019,2026-07-15 03:38:44,241679,317349,素材衰退,渠道运营05
BA000301,ADC00019,2026-08-07 09:13:12,241679,306515,留存质量较好,渠道运营06
BA000302,ADC00017,2026-03-12 06:49:43,60551,64441,阶段性加量,渠道运营07
BA000303,ADC00034,2026-04-07 15:29:09,58225,74574,转化成本偏高,渠道运营08
BA000304,ADC00013,2026-03-10 06:07:21,189759,245080,留存质量较好,渠道运营01
BA000305,ADC00016,2026-04-09 08:12:08,138797,193067,素材衰退,渠道运营02
BA000306,ADC00040,2026-05-12 14:54:26,206930,283853,转化成本偏高,渠道运营03
BA000307,ADC00048,2026-04-01 08:17:47,84606,104415,素材衰退,渠道运营04
BA000308,ADC00028,2026-04-25 17:57:59,169677,180153,转化成本偏高,渠道运营05
BA000309,ADC00046,2026-06-22 03:30:13,35298,24125,转化成本偏高,渠道运营06
BA000310,ADC00016,2026-04-15 17:01:34,138797,112757,素材衰退,渠道运营07
BA000311,ADC00037,2026-05-29 17:07:27,158506,214511,留存质量较好,渠道运营08
BA000312,ADC00015,2026-03-08 17:26:56,258566,325930,阶段性加量,渠道运营01
BA000313,ADC00074,2026-05-12 08:44:53,104337,104271,素材衰退,渠道运营02
BA000314,ADC00029,2026-07-22 08:42:34,137551,180582,素材衰退,渠道运营03
BA000315,ADC00056,2026-04-13 02:22:06,232275,234788,留存质量较好,渠道运营04
BA000316,ADC00075,2026-05-12 08:41:12,176772,215343,素材衰退,渠道运营05
BA000317,ADC00018,2026-05-30 05:16:13,73557,86764,留存质量较好,渠道运营06
BA000318,ADC00053,2026-06-15 20:40:11,81333,95048,转化成本偏高,渠道运营07
BA000319,ADC00091,2026-08-23 19:04:45,146764,101458,留存质量较好,渠道运营08
BA000320,ADC00033,2026-05-07 14:32:31,91669,115399,素材衰退,渠道运营01
BA000321,ADC00006,2026-05-11 11:02:48,247276,168736,转化成本偏高,渠道运营02
BA000322,ADC00037,2026-05-09 00:10:38,158506,134253,留存质量较好,渠道运营03
BA000323,ADC00076,2026-03-13 23:26:58,37275,25038,素材衰退,渠道运营04
BA000324,ADC00023,2026-05-24 00:24:45,191468,205740,转化成本偏高,渠道运营05
BA000325,ADC00075,2026-04-25 12:12:27,176772,156812,转化成本偏高,渠道运营06
BA000326,ADC00076,2026-03-13 09:42:15,37275,47800,阶段性加量,渠道运营07
BA000327,ADC00086,2026-01-20 08:54:37,221283,215117,留存质量较好,渠道运营08
BA000328,ADC00067,2026-04-18 04:00:06,94903,73007,转化成本偏高,渠道运营01
BA000329,ADC00040,2026-06-09 07:59:39,206930,192490,转化成本偏高,渠道运营02
BA000330,ADC00087,2026-02-05 14:21:27,129307,184660,转化成本偏高,渠道运营03
BA000331,ADC00045,2026-04-30 18:56:14,185571,126005,素材衰退,渠道运营04
BA000332,ADC00006,2026-04-07 14:40:11,247276,286784,阶段性加量,渠道运营05
BA000333,ADC00012,2026-03-12 12:04:17,79511,82065,留存质量较好,渠道运营06
BA000334,ADC00085,2026-02-28 20:23:27,89912,112892,转化成本偏高,渠道运营07
BA000335,ADC00079,2026-03-21 16:46:30,156156,101787,阶段性加量,渠道运营08
BA000336,ADC00092,2026-04-01 05:11:36,192262,207415,阶段性加量,渠道运营01
BA000337,ADC00094,2026-03-26 23:08:58,84603,79310,素材衰退,渠道运营02
BA000338,ADC00009,2026-04-20 21:16:09,248217,349625,素材衰退,渠道运营03
BA000339,ADC00021,2026-04-13 10:25:11,100866,95354,阶段性加量,渠道运营04
BA000340,ADC00036,2026-06-11 23:10:37,122832,97761,素材衰退,渠道运营05
BA000341,ADC00081,2026-04-17 09:22:29,156922,152197,转化成本偏高,渠道运营06
BA000342,ADC00091,2026-07-17 03:10:23,146764,98223,阶段性加量,渠道运营07
BA000343,ADC00079,2026-03-22 06:08:01,156156,198052,阶段性加量,渠道运营08
BA000344,ADC00082,2026-04-06 15:33:37,77397,62731,素材衰退,渠道运营01
BA000345,ADC00086,2026-01-29 05:32:13,221283,161337,转化成本偏高,渠道运营02
BA000346,ADC00097,2026-03-14 10:35:00,94362,106526,留存质量较好,渠道运营03
BA000347,ADC00084,2026-02-21 06:04:02,69425,85082,阶段性加量,渠道运营04
BA000348,ADC00019,2026-07-03 13:24:05,241679,215050,转化成本偏高,渠道运营05
BA000349,ADC00048,2026-01-29 12:55:38,84606,90890,留存质量较好,渠道运营06
BA000350,ADC00029,2026-05-15 06:19:53,137551,140287,素材衰退,渠道运营07
BA000351,ADC00042,2026-03-28 16:25:17,186366,199005,转化成本偏高,渠道运营08
BA000352,ADC00028,2026-06-10 22:53:13,169677,164587,留存质量较好,渠道运营01
BA000353,ADC00080,2026-05-15 09:56:00,247137,235707,素材衰退,渠道运营02
BA000354,ADC00093,2026-07-24 05:22:35,182268,119874,素材衰退,渠道运营03
BA000355,ADC00027,2026-06-26 06:14:05,128491,155539,转化成本偏高,渠道运营04
BA000356,ADC00043,2026-05-25 08:09:17,85886,86074,阶段性加量,渠道运营05
BA000357,ADC00075,2026-05-05 07:27:19,176772,196447,阶段性加量,渠道运营06
BA000358,ADC00044,2026-05-21 16:23:47,164337,199643,转化成本偏高,渠道运营07
BA000359,ADC00064,2026-03-16 10:27:16,204874,179967,转化成本偏高,渠道运营08
BA000360,ADC00046,2026-05-24 15:55:39,35298,47984,转化成本偏高,渠道运营01
BA000361,ADC00028,2026-06-09 00:23:44,169677,223248,转化成本偏高,渠道运营02
BA000362,ADC00019,2026-07-28 05:24:38,241679,190067,素材衰退,渠道运营03
BA000363,ADC00090,2026-06-09 02:43:31,41011,59225,转化成本偏高,渠道运营04
BA000364,ADC00068,2026-02-28 07:52:20,129408,175233,转化成本偏高,渠道运营05
BA000365,ADC00085,2026-03-09 13:23:06,89912,102476,素材衰退,渠道运营06
BA000366,ADC00043,2026-05-29 13:46:06,85886,114244,阶段性加量,渠道运营07
BA000367,ADC00075,2026-03-31 12:09:31,176772,252705,留存质量较好,渠道运营08
BA000368,ADC00090,2026-08-01 01:56:10,41011,42228,留存质量较好,渠道运营01
BA000369,ADC00039,2026-03-11 21:29:18,190797,271314,阶段性加量,渠道运营02
BA000370,ADC00010,2026-07-02 01:37:12,166048,179974,留存质量较好,渠道运营03
BA000371,ADC00005,2026-04-22 13:06:47,55969,72081,阶段性加量,渠道运营04
BA000372,ADC00006,2026-04-27 10:31:50,247276,201390,留存质量较好,渠道运营05
BA000373,ADC00036,2026-06-13 01:12:26,122832,149773,转化成本偏高,渠道运营06
BA000374,ADC00060,2026-02-27 22:47:38,55084,48122,素材衰退,渠道运营07
BA000375,ADC00064,2026-03-26 01:51:28,204874,290130,留存质量较好,渠道运营08
BA000376,ADC00092,2026-05-17 10:57:53,192262,152162,阶段性加量,渠道运营01
BA000377,ADC00033,2026-05-06 00:02:15,91669,71257,阶段性加量,渠道运营02
BA000378,ADC00048,2026-02-04 00:29:42,84606,120204,转化成本偏高,渠道运营03
BA000379,ADC00098,2026-06-16 23:34:39,37979,48770,留存质量较好,渠道运营04
BA000380,ADC00032,2026-02-25 02:58:08,199888,207604,素材衰退,渠道运营05
BA000381,ADC00054,2026-01-07 11:27:43,78922,85410,阶段性加量,渠道运营06
BA000382,ADC00038,2026-06-26 15:55:18,42195,35266,素材衰退,渠道运营07
BA000383,ADC00059,2026-08-11 03:57:31,134982,113546,素材衰退,渠道运营08
BA000384,ADC00018,2026-05-17 10:55:26,73557,70789,阶段性加量,渠道运营01
BA000385,ADC00096,2026-04-14 18:12:43,142909,203360,留存质量较好,渠道运营02
BA000386,ADC00060,2026-03-11 17:06:12,55084,37103,转化成本偏高,渠道运营03
BA000387,ADC00045,2026-05-27 11:43:08,185571,234722,阶段性加量,渠道运营04
BA000388,ADC00058,2026-08-06 11:35:44,115556,153370,阶段性加量,渠道运营05
BA000389,ADC00054,2026-02-23 16:32:56,78922,111547,阶段性加量,渠道运营06
BA000390,ADC00079,2026-02-09 03:40:53,156156,217514,素材衰退,渠道运营07
BA000391,ADC00063,2026-07-14 23:20:24,153514,115938,留存质量较好,渠道运营08
BA000392,ADC00013,2026-05-29 12:48:46,189759,196126,留存质量较好,渠道运营01
BA000393,ADC00075,2026-05-25 04:39:31,176772,153569,留存质量较好,渠道运营02
BA000394,ADC00030,2026-04-30 12:04:20,74718,86465,转化成本偏高,渠道运营03
BA000395,ADC00078,2026-06-16 08:27:25,246579,352360,转化成本偏高,渠道运营04
BA000396,ADC00024,2026-04-14 22:09:37,81180,100106,转化成本偏高,渠道运营05
BA000397,ADC00080,2026-04-15 03:20:04,247137,263634,素材衰退,渠道运营06
BA000398,ADC00057,2026-06-21 03:44:03,247364,314125,阶段性加量,渠道运营07
BA000399,ADC00060,2026-02-26 20:00:36,55084,60254,阶段性加量,渠道运营08
BA000400,ADC00069,2026-03-25 17:41:13,250021,298751,留存质量较好,渠道运营01
BA000401,ADC00022,2026-06-17 01:48:39,114853,96213,阶段性加量,渠道运营02
BA000402,ADC00064,2026-03-22 18:13:17,204874,166095,阶段性加量,渠道运营03
BA000403,ADC00078,2026-06-27 12:41:28,246579,339434,阶段性加量,渠道运营04
BA000404,ADC00092,2026-05-08 07:37:27,192262,179776,转化成本偏高,渠道运营05
BA000405,ADC00001,2026-05-13 21:55:59,88175,69399,阶段性加量,渠道运营06
BA000406,ADC00089,2026-05-03 08:24:45,222334,212827,阶段性加量,渠道运营07
BA000407,ADC00018,2026-04-22 21:00:23,73557,75817,留存质量较好,渠道运营08
BA000408,ADC00033,2026-05-16 06:51:37,91669,63130,留存质量较好,渠道运营01
BA000409,ADC00036,2026-07-29 14:48:09,122832,140556,留存质量较好,渠道运营02
BA000410,ADC00033,2026-05-15 05:34:14,91669,108690,转化成本偏高,渠道运营03
BA000411,ADC00087,2026-03-18 11:03:05,129307,136241,留存质量较好,渠道运营04
BA000412,ADC00092,2026-03-22 03:10:58,192262,227663,转化成本偏高,渠道运营05
BA000413,ADC00100,2026-03-30 19:09:54,211433,216319,转化成本偏高,渠道运营06
BA000414,ADC00098,2026-06-12 21:08:40,37979,36528,转化成本偏高,渠道运营07
BA000415,ADC00090,2026-07-18 01:55:31,41011,46891,转化成本偏高,渠道运营08
BA000416,ADC00046,2026-06-28 21:11:54,35298,23742,留存质量较好,渠道运营01
BA000417,ADC00073,2026-06-24 15:04:27,159673,197067,留存质量较好,渠道运营02
BA000418,ADC00065,2026-03-06 00:47:44,235092,258789,留存质量较好,渠道运营03
BA000419,ADC00048,2026-04-10 22:31:42,84606,95513,素材衰退,渠道运营04
BA000420,ADC00096,2026-04-27 18:03:51,142909,148926,留存质量较好,渠道运营05
BA000421,ADC00050,2026-02-15 21:04:10,228125,228506,转化成本偏高,渠道运营06
BA000422,ADC00080,2026-04-21 20:48:49,247137,220365,阶段性加量,渠道运营07
BA000423,ADC00068,2026-03-14 03:29:38,129408,146961,留存质量较好,渠道运营08
BA000424,ADC00042,2026-03-01 22:59:13,186366,199996,素材衰退,渠道运营01
BA000425,ADC00082,2026-05-07 21:15:12,77397,88125,转化成本偏高,渠道运营02
BA000426,ADC00083,2026-06-04 13:41:31,83763,57425,转化成本偏高,渠道运营03
BA000427,ADC00053,2026-05-08 10:01:04,81333,86097,转化成本偏高,渠道运营04
BA000428,ADC00061,2026-04-05 01:35:55,145037,95265,留存质量较好,渠道运营05
BA000429,ADC00038,2026-06-21 06:01:49,42195,40222,阶段性加量,渠道运营06
BA000430,ADC00037,2026-05-30 04:19:56,158506,133712,转化成本偏高,渠道运营07
BA000431,ADC00060,2026-02-25 13:48:25,55084,73262,阶段性加量,渠道运营08
BA000432,ADC00010,2026-06-11 03:55:11,166048,226323,转化成本偏高,渠道运营01
BA000433,ADC00096,2026-04-17 12:43:35,142909,188461,阶段性加量,渠道运营02
BA000434,ADC00081,2026-04-22 14:59:09,156922,138651,转化成本偏高,渠道运营03
BA000435,ADC00018,2026-05-20 11:45:08,73557,69686,留存质量较好,渠道运营04
BA000436,ADC00066,2026-05-15 14:41:51,120743,102987,阶段性加量,渠道运营05
BA000437,ADC00038,2026-07-03 10:06:16,42195,29050,转化成本偏高,渠道运营06
BA000438,ADC00092,2026-05-07 17:12:57,192262,192731,转化成本偏高,渠道运营07
BA000439,ADC00088,2026-05-16 16:53:04,55905,39182,留存质量较好,渠道运营08
BA000440,ADC00063,2026-06-29 23:43:34,153514,145378,阶段性加量,渠道运营01
BA000441,ADC00075,2026-04-14 14:33:03,176772,196633,转化成本偏高,渠道运营02
BA000442,ADC00100,2026-03-26 00:39:50,211433,199487,留存质量较好,渠道运营03
BA000443,ADC00005,2026-03-16 04:37:54,55969,41127,阶段性加量,渠道运营04
BA000444,ADC00096,2026-03-22 05:51:13,142909,159368,素材衰退,渠道运营05
BA000445,ADC00076,2026-02-23 09:55:06,37275,32516,转化成本偏高,渠道运营06
BA000446,ADC00040,2026-06-29 12:48:23,206930,284711,留存质量较好,渠道运营07
BA000447,ADC00027,2026-06-01 09:22:50,128491,110696,转化成本偏高,渠道运营08
BA000448,ADC00078,2026-06-23 02:39:34,246579,237591,阶段性加量,渠道运营01
BA000449,ADC00009,2026-05-15 01:47:03,248217,265688,转化成本偏高,渠道运营02
BA000450,ADC00024,2026-04-09 03:02:18,81180,111357,留存质量较好,渠道运营03
BA000451,ADC00009,2026-04-05 07:27:36,248217,344146,阶段性加量,渠道运营04
BA000452,ADC00033,2026-05-19 17:28:36,91669,108577,素材衰退,渠道运营05
BA000453,ADC00007,2026-05-09 16:31:04,46043,66161,转化成本偏高,渠道运营06
BA000454,ADC00100,2026-03-07 01:07:31,211433,170496,素材衰退,渠道运营07
BA000455,ADC00066,2026-05-15 02:58:21,120743,148485,转化成本偏高,渠道运营08
BA000456,ADC00011,2026-03-26 10:21:24,182749,186892,转化成本偏高,渠道运营01
BA000457,ADC00087,2026-03-08 15:01:30,129307,137072,素材衰退,渠道运营02
BA000458,ADC00021,2026-05-30 01:51:46,100866,131533,阶段性加量,渠道运营03
BA000459,ADC00029,2026-07-21 01:26:08,137551,94816,素材衰退,渠道运营04
BA000460,ADC00026,2026-06-24 13:00:32,189899,204197,留存质量较好,渠道运营05
BA000461,ADC00075,2026-03-29 05:34:00,176772,144955,留存质量较好,渠道运营06
BA000462,ADC00034,2026-03-20 22:52:12,58225,63392,转化成本偏高,渠道运营07
BA000463,ADC00094,2026-03-07 21:39:23,84603,84950,素材衰退,渠道运营08
BA000464,ADC00050,2026-03-29 01:22:42,228125,175162,转化成本偏高,渠道运营01
BA000465,ADC00057,2026-06-10 04:06:18,247364,223861,转化成本偏高,渠道运营02
BA000466,ADC00080,2026-05-08 16:36:24,247137,326099,留存质量较好,渠道运营03
BA000467,ADC00067,2026-04-18 20:17:08,94903,121798,留存质量较好,渠道运营04
BA000468,ADC00034,2026-04-11 13:39:08,58225,78958,转化成本偏高,渠道运营05
BA000469,ADC00050,2026-03-04 14:34:06,228125,228287,留存质量较好,渠道运营06
BA000470,ADC00065,2026-03-01 13:44:11,235092,246395,留存质量较好,渠道运营07
BA000471,ADC00075,2026-03-30 14:15:05,176772,151396,转化成本偏高,渠道运营08
BA000472,ADC00093,2026-08-18 19:07:06,182268,237376,转化成本偏高,渠道运营01
BA000473,ADC00074,2026-06-06 03:42:10,104337,98552,转化成本偏高,渠道运营02
BA000474,ADC00031,2026-03-11 11:38:29,112685,111898,留存质量较好,渠道运营03
BA000475,ADC00075,2026-04-21 21:32:47,176772,189514,转化成本偏高,渠道运营04
BA000476,ADC00002,2026-02-26 12:35:35,125679,95204,转化成本偏高,渠道运营05
BA000477,ADC00011,2026-03-16 21:44:58,182749,156529,转化成本偏高,渠道运营06
BA000478,ADC00056,2026-04-02 16:47:07,232275,179203,素材衰退,渠道运营07
BA000479,ADC00056,2026-03-03 15:37:14,232275,287158,素材衰退,渠道运营08
BA000480,ADC00098,2026-06-10 05:13:51,37979,34432,阶段性加量,渠道运营01
BA000481,ADC00004,2026-02-17 02:44:53,127554,168876,转化成本偏高,渠道运营02
BA000482,ADC00093,2026-06-21 17:17:19,182268,199128,转化成本偏高,渠道运营03
BA000483,ADC00036,2026-07-03 22:42:10,122832,105520,转化成本偏高,渠道运营04
BA000484,ADC00051,2026-07-01 12:20:12,58795,65351,素材衰退,渠道运营05
BA000485,ADC00031,2026-03-20 07:47:12,112685,109037,留存质量较好,渠道运营06
BA000486,ADC00002,2026-02-23 22:46:12,125679,91109,转化成本偏高,渠道运营07
BA000487,ADC00085,2026-02-27 08:51:46,89912,104646,素材衰退,渠道运营08
BA000488,ADC00074,2026-05-11 09:05:06,104337,99057,素材衰退,渠道运营01
BA000489,ADC00054,2026-01-14 00:46:02,78922,95599,阶段性加量,渠道运营02
BA000490,ADC00036,2026-05-12 06:45:27,122832,155249,阶段性加量,渠道运营03
BA000491,ADC00065,2026-02-28 02:46:43,235092,153988,阶段性加量,渠道运营04
BA000492,ADC00022,2026-05-26 20:09:05,114853,78198,转化成本偏高,渠道运营05
BA000493,ADC00020,2026-05-07 11:33:29,181763,193061,转化成本偏高,渠道运营06
BA000494,ADC00044,2026-05-21 03:19:25,164337,152350,留存质量较好,渠道运营07
BA000495,ADC00085,2026-01-27 03:06:39,89912,87181,留存质量较好,渠道运营08
BA000496,ADC00074,2026-04-29 12:14:46,104337,105494,转化成本偏高,渠道运营01
BA000497,ADC00079,2026-02-17 12:17:04,156156,219698,留存质量较好,渠道运营02
BA000498,ADC00015,2026-03-06 15:00:04,258566,253765,转化成本偏高,渠道运营03
BA000499,ADC00082,2026-04-07 16:53:04,77397,77070,转化成本偏高,渠道运营04
BA000500,ADC00048,2026-04-12 20:10:15,84606,115376,阶段性加量,渠道运营05
BA000501,ADC00024,2026-04-01 01:06:55,81180,96683,素材衰退,渠道运营06
BA000502,ADC00098,2026-05-24 08:49:57,37979,54799,素材衰退,渠道运营07
BA000503,ADC00008,2026-02-08 23:33:38,47633,38399,转化成本偏高,渠道运营08
BA000504,ADC00021,2026-05-04 17:52:31,100866,93658,阶段性加量,渠道运营01
BA000505,ADC00035,2026-06-04 16:14:29,116320,83539,素材衰退,渠道运营02
BA000506,ADC00060,2026-03-11 20:54:55,55084,45565,素材衰退,渠道运营03
BA000507,ADC00014,2026-03-15 18:56:00,45041,38090,素材衰退,渠道运营04
BA000508,ADC00027,2026-06-25 21:45:01,128491,169429,转化成本偏高,渠道运营05
BA000509,ADC00022,2026-06-05 19:37:51,114853,114410,阶段性加量,渠道运营06
BA000510,ADC00018,2026-05-02 00:07:34,73557,93181,阶段性加量,渠道运营07
BA000511,ADC00025,2026-06-23 00:34:47,173049,165690,留存质量较好,渠道运营08
BA000512,ADC00061,2026-03-17 18:11:15,145037,124501,留存质量较好,渠道运营01
BA000513,ADC00093,2026-08-24 05:48:37,182268,180303,转化成本偏高,渠道运营02
BA000514,ADC00049,2026-07-06 22:52:39,167648,164656,阶段性加量,渠道运营03
BA000515,ADC00011,2026-04-30 19:59:49,182749,262347,留存质量较好,渠道运营04
BA000516,ADC00028,2026-03-22 10:07:23,169677,205477,素材衰退,渠道运营05
BA000517,ADC00019,2026-07-19 16:40:25,241679,229659,留存质量较好,渠道运营06
BA000518,ADC00065,2026-03-19 11:25:56,235092,260351,阶段性加量,渠道运营07
BA000519,ADC00095,2026-07-04 12:17:25,149030,99770,素材衰退,渠道运营08
BA000520,ADC00094,2026-03-28 04:01:33,84603,91059,留存质量较好,渠道运营01
BA000521,ADC00088,2026-05-07 11:54:24,55905,72447,留存质量较好,渠道运营02
BA000522,ADC00008,2026-02-24 11:27:57,47633,51584,留存质量较好,渠道运营03
BA000523,ADC00033,2026-06-07 21:30:34,91669,83155,素材衰退,渠道运营04
BA000524,ADC00099,2026-06-02 16:46:29,90092,115387,留存质量较好,渠道运营05
BA000525,ADC00006,2026-04-21 02:04:55,247276,290869,转化成本偏高,渠道运营06
BA000526,ADC00068,2026-03-16 10:46:07,129408,170403,转化成本偏高,渠道运营07
BA000527,ADC00070,2026-05-01 08:48:32,255137,192393,阶段性加量,渠道运营08
BA000528,ADC00067,2026-04-05 03:28:20,94903,117879,转化成本偏高,渠道运营01
BA000529,ADC00015,2026-02-28 08:30:57,258566,213902,留存质量较好,渠道运营02
BA000530,ADC00054,2026-02-08 12:58:56,78922,106555,转化成本偏高,渠道运营03
BA000531,ADC00060,2026-02-12 10:59:53,55084,47388,素材衰退,渠道运营04
BA000532,ADC00043,2026-06-07 06:24:33,85886,91531,留存质量较好,渠道运营05
BA000533,ADC00038,2026-07-03 23:39:35,42195,37936,转化成本偏高,渠道运营06
BA000534,ADC00002,2026-04-29 14:12:55,125679,95486,留存质量较好,渠道运营07
BA000535,ADC00063,2026-06-14 14:32:28,153514,184828,转化成本偏高,渠道运营08
BA000536,ADC00093,2026-07-17 08:58:30,182268,181997,转化成本偏高,渠道运营01
BA000537,ADC00095,2026-07-04 14:35:31,149030,130151,素材衰退,渠道运营02
BA000538,ADC00051,2026-06-12 13:40:04,58795,83569,素材衰退,渠道运营03
BA000539,ADC00045,2026-05-12 00:59:53,185571,211483,阶段性加量,渠道运营04
BA000540,ADC00019,2026-08-05 12:29:23,241679,277289,转化成本偏高,渠道运营05
BA000541,ADC00048,2026-03-24 17:59:25,84606,85204,素材衰退,渠道运营06
BA000542,ADC00096,2026-04-18 04:28:20,142909,189476,留存质量较好,渠道运营07
BA000543,ADC00005,2026-04-23 07:34:09,55969,67650,转化成本偏高,渠道运营08
BA000544,ADC00038,2026-06-12 22:25:50,42195,51699,转化成本偏高,渠道运营01
BA000545,ADC00029,2026-07-07 12:00:08,137551,135627,阶段性加量,渠道运营02
BA000546,ADC00077,2026-04-26 07:39:30,96135,111445,素材衰退,渠道运营03
BA000547,ADC00015,2026-02-08 09:28:28,258566,247946,素材衰退,渠道运营04
BA000548,ADC00046,2026-05-26 03:25:35,35298,42404,素材衰退,渠道运营05
BA000549,ADC00025,2026-08-01 08:56:29,173049,185832,阶段性加量,渠道运营06
BA000550,ADC00036,2026-08-02 12:27:03,122832,128665,阶段性加量,渠道运营07
BA000551,ADC00058,2026-08-11 19:37:20,115556,130717,素材衰退,渠道运营08
BA000552,ADC00064,2026-03-13 13:04:03,204874,296134,留存质量较好,渠道运营01
BA000553,ADC00059,2026-06-17 04:50:15,134982,121816,阶段性加量,渠道运营02
BA000554,ADC00009,2026-03-18 17:05:17,248217,334879,阶段性加量,渠道运营03
BA000555,ADC00081,2026-04-20 07:35:56,156922,222483,留存质量较好,渠道运营04
BA000556,ADC00014,2026-03-25 07:19:52,45041,55471,转化成本偏高,渠道运营05
BA000557,ADC00012,2026-04-01 01:05:56,79511,102173,留存质量较好,渠道运营06
BA000558,ADC00067,2026-05-05 13:08:45,94903,102169,转化成本偏高,渠道运营07
BA000559,ADC00094,2026-02-24 19:14:53,84603,65942,素材衰退,渠道运营08
BA000560,ADC00052,2026-03-07 10:45:32,110371,121836,转化成本偏高,渠道运营01
BA000561,ADC00045,2026-05-19 21:01:53,185571,148638,素材衰退,渠道运营02
BA000562,ADC00041,2026-06-26 16:17:48,237970,344718,阶段性加量,渠道运营03
BA000563,ADC00075,2026-04-18 08:03:49,176772,151955,素材衰退,渠道运营04
BA000564,ADC00058,2026-06-19 08:03:57,115556,127249,转化成本偏高,渠道运营05
BA000565,ADC00035,2026-05-13 15:03:24,116320,100406,转化成本偏高,渠道运营06
BA000566,ADC00075,2026-05-15 22:42:08,176772,139002,留存质量较好,渠道运营07
BA000567,ADC00048,2026-03-04 16:57:09,84606,101984,素材衰退,渠道运营08
BA000568,ADC00042,2026-03-23 05:08:31,186366,186716,留存质量较好,渠道运营01
BA000569,ADC00050,2026-02-20 16:52:43,228125,311051,转化成本偏高,渠道运营02
BA000570,ADC00005,2026-02-24 21:03:32,55969,77240,阶段性加量,渠道运营03
BA000571,ADC00048,2026-02-09 22:53:05,84606,70473,阶段性加量,渠道运营04
BA000572,ADC00020,2026-03-13 23:27:04,181763,157218,留存质量较好,渠道运营05
BA000573,ADC00095,2026-07-02 16:52:13,149030,165112,阶段性加量,渠道运营06
BA000574,ADC00098,2026-06-11 20:24:42,37979,27378,留存质量较好,渠道运营07
BA000575,ADC00049,2026-05-23 03:01:08,167648,150073,留存质量较好,渠道运营08
BA000576,ADC00090,2026-07-16 06:04:45,41011,58626,素材衰退,渠道运营01
BA000577,ADC00009,2026-04-12 16:08:30,248217,328216,留存质量较好,渠道运营02
BA000578,ADC00056,2026-04-02 20:58:03,232275,193671,转化成本偏高,渠道运营03
BA000579,ADC00066,2026-04-21 01:13:14,120743,166441,转化成本偏高,渠道运营04
BA000580,ADC00073,2026-05-27 05:06:48,159673,167270,素材衰退,渠道运营05
BA000581,ADC00040,2026-06-02 19:29:03,206930,201652,留存质量较好,渠道运营06
BA000582,ADC00058,2026-07-09 20:39:15,115556,155553,转化成本偏高,渠道运营07
BA000583,ADC00070,2026-04-26 16:35:57,255137,166034,留存质量较好,渠道运营08
BA000584,ADC00098,2026-05-23 20:14:23,37979,44788,留存质量较好,渠道运营01
BA000585,ADC00051,2026-07-02 11:02:28,58795,56590,留存质量较好,渠道运营02
BA000586,ADC00046,2026-05-29 06:59:20,35298,32819,留存质量较好,渠道运营03
BA000587,ADC00098,2026-05-15 01:27:17,37979,44319,素材衰退,渠道运营04
BA000588,ADC00011,2026-04-25 05:47:45,182749,227730,转化成本偏高,渠道运营05
BA000589,ADC00065,2026-03-05 00:29:49,235092,236682,转化成本偏高,渠道运营06
BA000590,ADC00010,2026-06-24 02:03:05,166048,142133,转化成本偏高,渠道运营07
BA000591,ADC00093,2026-08-15 15:00:03,182268,201056,阶段性加量,渠道运营08
BA000592,ADC00057,2026-06-03 15:50:57,247364,251347,素材衰退,渠道运营01
BA000593,ADC00093,2026-06-20 13:18:55,182268,140917,留存质量较好,渠道运营02
BA000594,ADC00060,2026-03-05 16:12:27,55084,73138,阶段性加量,渠道运营03
BA000595,ADC00086,2026-02-23 00:55:34,221283,242669,素材衰退,渠道运营04
BA000596,ADC00076,2026-02-13 08:24:12,37275,53025,留存质量较好,渠道运营05
BA000597,ADC00073,2026-06-04 16:13:09,159673,229359,阶段性加量,渠道运营06
BA000598,ADC00031,2026-03-29 01:03:04,112685,154550,转化成本偏高,渠道运营07
BA000599,ADC00049,2026-06-09 10:10:25,167648,238709,阶段性加量,渠道运营08
BA000600,ADC00097,2026-03-28 11:43:21,94362,117131,素材衰退,渠道运营01
BA000601,ADC00013,2026-04-17 10:53:16,189759,145113,转化成本偏高,渠道运营02
BA000602,ADC00034,2026-03-09 04:35:49,58225,54924,素材衰退,渠道运营03
BA000603,ADC00075,2026-04-11 23:47:56,176772,152552,素材衰退,渠道运营04
BA000604,ADC00070,2026-04-06 20:16:15,255137,299626,留存质量较好,渠道运营05
BA000605,ADC00065,2026-03-31 13:51:51,235092,173099,素材衰退,渠道运营06
BA000606,ADC00005,2026-03-14 07:16:33,55969,41566,留存质量较好,渠道运营07
BA000607,ADC00006,2026-04-20 07:46:19,247276,293360,转化成本偏高,渠道运营08
BA000608,ADC00020,2026-03-25 11:22:00,181763,175447,素材衰退,渠道运营01
BA000609,ADC00064,2026-03-21 04:19:25,204874,233075,留存质量较好,渠道运营02
BA000610,ADC00058,2026-07-27 04:39:45,115556,129639,阶段性加量,渠道运营03
BA000611,ADC00031,2026-04-01 15:21:25,112685,92077,转化成本偏高,渠道运营04
BA000612,ADC00096,2026-04-10 07:40:06,142909,186259,阶段性加量,渠道运营05
BA000613,ADC00002,2026-05-02 03:20:26,125679,162528,转化成本偏高,渠道运营06
BA000614,ADC00094,2026-03-16 02:59:41,84603,108705,阶段性加量,渠道运营07
BA000615,ADC00067,2026-03-09 23:50:19,94903,112365,阶段性加量,渠道运营08
BA000616,ADC00094,2026-03-07 08:13:22,84603,80612,阶段性加量,渠道运营01
BA000617,ADC00014,2026-02-16 18:11:01,45041,64233,留存质量较好,渠道运营02
BA000618,ADC00012,2026-03-14 21:53:42,79511,101681,转化成本偏高,渠道运营03
BA000619,ADC00061,2026-02-23 08:12:25,145037,148264,留存质量较好,渠道运营04
BA000620,ADC00073,2026-05-27 04:34:33,159673,186654,留存质量较好,渠道运营05
BA000621,ADC00095,2026-06-12 08:00:30,149030,116695,阶段性加量,渠道运营06
BA000622,ADC00074,2026-05-02 23:37:56,104337,102682,阶段性加量,渠道运营07
BA000623,ADC00058,2026-07-05 23:03:22,115556,78735,留存质量较好,渠道运营08
BA000624,ADC00078,2026-07-08 14:28:19,246579,266618,阶段性加量,渠道运营01
BA000625,ADC00054,2026-01-26 14:31:13,78922,90977,留存质量较好,渠道运营02
BA000626,ADC00038,2026-07-06 12:35:36,42195,43981,转化成本偏高,渠道运营03
BA000627,ADC00043,2026-06-08 10:48:03,85886,90580,素材衰退,渠道运营04
BA000628,ADC00078,2026-06-28 12:13:36,246579,268118,留存质量较好,渠道运营05
BA000629,ADC00080,2026-04-17 12:49:05,247137,358192,转化成本偏高,渠道运营06
BA000630,ADC00047,2026-03-20 13:23:16,54444,70483,转化成本偏高,渠道运营07
BA000631,ADC00089,2026-04-23 19:41:08,222334,321658,留存质量较好,渠道运营08
BA000632,ADC00009,2026-04-25 23:23:03,248217,240030,留存质量较好,渠道运营01
BA000633,ADC00041,2026-07-24 19:33:14,237970,185475,转化成本偏高,渠道运营02
BA000634,ADC00028,2026-04-05 05:23:37,169677,237028,留存质量较好,渠道运营03
BA000635,ADC00063,2026-06-16 19:57:06,153514,148462,素材衰退,渠道运营04
BA000636,ADC00068,2026-03-17 03:08:47,129408,165899,素材衰退,渠道运营05
BA000637,ADC00072,2026-07-13 12:35:18,95831,109693,阶段性加量,渠道运营06
BA000638,ADC00095,2026-06-15 01:40:17,149030,120784,留存质量较好,渠道运营07
BA000639,ADC00016,2026-03-25 17:05:21,138797,196339,素材衰退,渠道运营08
BA000640,ADC00087,2026-02-14 21:27:03,129307,88138,素材衰退,渠道运营01
BA000641,ADC00091,2026-07-14 00:24:32,146764,144236,素材衰退,渠道运营02
BA000642,ADC00075,2026-05-19 13:26:12,176772,132009,阶段性加量,渠道运营03
BA000643,ADC00031,2026-03-23 20:56:48,112685,149756,转化成本偏高,渠道运营04
BA000644,ADC00034,2026-03-15 09:50:35,58225,62203,留存质量较好,渠道运营05
BA000645,ADC00015,2026-02-25 11:25:27,258566,170285,转化成本偏高,渠道运营06
BA000646,ADC00026,2026-06-05 07:04:42,189899,258961,阶段性加量,渠道运营07
BA000647,ADC00035,2026-06-01 18:35:12,116320,155530,阶段性加量,渠道运营08
BA000648,ADC00047,2026-03-05 23:38:37,54444,78693,阶段性加量,渠道运营01
BA000649,ADC00002,2026-02-16 18:41:53,125679,115023,阶段性加量,渠道运营02
BA000650,ADC00016,2026-01-23 01:48:40,138797,137355,素材衰退,渠道运营03
BA000651,ADC00042,2026-02-14 08:20:33,186366,239569,阶段性加量,渠道运营04
BA000652,ADC00065,2026-02-24 05:49:39,235092,183184,留存质量较好,渠道运营05
BA000653,ADC00083,2026-06-11 19:39:20,83763,68979,素材衰退,渠道运营06
BA000654,ADC00011,2026-04-06 12:15:19,182749,234986,转化成本偏高,渠道运营07
BA000655,ADC00031,2026-03-25 23:13:26,112685,109167,素材衰退,渠道运营08
BA000656,ADC00010,2026-05-26 22:06:01,166048,188185,转化成本偏高,渠道运营01
BA000657,ADC00096,2026-04-21 13:02:07,142909,124581,转化成本偏高,渠道运营02
BA000658,ADC00054,2026-03-12 19:02:43,78922,113183,阶段性加量,渠道运营03
BA000659,ADC00068,2026-02-19 14:56:05,129408,167348,素材衰退,渠道运营04
BA000660,ADC00027,2026-07-12 21:48:17,128491,108267,转化成本偏高,渠道运营05
BA000661,ADC00019,2026-06-29 21:44:12,241679,261587,转化成本偏高,渠道运营06
BA000662,ADC00040,2026-06-23 21:22:37,206930,265563,素材衰退,渠道运营07
BA000663,ADC00076,2026-02-14 22:42:58,37275,46948,留存质量较好,渠道运营08
BA000664,ADC00013,2026-04-03 01:20:07,189759,136277,留存质量较好,渠道运营01
BA000665,ADC00010,2026-07-02 03:17:39,166048,142675,阶段性加量,渠道运营02
BA000666,ADC00090,2026-06-05 18:00:48,41011,58125,留存质量较好,渠道运营03
BA000667,ADC00090,2026-06-15 11:44:03,41011,42347,转化成本偏高,渠道运营04
BA000668,ADC00020,2026-03-14 12:08:22,181763,122176,留存质量较好,渠道运营05
BA000669,ADC00060,2026-03-04 02:11:13,55084,77473,转化成本偏高,渠道运营06
BA000670,ADC00051,2026-06-13 13:27:19,58795,54539,转化成本偏高,渠道运营07
BA000671,ADC00005,2026-03-23 22:04:34,55969,49330,阶段性加量,渠道运营08
BA000672,ADC00041,2026-08-13 02:41:17,237970,248577,阶段性加量,渠道运营01
BA000673,ADC00007,2026-05-25 12:08:40,46043,44766,留存质量较好,渠道运营02
BA000674,ADC00069,2026-05-12 16:12:06,250021,234473,留存质量较好,渠道运营03
BA000675,ADC00020,2026-04-07 00:37:50,181763,190518,留存质量较好,渠道运营04
BA000676,ADC00003,2026-05-13 06:00:31,31079,40201,转化成本偏高,渠道运营05
BA000677,ADC00054,2026-01-04 21:30:41,78922,82282,转化成本偏高,渠道运营06
BA000678,ADC00035,2026-05-31 21:31:34,116320,100618,素材衰退,渠道运营07
BA000679,ADC00032,2026-02-07 06:26:19,199888,191873,转化成本偏高,渠道运营08
BA000680,ADC00075,2026-05-23 23:42:39,176772,128804,阶段性加量,渠道运营01
BA000681,ADC00085,2026-01-31 21:59:49,89912,61262,转化成本偏高,渠道运营02
BA000682,ADC00085,2026-02-23 23:01:50,89912,113397,阶段性加量,渠道运营03
BA000683,ADC00017,2026-03-29 06:44:09,60551,57520,阶段性加量,渠道运营04
BA000684,ADC00045,2026-05-08 02:46:22,185571,228929,阶段性加量,渠道运营05
BA000685,ADC00067,2026-04-14 13:08:12,94903,130255,转化成本偏高,渠道运营06
BA000686,ADC00043,2026-05-22 07:57:46,85886,120990,留存质量较好,渠道运营07
BA000687,ADC00065,2026-03-30 00:54:52,235092,192012,转化成本偏高,渠道运营08
BA000688,ADC00002,2026-03-20 17:04:42,125679,81999,素材衰退,渠道运营01
BA000689,ADC00099,2026-05-18 04:13:08,90092,82023,转化成本偏高,渠道运营02
BA000690,ADC00084,2026-05-02 16:16:40,69425,86156,阶段性加量,渠道运营03
BA000691,ADC00093,2026-08-12 15:13:25,182268,163200,素材衰退,渠道运营04
BA000692,ADC00020,2026-03-16 15:10:38,181763,198674,留存质量较好,渠道运营05
BA000693,ADC00086,2026-02-03 22:46:10,221283,258398,阶段性加量,渠道运营06
BA000694,ADC00049,2026-05-01 04:04:23,167648,177954,阶段性加量,渠道运营07
BA000695,ADC00042,2026-04-01 13:57:42,186366,194705,阶段性加量,渠道运营08
BA000696,ADC00052,2026-03-16 05:25:44,110371,149222,留存质量较好,渠道运营01
BA000697,ADC00058,2026-06-16 12:57:16,115556,101590,阶段性加量,渠道运营02
BA000698,ADC00004,2026-02-26 01:14:57,127554,182729,留存质量较好,渠道运营03
BA000699,ADC00052,2026-03-19 02:05:25,110371,96812,阶段性加量,渠道运营04
BA000700,ADC00086,2026-02-22 04:24:07,221283,179508,阶段性加量,渠道运营05
