creator_id,primary_category_id,follower_count,published_content_count,quality_score,creator_type,snapshot_date
C000001,CAT10,418795,3545,0.7922,个人,2026-08-28
C000002,CAT08,653731,1269,0.4227,个人,2026-08-28
C000003,CAT06,223028,40,0.3744,个人,2026-08-28
C000004,CAT04,969404,3222,0.663,个人,2026-08-28
C000005,CAT02,505902,3425,0.4069,个人,2026-08-28
C000006,CAT10,112660,171,0.3858,个人,2026-08-28
C000007,CAT04,636654,2296,0.268,机构,2026-08-28
C000008,CAT01,345576,3268,0.6445,个人,2026-08-28
C000009,CAT02,687715,1606,0.4538,个人,2026-08-28
C000010,CAT09,499264,3658,0.4473,媒体,2026-08-28
C000011,CAT10,257068,2778,0.5097,个人,2026-08-28
C000012,CAT12,565275,976,0.4925,个人,2026-08-28
C000013,CAT08,213834,2519,0.5803,个人,2026-08-28
C000014,CAT10,463331,229,0.3981,个人,2026-08-28
C000015,CAT10,372182,924,0.6072,个人,2026-08-28
C000016,CAT04,69357,2669,0.3658,个人,2026-08-28
C000017,CAT03,224104,3114,0.3775,个人,2026-08-28
C000018,CAT03,91032,491,0.6966,机构,2026-08-28
C000019,CAT12,1158570,2291,0.7168,个人,2026-08-28
C000020,CAT12,620128,3049,0.5094,个人,2026-08-28
C000021,CAT06,480985,3662,0.3332,个人,2026-08-28
C000022,CAT04,241944,1375,0.9711,个人,2026-08-28
C000023,CAT07,91674,3765,0.5864,媒体,2026-08-28
C000024,CAT11,496400,3252,0.5816,个人,2026-08-28
C000025,CAT04,1071769,3823,0.6381,个人,2026-08-28
C000026,CAT03,64687,2790,0.694,个人,2026-08-28
C000027,CAT12,207971,873,0.2609,个人,2026-08-28
C000028,CAT11,1144110,1055,0.549,个人,2026-08-28
C000029,CAT06,297315,394,0.3799,个人,2026-08-28
C000030,CAT01,376899,630,0.2716,媒体,2026-08-28
C000031,CAT12,962918,2229,0.425,个人,2026-08-28
C000032,CAT03,1138468,2365,0.7162,媒体,2026-08-28
C000033,CAT04,1063954,1019,0.613,个人,2026-08-28
C000034,CAT10,856288,2145,0.8668,机构,2026-08-28
C000035,CAT12,337962,2797,0.2934,个人,2026-08-28
C000036,CAT11,173759,2202,0.6439,个人,2026-08-28
C000037,CAT11,353276,2439,0.628,个人,2026-08-28
C000038,CAT10,967419,1829,0.4972,媒体,2026-08-28
C000039,CAT03,209154,1380,0.7962,个人,2026-08-28
C000040,CAT01,242191,2392,0.4715,个人,2026-08-28
C000041,CAT07,562077,1159,0.3899,机构,2026-08-28
C000042,CAT05,943850,1767,0.6483,个人,2026-08-28
C000043,CAT01,146960,2445,0.8542,个人,2026-08-28
C000044,CAT01,166507,2855,0.98,个人,2026-08-28
C000045,CAT12,17858,1534,0.545,个人,2026-08-28
C000046,CAT01,277599,2020,0.4972,个人,2026-08-28
C000047,CAT06,835329,3206,0.534,媒体,2026-08-28
C000048,CAT09,187887,2022,0.2437,个人,2026-08-28
C000049,CAT06,442681,2503,0.3688,个人,2026-08-28
C000050,CAT02,605891,187,0.3708,个人,2026-08-28
C000051,CAT05,185085,3837,0.5496,机构,2026-08-28
C000052,CAT08,950744,3055,0.5033,个人,2026-08-28
C000053,CAT10,775473,2817,0.6164,媒体,2026-08-28
C000054,CAT03,922999,1246,0.6968,个人,2026-08-28
C000055,CAT08,662091,784,0.5864,机构,2026-08-28
C000056,CAT01,1027046,1361,0.4747,个人,2026-08-28
C000057,CAT04,725703,1417,0.6651,个人,2026-08-28
C000058,CAT09,1005977,3105,0.5421,个人,2026-08-28
C000059,CAT07,835987,1762,0.7877,个人,2026-08-28
C000060,CAT05,112788,332,0.658,个人,2026-08-28
C000061,CAT10,935877,1074,0.4933,个人,2026-08-28
C000062,CAT03,695514,901,0.2832,个人,2026-08-28
C000063,CAT09,859202,1299,0.3256,机构,2026-08-28
C000064,CAT06,154267,1824,0.6884,个人,2026-08-28
C000065,CAT01,704113,1161,0.3204,个人,2026-08-28
C000066,CAT08,32694,1852,0.618,个人,2026-08-28
C000067,CAT01,360382,2945,0.7249,个人,2026-08-28
C000068,CAT12,1035131,2826,0.3364,个人,2026-08-28
C000069,CAT08,597126,1189,0.8445,机构,2026-08-28
C000070,CAT09,67397,2986,0.4057,个人,2026-08-28
C000071,CAT09,42739,2147,0.6483,个人,2026-08-28
C000072,CAT07,305802,483,0.5889,个人,2026-08-28
C000073,CAT02,682117,1352,0.5803,个人,2026-08-28
C000074,CAT06,621932,3959,0.3488,个人,2026-08-28
C000075,CAT01,504530,2955,0.3747,个人,2026-08-28
C000076,CAT01,226242,11,0.3143,个人,2026-08-28
C000077,CAT12,559213,409,0.5782,机构,2026-08-28
C000078,CAT02,641736,1160,0.4101,个人,2026-08-28
C000079,CAT05,155272,2660,0.8022,个人,2026-08-28
C000080,CAT01,822645,2143,0.448,个人,2026-08-28
C000081,CAT12,885852,231,0.4839,个人,2026-08-28
C000082,CAT05,414203,844,0.5376,个人,2026-08-28
C000083,CAT05,93803,479,0.6607,个人,2026-08-28
C000084,CAT09,597369,1789,0.4846,个人,2026-08-28
C000085,CAT03,75842,1764,0.6432,个人,2026-08-28
C000086,CAT12,193648,1521,0.5696,个人,2026-08-28
C000087,CAT09,474842,3017,0.536,个人,2026-08-28
C000088,CAT12,440350,3457,0.6121,个人,2026-08-28
C000089,CAT04,176045,141,0.5673,个人,2026-08-28
C000090,CAT04,1154910,1137,0.4931,机构,2026-08-28
C000091,CAT03,763447,183,0.4564,个人,2026-08-28
C000092,CAT03,921525,3505,0.5146,个人,2026-08-28
C000093,CAT01,124772,3336,0.643,个人,2026-08-28
C000094,CAT01,606386,3438,0.4286,个人,2026-08-28
C000095,CAT03,223773,3481,0.7892,个人,2026-08-28
C000096,CAT09,716457,3640,0.3157,媒体,2026-08-28
C000097,CAT09,47730,1366,0.3455,个人,2026-08-28
C000098,CAT05,911267,344,0.5668,媒体,2026-08-28
C000099,CAT08,587222,414,0.4876,个人,2026-08-28
C000100,CAT12,1154650,1838,0.6361,个人,2026-08-28
C000101,CAT07,232241,613,0.4749,个人,2026-08-28
C000102,CAT05,1103747,351,0.2332,机构,2026-08-28
C000103,CAT09,711702,1853,0.5755,个人,2026-08-28
C000104,CAT09,618463,775,0.7161,个人,2026-08-28
C000105,CAT08,144002,3495,0.98,个人,2026-08-28
C000106,CAT06,315974,2842,0.6581,个人,2026-08-28
C000107,CAT11,558431,779,0.5211,个人,2026-08-28
C000108,CAT09,971535,3175,0.5667,个人,2026-08-28
C000109,CAT03,289981,400,0.3839,个人,2026-08-28
C000110,CAT08,347458,1980,0.8423,个人,2026-08-28
C000111,CAT01,965370,2941,0.7003,个人,2026-08-28
C000112,CAT03,5472,1029,0.8027,个人,2026-08-28
C000113,CAT12,168088,553,0.5159,个人,2026-08-28
C000114,CAT08,901229,2464,0.6189,个人,2026-08-28
C000115,CAT06,346234,1670,0.5434,个人,2026-08-28
C000116,CAT04,206936,1283,0.449,个人,2026-08-28
C000117,CAT06,1031265,324,0.4484,机构,2026-08-28
C000118,CAT10,234848,1474,0.4484,个人,2026-08-28
C000119,CAT07,708807,2427,0.7364,个人,2026-08-28
C000120,CAT03,496785,2925,0.5688,个人,2026-08-28
C000121,CAT02,282645,3791,0.4659,媒体,2026-08-28
C000122,CAT03,774023,403,0.7586,个人,2026-08-28
C000123,CAT02,461274,1216,0.6446,个人,2026-08-28
C000124,CAT06,59472,2669,0.6352,个人,2026-08-28
C000125,CAT09,213967,1281,0.6052,个人,2026-08-28
C000126,CAT08,215562,3551,0.6449,个人,2026-08-28
C000127,CAT11,1164238,2339,0.7298,个人,2026-08-28
C000128,CAT04,187961,839,0.7924,媒体,2026-08-28
C000129,CAT03,1088006,418,0.6216,个人,2026-08-28
C000130,CAT03,427437,627,0.2973,个人,2026-08-28
C000131,CAT03,663567,1976,0.5647,个人,2026-08-28
C000132,CAT05,179519,3136,0.98,个人,2026-08-28
C000133,CAT11,995015,2416,0.8637,个人,2026-08-28
C000134,CAT11,150159,180,0.5149,机构,2026-08-28
C000135,CAT12,716840,3802,0.726,个人,2026-08-28
C000136,CAT11,721401,391,0.5397,个人,2026-08-28
C000137,CAT04,449747,1376,0.4548,个人,2026-08-28
C000138,CAT04,1149386,2109,0.4904,媒体,2026-08-28
C000139,CAT06,422217,1519,0.3674,个人,2026-08-28
C000140,CAT03,3796,1671,0.7071,个人,2026-08-28
C000141,CAT04,239017,2740,0.2531,个人,2026-08-28
C000142,CAT04,743356,1574,0.578,个人,2026-08-28
C000143,CAT05,935851,3860,0.7205,个人,2026-08-28
C000144,CAT04,497101,1335,0.6055,个人,2026-08-28
C000145,CAT04,697876,3428,0.9194,媒体,2026-08-28
C000146,CAT12,178067,2845,0.718,个人,2026-08-28
C000147,CAT04,695430,2004,0.557,个人,2026-08-28
C000148,CAT06,909458,2400,0.7443,个人,2026-08-28
C000149,CAT01,174720,2625,0.7183,个人,2026-08-28
C000150,CAT06,297395,3872,0.5396,个人,2026-08-28
C000151,CAT12,985140,871,0.4674,个人,2026-08-28
C000152,CAT05,402637,1088,0.6599,个人,2026-08-28
C000153,CAT08,869727,1563,0.8725,个人,2026-08-28
C000154,CAT08,1005648,2475,0.4185,个人,2026-08-28
C000155,CAT11,1172113,2597,0.4049,个人,2026-08-28
C000156,CAT11,1014316,27,0.4597,个人,2026-08-28
C000157,CAT10,623141,2729,0.7376,个人,2026-08-28
C000158,CAT03,620586,551,0.5207,个人,2026-08-28
C000159,CAT12,636882,2331,0.5451,媒体,2026-08-28
C000160,CAT06,951875,635,0.4135,个人,2026-08-28
C000161,CAT07,1199208,353,0.562,个人,2026-08-28
C000162,CAT01,1072769,1257,0.5013,个人,2026-08-28
C000163,CAT07,637033,2591,0.4169,个人,2026-08-28
C000164,CAT04,142358,51,0.46,个人,2026-08-28
C000165,CAT06,1110313,3188,0.4745,个人,2026-08-28
C000166,CAT02,1176256,227,0.6262,个人,2026-08-28
C000167,CAT07,1007594,89,0.6573,个人,2026-08-28
C000168,CAT10,454328,3772,0.421,个人,2026-08-28
C000169,CAT02,966620,891,0.5384,个人,2026-08-28
C000170,CAT03,692156,566,0.8671,个人,2026-08-28
C000171,CAT01,518926,2211,0.6136,个人,2026-08-28
C000172,CAT11,303371,3191,0.5165,个人,2026-08-28
C000173,CAT01,393415,2153,0.6188,个人,2026-08-28
C000174,CAT04,227961,2314,0.5542,个人,2026-08-28
C000175,CAT05,818715,236,0.5717,个人,2026-08-28
C000176,CAT06,403791,2389,0.4219,个人,2026-08-28
C000177,CAT04,278819,1190,0.4873,个人,2026-08-28
C000178,CAT05,599920,1420,0.6954,个人,2026-08-28
C000179,CAT03,360348,2334,0.6331,个人,2026-08-28
C000180,CAT06,20926,2596,0.884,个人,2026-08-28
C000181,CAT06,135792,3285,0.561,个人,2026-08-28
C000182,CAT08,34062,2461,0.205,个人,2026-08-28
C000183,CAT02,673959,1540,0.6217,个人,2026-08-28
C000184,CAT05,566010,675,0.7593,个人,2026-08-28
C000185,CAT03,914152,336,0.7065,个人,2026-08-28
C000186,CAT02,338678,1627,0.7912,个人,2026-08-28
C000187,CAT08,549857,101,0.6575,个人,2026-08-28
C000188,CAT09,868271,1931,0.5803,个人,2026-08-28
C000189,CAT07,1192768,3460,0.3217,机构,2026-08-28
C000190,CAT10,1169680,2430,0.5712,个人,2026-08-28
C000191,CAT05,1175097,1564,0.736,个人,2026-08-28
C000192,CAT01,1012746,3751,0.3258,个人,2026-08-28
C000193,CAT04,943514,1109,0.7862,个人,2026-08-28
C000194,CAT06,1155340,3769,0.8479,个人,2026-08-28
C000195,CAT02,943327,3640,0.6349,个人,2026-08-28
C000196,CAT07,1064449,780,0.386,个人,2026-08-28
C000197,CAT03,1059424,1571,0.3818,个人,2026-08-28
C000198,CAT07,912609,587,0.4216,个人,2026-08-28
C000199,CAT11,678710,3461,0.4232,个人,2026-08-28
C000200,CAT08,983361,2195,0.2913,机构,2026-08-28
C000201,CAT04,937415,3688,0.5794,个人,2026-08-28
C000202,CAT03,265569,79,0.913,媒体,2026-08-28
C000203,CAT09,760635,851,0.3674,个人,2026-08-28
C000204,CAT11,5926,1702,0.4016,个人,2026-08-28
C000205,CAT12,1171804,2516,0.7839,个人,2026-08-28
C000206,CAT02,949186,1045,0.2751,个人,2026-08-28
C000207,CAT08,248141,2585,0.5507,机构,2026-08-28
C000208,CAT06,484573,1733,0.3478,个人,2026-08-28
C000209,CAT08,515329,423,0.4792,个人,2026-08-28
C000210,CAT05,643521,477,0.6506,个人,2026-08-28
C000211,CAT10,351888,863,0.8356,个人,2026-08-28
C000212,CAT05,1061804,11,0.3322,机构,2026-08-28
C000213,CAT12,1058430,1410,0.6489,机构,2026-08-28
C000214,CAT11,855763,2166,0.5303,个人,2026-08-28
C000215,CAT11,194771,1532,0.5619,个人,2026-08-28
C000216,CAT01,549314,3165,0.6596,个人,2026-08-28
C000217,CAT05,999137,1885,0.5952,个人,2026-08-28
C000218,CAT01,74763,3321,0.5577,个人,2026-08-28
C000219,CAT02,1159093,2098,0.7453,机构,2026-08-28
C000220,CAT04,321618,1879,0.4316,个人,2026-08-28
C000221,CAT10,449913,2590,0.4973,个人,2026-08-28
C000222,CAT04,1138682,3618,0.6031,个人,2026-08-28
C000223,CAT10,177517,2601,0.372,个人,2026-08-28
C000224,CAT09,492025,3961,0.6915,个人,2026-08-28
C000225,CAT12,1175891,3109,0.3332,个人,2026-08-28
C000226,CAT07,1197965,1222,0.7883,机构,2026-08-28
C000227,CAT05,375445,2026,0.4687,个人,2026-08-28
C000228,CAT03,904858,3073,0.9113,个人,2026-08-28
C000229,CAT11,631370,608,0.5305,个人,2026-08-28
C000230,CAT08,151096,1361,0.5426,个人,2026-08-28
C000231,CAT03,641515,2506,0.7493,个人,2026-08-28
C000232,CAT10,289383,2528,0.4584,个人,2026-08-28
C000233,CAT12,977142,2978,0.6328,个人,2026-08-28
C000234,CAT10,233866,2183,0.4245,个人,2026-08-28
C000235,CAT11,892807,3365,0.5989,个人,2026-08-28
C000236,CAT08,577705,2660,0.3889,个人,2026-08-28
C000237,CAT07,650302,138,0.544,个人,2026-08-28
C000238,CAT11,1169678,3033,0.5841,个人,2026-08-28
C000239,CAT12,365920,1390,0.4266,个人,2026-08-28
C000240,CAT05,769175,2654,0.5766,个人,2026-08-28
C000241,CAT07,614301,1612,0.7674,媒体,2026-08-28
C000242,CAT04,281102,1265,0.4197,机构,2026-08-28
C000243,CAT11,544127,39,0.3131,个人,2026-08-28
C000244,CAT03,917758,2888,0.7126,个人,2026-08-28
C000245,CAT10,1091619,3304,0.15,个人,2026-08-28
C000246,CAT02,65239,1399,0.5543,个人,2026-08-28
C000247,CAT01,586069,116,0.4563,个人,2026-08-28
C000248,CAT07,713333,1202,0.3017,个人,2026-08-28
C000249,CAT12,1169448,3989,0.4399,个人,2026-08-28
C000250,CAT04,643559,316,0.4856,个人,2026-08-28
C000251,CAT11,583472,2211,0.7803,个人,2026-08-28
C000252,CAT03,965864,808,0.3042,个人,2026-08-28
C000253,CAT07,1198080,58,0.6595,个人,2026-08-28
C000254,CAT11,710879,1569,0.8491,个人,2026-08-28
C000255,CAT04,1157007,1727,0.8735,个人,2026-08-28
C000256,CAT09,968976,1573,0.6021,机构,2026-08-28
C000257,CAT07,834982,2936,0.6088,个人,2026-08-28
C000258,CAT10,883680,1928,0.271,个人,2026-08-28
C000259,CAT05,1090930,3893,0.5508,个人,2026-08-28
C000260,CAT08,602078,2369,0.3764,个人,2026-08-28
C000261,CAT10,112600,1239,0.8678,媒体,2026-08-28
C000262,CAT07,776952,438,0.6576,个人,2026-08-28
C000263,CAT12,460103,1384,0.56,个人,2026-08-28
C000264,CAT03,412562,303,0.5571,个人,2026-08-28
C000265,CAT06,336500,2387,0.4253,个人,2026-08-28
C000266,CAT01,790589,1605,0.4444,媒体,2026-08-28
C000267,CAT01,1136320,1957,0.4006,个人,2026-08-28
C000268,CAT01,1191450,1559,0.5032,个人,2026-08-28
C000269,CAT05,870014,1030,0.6783,个人,2026-08-28
C000270,CAT02,81621,2120,0.3007,个人,2026-08-28
C000271,CAT08,547689,3705,0.3907,媒体,2026-08-28
C000272,CAT11,797275,1665,0.4075,媒体,2026-08-28
C000273,CAT03,992326,2157,0.446,个人,2026-08-28
C000274,CAT08,1178135,1368,0.5786,个人,2026-08-28
C000275,CAT11,759393,3197,0.4788,个人,2026-08-28
C000276,CAT12,420734,2064,0.644,个人,2026-08-28
C000277,CAT11,573529,3580,0.9518,个人,2026-08-28
C000278,CAT06,722016,262,0.7933,个人,2026-08-28
C000279,CAT12,620939,194,0.4502,个人,2026-08-28
C000280,CAT10,1063887,2642,0.5432,个人,2026-08-28
C000281,CAT08,16965,55,0.5412,个人,2026-08-28
C000282,CAT11,20482,3276,0.619,个人,2026-08-28
C000283,CAT07,260215,1908,0.4226,个人,2026-08-28
C000284,CAT12,859038,344,0.5232,个人,2026-08-28
C000285,CAT02,905011,2897,0.388,个人,2026-08-28
C000286,CAT12,543356,1037,0.8459,个人,2026-08-28
C000287,CAT12,652118,1242,0.2704,个人,2026-08-28
C000288,CAT08,683083,2153,0.6075,个人,2026-08-28
C000289,CAT02,375846,3940,0.6192,个人,2026-08-28
C000290,CAT11,213922,124,0.6786,个人,2026-08-28
C000291,CAT10,1060889,675,0.6595,个人,2026-08-28
C000292,CAT09,275606,2890,0.3105,个人,2026-08-28
C000293,CAT11,1134590,1472,0.5964,个人,2026-08-28
C000294,CAT05,480861,3061,0.2724,个人,2026-08-28
C000295,CAT01,1057239,3585,0.4938,个人,2026-08-28
C000296,CAT05,640747,2157,0.531,个人,2026-08-28
C000297,CAT06,892798,2842,0.4398,机构,2026-08-28
C000298,CAT09,744382,1525,0.7069,个人,2026-08-28
C000299,CAT05,697991,3991,0.5058,个人,2026-08-28
C000300,CAT02,794209,727,0.7169,个人,2026-08-28
C000301,CAT06,819762,1110,0.5153,个人,2026-08-28
C000302,CAT04,517169,2074,0.6321,媒体,2026-08-28
C000303,CAT11,83880,1417,0.2845,个人,2026-08-28
C000304,CAT05,1100484,2513,0.632,个人,2026-08-28
C000305,CAT02,1110862,1390,0.551,个人,2026-08-28
C000306,CAT04,1025776,3744,0.98,个人,2026-08-28
C000307,CAT06,195980,2498,0.7015,媒体,2026-08-28
C000308,CAT01,656565,1091,0.3741,个人,2026-08-28
C000309,CAT11,566478,2943,0.4705,机构,2026-08-28
C000310,CAT02,981570,1269,0.6599,个人,2026-08-28
C000311,CAT10,325199,1805,0.7528,个人,2026-08-28
C000312,CAT12,104961,981,0.2882,个人,2026-08-28
C000313,CAT09,316626,3092,0.258,个人,2026-08-28
C000314,CAT06,541835,667,0.8142,个人,2026-08-28
C000315,CAT01,389575,1209,0.598,个人,2026-08-28
C000316,CAT12,1080654,1682,0.3949,个人,2026-08-28
C000317,CAT08,510573,651,0.6338,个人,2026-08-28
C000318,CAT10,1053639,619,0.8243,个人,2026-08-28
C000319,CAT12,1159894,2571,0.881,个人,2026-08-28
C000320,CAT02,141049,1773,0.615,个人,2026-08-28
C000321,CAT08,392136,2005,0.4582,个人,2026-08-28
C000322,CAT06,357903,3621,0.2943,个人,2026-08-28
C000323,CAT08,79734,2098,0.7238,媒体,2026-08-28
C000324,CAT05,524272,1601,0.5198,个人,2026-08-28
C000325,CAT09,732641,516,0.7698,个人,2026-08-28
C000326,CAT01,355309,881,0.7375,个人,2026-08-28
C000327,CAT09,440165,498,0.458,个人,2026-08-28
C000328,CAT08,1109237,1923,0.3235,个人,2026-08-28
C000329,CAT12,1010174,3473,0.8466,个人,2026-08-28
C000330,CAT12,1140036,610,0.6331,机构,2026-08-28
C000331,CAT09,539741,336,0.7877,个人,2026-08-28
C000332,CAT05,304391,3627,0.4192,个人,2026-08-28
C000333,CAT12,979478,1112,0.4645,个人,2026-08-28
C000334,CAT03,418518,3005,0.7587,个人,2026-08-28
C000335,CAT11,1054298,518,0.5654,媒体,2026-08-28
C000336,CAT12,592262,827,0.5514,个人,2026-08-28
C000337,CAT12,1090004,2006,0.4476,个人,2026-08-28
C000338,CAT04,1135053,2895,0.343,个人,2026-08-28
C000339,CAT09,495725,26,0.3247,个人,2026-08-28
C000340,CAT10,816879,3327,0.8518,个人,2026-08-28
C000341,CAT02,1080583,2669,0.3841,机构,2026-08-28
C000342,CAT02,914691,982,0.7446,个人,2026-08-28
C000343,CAT11,1112659,317,0.5116,个人,2026-08-28
C000344,CAT05,62152,587,0.3061,个人,2026-08-28
C000345,CAT02,1093607,182,0.6722,个人,2026-08-28
C000346,CAT08,461071,2257,0.4611,个人,2026-08-28
C000347,CAT10,222928,106,0.5981,个人,2026-08-28
C000348,CAT08,481394,2396,0.4077,个人,2026-08-28
C000349,CAT07,939756,551,0.7633,个人,2026-08-28
C000350,CAT05,536021,3245,0.4979,个人,2026-08-28
C000351,CAT10,809702,2037,0.5038,媒体,2026-08-28
C000352,CAT09,731519,2726,0.6037,个人,2026-08-28
C000353,CAT12,269659,2554,0.5597,个人,2026-08-28
C000354,CAT08,1001446,589,0.8308,个人,2026-08-28
C000355,CAT04,644013,1256,0.4993,个人,2026-08-28
C000356,CAT06,419924,468,0.3084,个人,2026-08-28
C000357,CAT12,1190725,3655,0.3337,个人,2026-08-28
C000358,CAT12,716449,1140,0.5623,个人,2026-08-28
C000359,CAT02,101170,881,0.7116,个人,2026-08-28
C000360,CAT10,220124,1252,0.98,个人,2026-08-28
C000361,CAT10,802973,281,0.498,个人,2026-08-28
C000362,CAT12,1155457,2596,0.4831,机构,2026-08-28
C000363,CAT03,1013415,3852,0.3152,个人,2026-08-28
C000364,CAT05,860973,691,0.6423,个人,2026-08-28
C000365,CAT11,1190072,334,0.4274,个人,2026-08-28
C000366,CAT09,350271,2021,0.4302,个人,2026-08-28
C000367,CAT09,1071022,3373,0.5924,个人,2026-08-28
C000368,CAT05,323513,2742,0.3262,个人,2026-08-28
C000369,CAT02,325782,2469,0.3715,媒体,2026-08-28
C000370,CAT02,755598,874,0.5684,个人,2026-08-28
C000371,CAT02,1162617,2605,0.6375,机构,2026-08-28
C000372,CAT06,95174,3661,0.7221,媒体,2026-08-28
C000373,CAT08,797356,2037,0.63,个人,2026-08-28
C000374,CAT07,934438,3536,0.6411,个人,2026-08-28
C000375,CAT04,152135,2323,0.57,机构,2026-08-28
C000376,CAT07,894012,2877,0.7917,机构,2026-08-28
C000377,CAT01,996440,2306,0.5053,个人,2026-08-28
C000378,CAT03,18446,3552,0.429,个人,2026-08-28
C000379,CAT07,173215,729,0.523,个人,2026-08-28
C000380,CAT12,1115480,3749,0.6355,个人,2026-08-28
C000381,CAT02,1015541,1367,0.5214,机构,2026-08-28
C000382,CAT05,899582,363,0.5151,个人,2026-08-28
C000383,CAT10,1179285,3616,0.6278,个人,2026-08-28
C000384,CAT12,945040,264,0.4611,个人,2026-08-28
C000385,CAT03,674754,99,0.6452,机构,2026-08-28
C000386,CAT07,1052724,3007,0.5752,个人,2026-08-28
C000387,CAT03,469551,1004,0.5,个人,2026-08-28
C000388,CAT09,233677,2277,0.6965,个人,2026-08-28
C000389,CAT05,568703,2571,0.3915,机构,2026-08-28
C000390,CAT06,918404,2161,0.366,个人,2026-08-28
C000391,CAT06,424317,1255,0.4007,机构,2026-08-28
C000392,CAT05,643867,1112,0.768,个人,2026-08-28
C000393,CAT03,593703,1506,0.5401,个人,2026-08-28
C000394,CAT09,971559,1325,0.34,机构,2026-08-28
C000395,CAT09,173667,3672,0.7964,个人,2026-08-28
C000396,CAT10,1152905,3094,0.3675,个人,2026-08-28
C000397,CAT08,23581,2723,0.4419,个人,2026-08-28
C000398,CAT04,636494,3400,0.4523,个人,2026-08-28
C000399,CAT05,185727,1186,0.752,个人,2026-08-28
C000400,CAT11,345012,2006,0.3437,个人,2026-08-28
C000401,CAT09,992593,1768,0.6189,媒体,2026-08-28
C000402,CAT02,571532,2291,0.6191,个人,2026-08-28
C000403,CAT12,610460,3221,0.5332,个人,2026-08-28
C000404,CAT06,1085483,1394,0.6752,个人,2026-08-28
C000405,CAT11,41901,3351,0.8973,个人,2026-08-28
C000406,CAT06,191823,3708,0.4555,个人,2026-08-28
C000407,CAT10,226084,1574,0.4251,个人,2026-08-28
C000408,CAT06,203340,3132,0.3,个人,2026-08-28
C000409,CAT09,629146,1049,0.9282,个人,2026-08-28
C000410,CAT04,1055220,1164,0.638,个人,2026-08-28
C000411,CAT02,1070690,2637,0.6208,个人,2026-08-28
C000412,CAT03,425731,3722,0.5822,个人,2026-08-28
C000413,CAT11,358511,472,0.8382,个人,2026-08-28
C000414,CAT08,551802,2841,0.7527,个人,2026-08-28
C000415,CAT11,238694,3216,0.5283,机构,2026-08-28
C000416,CAT10,1100447,1392,0.6921,个人,2026-08-28
C000417,CAT08,230707,3661,0.3837,个人,2026-08-28
C000418,CAT05,197465,3770,0.9366,个人,2026-08-28
C000419,CAT11,712150,589,0.8231,个人,2026-08-28
C000420,CAT09,82694,2819,0.46,个人,2026-08-28
C000421,CAT04,324186,796,0.4878,个人,2026-08-28
C000422,CAT06,1127368,595,0.6181,个人,2026-08-28
C000423,CAT12,289629,1672,0.7409,个人,2026-08-28
C000424,CAT05,241703,3442,0.2952,个人,2026-08-28
C000425,CAT03,949455,1076,0.66,机构,2026-08-28
C000426,CAT10,772533,3663,0.837,个人,2026-08-28
C000427,CAT12,1174574,3989,0.5273,个人,2026-08-28
C000428,CAT12,719649,494,0.3938,个人,2026-08-28
C000429,CAT10,1030616,1179,0.4071,个人,2026-08-28
C000430,CAT03,915515,2721,0.5128,个人,2026-08-28
C000431,CAT07,1049227,947,0.5954,机构,2026-08-28
C000432,CAT04,96988,1738,0.3809,个人,2026-08-28
C000433,CAT09,21845,3171,0.5247,个人,2026-08-28
C000434,CAT10,35911,1618,0.933,机构,2026-08-28
C000435,CAT01,879377,3384,0.6317,个人,2026-08-28
C000436,CAT07,1148142,3424,0.6469,个人,2026-08-28
C000437,CAT09,910611,1027,0.6147,个人,2026-08-28
C000438,CAT07,361199,1737,0.6256,个人,2026-08-28
C000439,CAT03,365101,117,0.2958,个人,2026-08-28
C000440,CAT10,1057215,3240,0.6067,个人,2026-08-28
C000441,CAT06,1150347,2652,0.4555,机构,2026-08-28
C000442,CAT04,820177,3960,0.5645,个人,2026-08-28
C000443,CAT06,1184720,77,0.4519,个人,2026-08-28
C000444,CAT01,563083,2351,0.4046,机构,2026-08-28
C000445,CAT04,561298,1965,0.5213,个人,2026-08-28
C000446,CAT08,330294,1179,0.3735,个人,2026-08-28
C000447,CAT07,360980,188,0.7672,个人,2026-08-28
C000448,CAT11,1079169,1465,0.8317,个人,2026-08-28
C000449,CAT01,480834,2491,0.4502,个人,2026-08-28
C000450,CAT06,1143071,2464,0.5591,机构,2026-08-28
C000451,CAT02,975006,733,0.5072,个人,2026-08-28
C000452,CAT11,1045298,2734,0.4903,个人,2026-08-28
C000453,CAT12,390421,2197,0.6231,个人,2026-08-28
C000454,CAT12,14444,808,0.392,个人,2026-08-28
C000455,CAT02,1146077,3362,0.5028,个人,2026-08-28
C000456,CAT01,387411,678,0.5626,个人,2026-08-28
C000457,CAT02,362674,3867,0.7332,个人,2026-08-28
C000458,CAT01,342932,2783,0.5328,个人,2026-08-28
C000459,CAT12,833319,155,0.4041,个人,2026-08-28
C000460,CAT04,158712,3408,0.5314,个人,2026-08-28
C000461,CAT06,1095513,3850,0.5847,个人,2026-08-28
C000462,CAT02,967793,3520,0.4707,个人,2026-08-28
C000463,CAT06,51969,3894,0.5174,个人,2026-08-28
C000464,CAT02,618744,202,0.6142,个人,2026-08-28
C000465,CAT11,743150,2821,0.3757,个人,2026-08-28
C000466,CAT02,1134635,3927,0.6394,个人,2026-08-28
C000467,CAT10,324775,3567,0.5754,个人,2026-08-28
C000468,CAT02,683628,814,0.5498,机构,2026-08-28
C000469,CAT07,310518,1533,0.5656,个人,2026-08-28
C000470,CAT03,613285,3594,0.5735,个人,2026-08-28
C000471,CAT10,1148170,2132,0.5513,个人,2026-08-28
C000472,CAT05,38138,1383,0.4047,个人,2026-08-28
C000473,CAT06,60858,1334,0.3614,个人,2026-08-28
C000474,CAT01,578697,2341,0.5007,个人,2026-08-28
C000475,CAT11,365935,1854,0.302,个人,2026-08-28
C000476,CAT07,403190,161,0.631,个人,2026-08-28
C000477,CAT05,811711,2431,0.6104,个人,2026-08-28
C000478,CAT05,551211,1503,0.6921,个人,2026-08-28
C000479,CAT12,431740,3879,0.525,个人,2026-08-28
C000480,CAT01,449401,960,0.2879,个人,2026-08-28
C000481,CAT07,770735,382,0.6342,个人,2026-08-28
C000482,CAT02,255791,625,0.4207,个人,2026-08-28
C000483,CAT12,95779,33,0.5513,个人,2026-08-28
C000484,CAT08,73566,3993,0.6126,个人,2026-08-28
C000485,CAT12,704933,2502,0.4089,个人,2026-08-28
C000486,CAT03,234144,3717,0.4697,个人,2026-08-28
C000487,CAT09,1040748,1945,0.9416,个人,2026-08-28
C000488,CAT09,788660,3760,0.3406,个人,2026-08-28
C000489,CAT07,791389,3879,0.8717,机构,2026-08-28
C000490,CAT07,773267,1311,0.4839,个人,2026-08-28
C000491,CAT09,592792,30,0.5299,个人,2026-08-28
C000492,CAT11,448867,3422,0.5427,个人,2026-08-28
C000493,CAT01,1110032,966,0.5918,个人,2026-08-28
C000494,CAT11,922108,581,0.6872,个人,2026-08-28
C000495,CAT03,1160334,316,0.536,个人,2026-08-28
C000496,CAT09,848859,1142,0.519,个人,2026-08-28
C000497,CAT07,744119,3965,0.6359,个人,2026-08-28
C000498,CAT02,136085,1841,0.7106,个人,2026-08-28
C000499,CAT09,840188,169,0.4427,机构,2026-08-28
C000500,CAT05,427148,1592,0.675,机构,2026-08-28
C000501,CAT12,780238,1479,0.5346,个人,2026-08-28
C000502,CAT11,3648,2489,0.506,个人,2026-08-28
C000503,CAT09,438306,1419,0.6707,媒体,2026-08-28
C000504,CAT12,896839,2850,0.7681,个人,2026-08-28
C000505,CAT09,1113589,529,0.5763,个人,2026-08-28
C000506,CAT08,67333,2382,0.6964,个人,2026-08-28
C000507,CAT08,573074,3617,0.3254,个人,2026-08-28
C000508,CAT12,907884,3803,0.3518,机构,2026-08-28
C000509,CAT05,598043,2941,0.4111,个人,2026-08-28
C000510,CAT06,872011,3478,0.8417,个人,2026-08-28
C000511,CAT05,1148998,3942,0.4647,个人,2026-08-28
C000512,CAT04,448385,956,0.546,媒体,2026-08-28
C000513,CAT07,881562,1033,0.6696,机构,2026-08-28
C000514,CAT04,953971,782,0.5259,个人,2026-08-28
C000515,CAT04,618468,500,0.5285,个人,2026-08-28
C000516,CAT09,1082720,3807,0.6132,个人,2026-08-28
C000517,CAT09,246235,1818,0.5113,个人,2026-08-28
C000518,CAT10,693158,457,0.579,个人,2026-08-28
C000519,CAT02,910432,1284,0.639,个人,2026-08-28
C000520,CAT07,235146,249,0.4572,个人,2026-08-28
C000521,CAT09,1024206,3436,0.5918,个人,2026-08-28
C000522,CAT05,969380,3390,0.2708,个人,2026-08-28
C000523,CAT06,29116,2915,0.3264,个人,2026-08-28
C000524,CAT02,240050,2886,0.5051,个人,2026-08-28
C000525,CAT07,198185,2761,0.5462,个人,2026-08-28
C000526,CAT05,959008,3250,0.7615,个人,2026-08-28
C000527,CAT10,301570,1356,0.3963,个人,2026-08-28
C000528,CAT11,860418,145,0.8211,个人,2026-08-28
C000529,CAT04,946888,2953,0.5398,个人,2026-08-28
C000530,CAT08,864998,3531,0.6872,个人,2026-08-28
C000531,CAT11,336044,1992,0.5633,个人,2026-08-28
C000532,CAT02,826736,1291,0.6426,个人,2026-08-28
C000533,CAT06,618350,3896,0.6421,个人,2026-08-28
C000534,CAT04,711265,1960,0.5253,机构,2026-08-28
C000535,CAT11,607356,1368,0.5537,个人,2026-08-28
C000536,CAT11,802577,2889,0.9176,个人,2026-08-28
C000537,CAT08,165161,3398,0.6429,个人,2026-08-28
C000538,CAT03,1079580,3968,0.4724,个人,2026-08-28
C000539,CAT04,300167,2113,0.4477,个人,2026-08-28
C000540,CAT02,99688,862,0.4501,媒体,2026-08-28
C000541,CAT08,908595,2757,0.3756,个人,2026-08-28
C000542,CAT11,65096,2323,0.7087,个人,2026-08-28
C000543,CAT05,321038,1078,0.3777,个人,2026-08-28
C000544,CAT10,110647,604,0.6934,个人,2026-08-28
C000545,CAT08,926895,3932,0.4164,个人,2026-08-28
C000546,CAT07,63674,2130,0.34,个人,2026-08-28
C000547,CAT09,1065963,2907,0.5233,个人,2026-08-28
C000548,CAT05,924325,2228,0.7748,个人,2026-08-28
C000549,CAT12,706577,1647,0.2395,个人,2026-08-28
C000550,CAT06,947937,2976,0.3463,个人,2026-08-28
C000551,CAT04,579454,1500,0.8764,个人,2026-08-28
C000552,CAT05,169210,1323,0.6109,个人,2026-08-28
C000553,CAT12,483652,2896,0.5478,个人,2026-08-28
C000554,CAT07,1175310,3380,0.4945,机构,2026-08-28
C000555,CAT11,114198,1162,0.5525,个人,2026-08-28
C000556,CAT05,493909,3706,0.4394,个人,2026-08-28
C000557,CAT07,550276,2437,0.4766,个人,2026-08-28
C000558,CAT12,1128824,2938,0.4795,媒体,2026-08-28
C000559,CAT01,954346,561,0.614,个人,2026-08-28
C000560,CAT10,871967,1865,0.6711,个人,2026-08-28
C000561,CAT09,687923,328,0.3476,个人,2026-08-28
C000562,CAT12,1158923,3420,0.5501,个人,2026-08-28
C000563,CAT01,1189589,1433,0.2447,机构,2026-08-28
C000564,CAT12,936324,3744,0.6335,个人,2026-08-28
C000565,CAT09,938490,2422,0.6692,个人,2026-08-28
C000566,CAT03,1175132,1029,0.4894,个人,2026-08-28
C000567,CAT12,247857,510,0.9221,个人,2026-08-28
C000568,CAT11,748736,1588,0.4742,个人,2026-08-28
C000569,CAT04,293585,3874,0.6337,个人,2026-08-28
C000570,CAT03,788903,1306,0.7344,个人,2026-08-28
C000571,CAT09,916222,1135,0.4598,个人,2026-08-28
C000572,CAT10,1070082,1414,0.7109,个人,2026-08-28
C000573,CAT05,193960,2088,0.4751,个人,2026-08-28
C000574,CAT11,805719,1260,0.478,个人,2026-08-28
C000575,CAT02,886401,262,0.3957,个人,2026-08-28
C000576,CAT02,1161709,1324,0.2827,个人,2026-08-28
C000577,CAT04,12371,3880,0.5159,个人,2026-08-28
C000578,CAT09,77372,1289,0.3016,个人,2026-08-28
C000579,CAT05,1025499,69,0.4316,个人,2026-08-28
C000580,CAT06,162336,1928,0.3096,个人,2026-08-28
C000581,CAT02,686662,889,0.4605,个人,2026-08-28
C000582,CAT08,36060,3060,0.6203,个人,2026-08-28
C000583,CAT08,970593,2066,0.9304,个人,2026-08-28
C000584,CAT02,477208,3981,0.5228,个人,2026-08-28
C000585,CAT06,1102493,1591,0.5449,个人,2026-08-28
C000586,CAT11,503501,792,0.4921,个人,2026-08-28
C000587,CAT02,61173,1717,0.4773,个人,2026-08-28
C000588,CAT02,39365,39,0.6739,媒体,2026-08-28
C000589,CAT07,911992,2861,0.7163,个人,2026-08-28
C000590,CAT11,993641,1572,0.7306,个人,2026-08-28
C000591,CAT06,1161775,1714,0.4702,个人,2026-08-28
C000592,CAT05,1038228,1055,0.6107,机构,2026-08-28
C000593,CAT04,896752,1609,0.4315,个人,2026-08-28
C000594,CAT03,929771,1579,0.3483,个人,2026-08-28
C000595,CAT12,47287,1339,0.5689,个人,2026-08-28
C000596,CAT07,564626,3292,0.5606,个人,2026-08-28
C000597,CAT10,149144,3942,0.3965,机构,2026-08-28
C000598,CAT04,636537,1979,0.6638,个人,2026-08-28
C000599,CAT04,969366,3510,0.5773,个人,2026-08-28
C000600,CAT04,107125,3509,0.5821,个人,2026-08-28
C000601,CAT07,307013,1334,0.5941,个人,2026-08-28
C000602,CAT08,500251,1094,0.4481,个人,2026-08-28
C000603,CAT08,1102974,2513,0.4541,个人,2026-08-28
C000604,CAT03,706896,2660,0.3643,机构,2026-08-28
C000605,CAT01,516739,582,0.6573,机构,2026-08-28
C000606,CAT08,434981,2717,0.5713,个人,2026-08-28
C000607,CAT10,784839,1628,0.4714,个人,2026-08-28
C000608,CAT12,818319,1715,0.5109,媒体,2026-08-28
C000609,CAT10,1077895,739,0.7388,个人,2026-08-28
C000610,CAT11,46393,1749,0.3889,个人,2026-08-28
C000611,CAT12,872210,682,0.4408,个人,2026-08-28
C000612,CAT03,910929,2347,0.6239,个人,2026-08-28
C000613,CAT08,541083,3161,0.4973,个人,2026-08-28
C000614,CAT08,594626,2279,0.4362,机构,2026-08-28
C000615,CAT09,1142024,2181,0.6764,个人,2026-08-28
C000616,CAT07,508094,1835,0.6238,个人,2026-08-28
C000617,CAT11,288033,3491,0.7,个人,2026-08-28
C000618,CAT02,217613,868,0.6134,个人,2026-08-28
C000619,CAT05,348847,3056,0.6527,个人,2026-08-28
C000620,CAT02,152982,2242,0.7101,个人,2026-08-28
C000621,CAT11,766377,1091,0.9607,个人,2026-08-28
C000622,CAT06,845528,46,0.3872,个人,2026-08-28
C000623,CAT01,1106314,54,0.3538,个人,2026-08-28
C000624,CAT07,230448,496,0.5708,机构,2026-08-28
C000625,CAT08,1176827,3479,0.4416,个人,2026-08-28
C000626,CAT04,1100698,3160,0.3505,个人,2026-08-28
C000627,CAT06,402102,1534,0.6317,机构,2026-08-28
C000628,CAT10,1192765,432,0.7962,个人,2026-08-28
C000629,CAT10,912932,3941,0.6194,个人,2026-08-28
C000630,CAT04,266056,949,0.4916,个人,2026-08-28
C000631,CAT09,269723,860,0.6338,个人,2026-08-28
C000632,CAT07,388171,91,0.4663,个人,2026-08-28
C000633,CAT12,1089298,2282,0.4828,个人,2026-08-28
C000634,CAT04,888179,180,0.3499,个人,2026-08-28
C000635,CAT06,532297,2381,0.4249,个人,2026-08-28
C000636,CAT04,638999,1971,0.5328,个人,2026-08-28
C000637,CAT12,141635,1556,0.3075,个人,2026-08-28
C000638,CAT10,3659,790,0.5074,个人,2026-08-28
C000639,CAT10,442545,3149,0.4505,个人,2026-08-28
C000640,CAT11,39276,3297,0.8822,个人,2026-08-28
C000641,CAT05,927948,2664,0.3953,个人,2026-08-28
C000642,CAT12,402266,1952,0.54,个人,2026-08-28
C000643,CAT02,595361,3667,0.6254,个人,2026-08-28
C000644,CAT05,998675,7,0.2953,个人,2026-08-28
C000645,CAT03,1077730,2369,0.2475,个人,2026-08-28
C000646,CAT01,302655,671,0.3993,个人,2026-08-28
C000647,CAT10,529321,1877,0.3532,个人,2026-08-28
C000648,CAT02,968294,3294,0.7949,个人,2026-08-28
C000649,CAT05,42478,1313,0.7547,机构,2026-08-28
C000650,CAT12,829239,740,0.7536,个人,2026-08-28
C000651,CAT10,967999,186,0.7985,机构,2026-08-28
C000652,CAT08,570094,887,0.3524,个人,2026-08-28
C000653,CAT12,32161,1704,0.6568,个人,2026-08-28
C000654,CAT02,992921,1782,0.5054,个人,2026-08-28
C000655,CAT08,526190,267,0.5219,个人,2026-08-28
C000656,CAT12,732598,2617,0.4494,个人,2026-08-28
C000657,CAT01,1059264,1295,0.4452,个人,2026-08-28
C000658,CAT08,657104,3947,0.5285,个人,2026-08-28
C000659,CAT04,239780,1659,0.9004,个人,2026-08-28
C000660,CAT09,67001,247,0.4857,个人,2026-08-28
C000661,CAT08,921540,1194,0.4709,个人,2026-08-28
C000662,CAT04,334650,1766,0.8547,机构,2026-08-28
C000663,CAT06,288742,2659,0.766,个人,2026-08-28
C000664,CAT03,87653,2056,0.3834,机构,2026-08-28
C000665,CAT07,745731,2561,0.3688,机构,2026-08-28
C000666,CAT01,1045766,3552,0.5122,个人,2026-08-28
C000667,CAT01,473570,47,0.6885,个人,2026-08-28
C000668,CAT07,584159,428,0.5382,机构,2026-08-28
C000669,CAT04,1176545,2417,0.7119,个人,2026-08-28
C000670,CAT11,1154276,3385,0.3407,媒体,2026-08-28
C000671,CAT02,1194082,1972,0.908,机构,2026-08-28
C000672,CAT04,1177253,722,0.4147,个人,2026-08-28
C000673,CAT05,617835,1390,0.8947,个人,2026-08-28
C000674,CAT04,368389,174,0.545,机构,2026-08-28
C000675,CAT10,384613,3626,0.8398,个人,2026-08-28
C000676,CAT07,927811,3905,0.4528,个人,2026-08-28
C000677,CAT12,333151,2749,0.5377,个人,2026-08-28
C000678,CAT01,1040221,2298,0.5207,个人,2026-08-28
C000679,CAT10,418880,532,0.5905,个人,2026-08-28
C000680,CAT09,314445,1110,0.4882,机构,2026-08-28
C000681,CAT05,1168232,3105,0.4444,机构,2026-08-28
C000682,CAT12,178579,2906,0.3113,个人,2026-08-28
C000683,CAT05,73562,3485,0.7525,个人,2026-08-28
C000684,CAT06,825688,3708,0.4183,个人,2026-08-28
C000685,CAT06,461893,2639,0.5733,个人,2026-08-28
C000686,CAT05,727323,975,0.6281,个人,2026-08-28
C000687,CAT07,840977,1156,0.6074,个人,2026-08-28
C000688,CAT12,694762,567,0.5275,个人,2026-08-28
C000689,CAT06,618072,1686,0.6346,个人,2026-08-28
C000690,CAT04,142909,1434,0.4025,个人,2026-08-28
C000691,CAT08,398452,2656,0.7377,机构,2026-08-28
C000692,CAT12,818994,3743,0.6929,个人,2026-08-28
C000693,CAT12,769070,1411,0.3219,个人,2026-08-28
C000694,CAT11,818695,2747,0.8412,个人,2026-08-28
C000695,CAT02,195861,3794,0.4809,个人,2026-08-28
C000696,CAT04,1026226,1467,0.5685,个人,2026-08-28
C000697,CAT02,403472,3090,0.7189,个人,2026-08-28
C000698,CAT05,909687,441,0.5265,个人,2026-08-28
C000699,CAT03,79106,1770,0.6515,个人,2026-08-28
C000700,CAT09,1169766,880,0.2745,个人,2026-08-28
C000701,CAT09,306718,2633,0.5637,个人,2026-08-28
C000702,CAT07,428548,1264,0.5182,个人,2026-08-28
C000703,CAT08,516984,3301,0.7839,个人,2026-08-28
C000704,CAT10,297349,1170,0.5088,个人,2026-08-28
C000705,CAT10,865282,116,0.5513,个人,2026-08-28
C000706,CAT12,222541,1839,0.7017,机构,2026-08-28
C000707,CAT10,547877,2108,0.7293,个人,2026-08-28
C000708,CAT05,107204,2339,0.5874,个人,2026-08-28
C000709,CAT10,639565,414,0.5288,个人,2026-08-28
C000710,CAT11,621941,2694,0.6357,机构,2026-08-28
C000711,CAT09,969574,411,0.7108,个人,2026-08-28
C000712,CAT02,462355,2363,0.5131,个人,2026-08-28
C000713,CAT12,779559,3786,0.6862,个人,2026-08-28
C000714,CAT06,995665,133,0.6635,个人,2026-08-28
C000715,CAT06,385203,3961,0.3652,个人,2026-08-28
C000716,CAT11,641979,2661,0.4264,个人,2026-08-28
C000717,CAT03,407410,3466,0.46,个人,2026-08-28
C000718,CAT10,899380,357,0.4245,个人,2026-08-28
C000719,CAT11,703287,3115,0.6512,个人,2026-08-28
C000720,CAT03,1065015,1907,0.8714,个人,2026-08-28
C000721,CAT05,1190790,2786,0.7618,个人,2026-08-28
C000722,CAT11,985770,3675,0.6057,个人,2026-08-28
C000723,CAT08,1198594,1795,0.7545,个人,2026-08-28
C000724,CAT06,527504,3493,0.4948,个人,2026-08-28
C000725,CAT09,761744,1351,0.4493,个人,2026-08-28
C000726,CAT02,399157,880,0.5798,个人,2026-08-28
C000727,CAT10,743320,669,0.8648,个人,2026-08-28
C000728,CAT10,922631,3189,0.6744,个人,2026-08-28
C000729,CAT10,647437,18,0.6519,个人,2026-08-28
C000730,CAT10,423036,3037,0.4035,个人,2026-08-28
C000731,CAT04,561924,227,0.835,机构,2026-08-28
C000732,CAT08,1044558,2139,0.6699,个人,2026-08-28
C000733,CAT06,1147686,3311,0.6389,媒体,2026-08-28
C000734,CAT03,768535,311,0.6394,个人,2026-08-28
C000735,CAT09,878130,259,0.4524,个人,2026-08-28
C000736,CAT05,40731,1610,0.5956,个人,2026-08-28
C000737,CAT11,825257,579,0.6213,个人,2026-08-28
C000738,CAT07,33705,2890,0.7292,机构,2026-08-28
C000739,CAT09,392629,2227,0.7589,个人,2026-08-28
C000740,CAT08,1102293,3395,0.6369,个人,2026-08-28
C000741,CAT06,27528,3139,0.4954,个人,2026-08-28
C000742,CAT12,728135,2603,0.4824,个人,2026-08-28
C000743,CAT05,711309,1288,0.2727,个人,2026-08-28
C000744,CAT04,899300,3513,0.405,个人,2026-08-28
C000745,CAT03,8924,168,0.6716,个人,2026-08-28
C000746,CAT08,243725,3216,0.446,个人,2026-08-28
C000747,CAT11,189131,3772,0.5445,个人,2026-08-28
C000748,CAT06,869471,1645,0.5589,个人,2026-08-28
C000749,CAT07,645953,3093,0.6809,个人,2026-08-28
C000750,CAT03,221279,619,0.3728,个人,2026-08-28
C000751,CAT01,767975,3398,0.5297,个人,2026-08-28
C000752,CAT04,627647,2315,0.385,个人,2026-08-28
C000753,CAT04,1199180,1674,0.7348,机构,2026-08-28
C000754,CAT02,500917,3540,0.3406,个人,2026-08-28
C000755,CAT03,90552,3877,0.4346,个人,2026-08-28
C000756,CAT10,503243,3804,0.5278,机构,2026-08-28
C000757,CAT09,1042139,3207,0.7111,媒体,2026-08-28
C000758,CAT12,579650,2351,0.5048,个人,2026-08-28
C000759,CAT02,370892,3046,0.4329,个人,2026-08-28
C000760,CAT09,534201,1934,0.5004,个人,2026-08-28
C000761,CAT05,920473,3789,0.5123,个人,2026-08-28
C000762,CAT06,1016201,2626,0.7473,个人,2026-08-28
C000763,CAT06,914847,3145,0.5705,个人,2026-08-28
C000764,CAT09,878588,3908,0.6637,个人,2026-08-28
C000765,CAT05,845028,3445,0.631,个人,2026-08-28
C000766,CAT05,448101,3711,0.4801,个人,2026-08-28
C000767,CAT11,1181192,3583,0.5198,个人,2026-08-28
C000768,CAT03,1055968,1894,0.6186,个人,2026-08-28
C000769,CAT11,726769,750,0.5764,个人,2026-08-28
C000770,CAT01,86409,794,0.6478,个人,2026-08-28
C000771,CAT05,607543,2432,0.4771,个人,2026-08-28
C000772,CAT12,658117,2951,0.4788,个人,2026-08-28
C000773,CAT01,530469,495,0.2963,个人,2026-08-28
C000774,CAT12,956515,2677,0.3153,个人,2026-08-28
C000775,CAT09,773441,1191,0.5654,机构,2026-08-28
C000776,CAT11,967156,2696,0.98,个人,2026-08-28
C000777,CAT02,419921,1506,0.5272,个人,2026-08-28
C000778,CAT10,146152,218,0.7723,机构,2026-08-28
C000779,CAT04,300897,2786,0.4747,个人,2026-08-28
C000780,CAT10,264581,3116,0.5281,个人,2026-08-28
C000781,CAT07,256899,579,0.4588,个人,2026-08-28
C000782,CAT08,8538,1977,0.4396,媒体,2026-08-28
C000783,CAT10,1181462,115,0.7508,个人,2026-08-28
C000784,CAT03,315925,3581,0.6461,个人,2026-08-28
C000785,CAT05,1192652,1738,0.4722,个人,2026-08-28
C000786,CAT05,65044,760,0.5794,个人,2026-08-28
C000787,CAT02,557343,3522,0.7075,个人,2026-08-28
C000788,CAT12,926884,865,0.8191,个人,2026-08-28
C000789,CAT09,800988,199,0.7792,个人,2026-08-28
C000790,CAT12,619595,878,0.6083,机构,2026-08-28
C000791,CAT05,1111058,3205,0.5153,个人,2026-08-28
C000792,CAT02,454750,890,0.3622,个人,2026-08-28
C000793,CAT02,714439,1732,0.8918,个人,2026-08-28
C000794,CAT04,601339,1574,0.6587,媒体,2026-08-28
C000795,CAT05,153862,3249,0.4643,个人,2026-08-28
C000796,CAT07,553674,930,0.6209,个人,2026-08-28
C000797,CAT03,21256,2475,0.5273,机构,2026-08-28
C000798,CAT08,883584,3423,0.5434,媒体,2026-08-28
C000799,CAT07,1164394,3377,0.5231,个人,2026-08-28
C000800,CAT10,1076062,1932,0.8545,个人,2026-08-28
C000801,CAT01,729881,1809,0.5133,机构,2026-08-28
C000802,CAT12,157384,3706,0.4848,个人,2026-08-28
C000803,CAT01,766942,225,0.5413,机构,2026-08-28
C000804,CAT07,628914,2262,0.7665,个人,2026-08-28
C000805,CAT11,445566,1017,0.6266,个人,2026-08-28
C000806,CAT02,634406,150,0.3372,个人,2026-08-28
C000807,CAT05,521280,2902,0.3958,个人,2026-08-28
C000808,CAT05,167826,69,0.5154,个人,2026-08-28
C000809,CAT03,689595,516,0.7225,个人,2026-08-28
C000810,CAT09,1119105,2074,0.7076,个人,2026-08-28
C000811,CAT02,308649,3611,0.4753,个人,2026-08-28
C000812,CAT08,699349,2669,0.4538,个人,2026-08-28
C000813,CAT08,497278,3215,0.6016,个人,2026-08-28
C000814,CAT11,93829,3372,0.3981,个人,2026-08-28
C000815,CAT11,1057680,1690,0.6011,机构,2026-08-28
C000816,CAT02,527252,3018,0.3324,媒体,2026-08-28
C000817,CAT03,1161373,1867,0.4776,媒体,2026-08-28
C000818,CAT04,992223,3258,0.5961,个人,2026-08-28
C000819,CAT04,800039,530,0.5755,个人,2026-08-28
C000820,CAT12,1084510,3914,0.4591,个人,2026-08-28
C000821,CAT11,835820,15,0.5836,个人,2026-08-28
C000822,CAT07,940031,98,0.4661,机构,2026-08-28
C000823,CAT11,1136693,1402,0.5582,个人,2026-08-28
C000824,CAT09,426819,959,0.6335,个人,2026-08-28
C000825,CAT11,150420,59,0.3579,个人,2026-08-28
C000826,CAT11,179477,2426,0.3988,个人,2026-08-28
C000827,CAT02,211689,3704,0.5937,个人,2026-08-28
C000828,CAT03,134741,1594,0.6007,个人,2026-08-28
C000829,CAT10,508257,1169,0.6045,个人,2026-08-28
C000830,CAT03,103733,3629,0.2158,个人,2026-08-28
C000831,CAT01,773976,3408,0.838,个人,2026-08-28
C000832,CAT06,1189764,1287,0.8162,个人,2026-08-28
C000833,CAT10,664417,2522,0.5843,个人,2026-08-28
C000834,CAT03,18058,839,0.4668,个人,2026-08-28
C000835,CAT11,132296,1202,0.5518,个人,2026-08-28
C000836,CAT07,270153,717,0.6777,个人,2026-08-28
C000837,CAT11,289168,2291,0.6882,个人,2026-08-28
C000838,CAT07,761465,3216,0.4829,个人,2026-08-28
C000839,CAT12,536434,3806,0.7346,个人,2026-08-28
C000840,CAT12,352283,972,0.4741,个人,2026-08-28
C000841,CAT12,189645,430,0.6839,机构,2026-08-28
C000842,CAT09,274148,171,0.6261,个人,2026-08-28
C000843,CAT07,58570,527,0.4709,媒体,2026-08-28
C000844,CAT11,869585,1268,0.4747,个人,2026-08-28
C000845,CAT02,45108,978,0.625,机构,2026-08-28
C000846,CAT09,912134,3401,0.4091,个人,2026-08-28
C000847,CAT12,409439,2099,0.3955,个人,2026-08-28
C000848,CAT04,403412,296,0.5218,个人,2026-08-28
C000849,CAT09,780920,288,0.5812,个人,2026-08-28
C000850,CAT01,254817,2425,0.6542,个人,2026-08-28
C000851,CAT08,17029,2191,0.5948,个人,2026-08-28
C000852,CAT02,867890,616,0.4582,个人,2026-08-28
C000853,CAT02,123312,964,0.7816,个人,2026-08-28
C000854,CAT06,1162383,1238,0.8274,个人,2026-08-28
C000855,CAT10,338803,3587,0.644,个人,2026-08-28
C000856,CAT10,147890,3533,0.8111,个人,2026-08-28
C000857,CAT08,17254,2565,0.7392,个人,2026-08-28
C000858,CAT04,425993,179,0.6414,个人,2026-08-28
C000859,CAT05,1038462,2528,0.5979,个人,2026-08-28
C000860,CAT06,933423,1833,0.5859,个人,2026-08-28
C000861,CAT07,1065587,2132,0.4794,个人,2026-08-28
C000862,CAT05,1039328,54,0.6532,个人,2026-08-28
C000863,CAT09,449944,3521,0.7184,个人,2026-08-28
C000864,CAT10,708517,3723,0.5974,个人,2026-08-28
C000865,CAT05,21488,3418,0.5492,个人,2026-08-28
C000866,CAT07,194312,115,0.8782,个人,2026-08-28
C000867,CAT10,92895,3085,0.4602,个人,2026-08-28
C000868,CAT09,1184766,143,0.6144,个人,2026-08-28
C000869,CAT10,591327,2856,0.5411,个人,2026-08-28
C000870,CAT09,311803,2412,0.7084,个人,2026-08-28
C000871,CAT11,615782,1358,0.5447,媒体,2026-08-28
C000872,CAT05,887527,117,0.5264,个人,2026-08-28
C000873,CAT12,1039960,1224,0.7146,机构,2026-08-28
C000874,CAT10,48068,3325,0.7179,个人,2026-08-28
C000875,CAT03,1002273,3236,0.4394,个人,2026-08-28
C000876,CAT11,801406,306,0.7217,个人,2026-08-28
C000877,CAT11,1075415,1444,0.5019,个人,2026-08-28
C000878,CAT12,297622,3105,0.468,个人,2026-08-28
C000879,CAT08,942396,334,0.6604,个人,2026-08-28
C000880,CAT09,257334,1507,0.448,个人,2026-08-28
C000881,CAT01,688406,2741,0.3365,个人,2026-08-28
C000882,CAT06,519489,1454,0.4339,个人,2026-08-28
C000883,CAT03,629183,3094,0.5626,个人,2026-08-28
C000884,CAT04,939891,1616,0.6198,媒体,2026-08-28
C000885,CAT10,189772,2719,0.6602,个人,2026-08-28
C000886,CAT11,203477,3265,0.2261,个人,2026-08-28
C000887,CAT08,1154065,1711,0.6086,机构,2026-08-28
C000888,CAT07,979142,2859,0.6711,个人,2026-08-28
C000889,CAT06,963736,46,0.6268,个人,2026-08-28
C000890,CAT05,666579,3998,0.6623,机构,2026-08-28
C000891,CAT01,979525,1704,0.5655,机构,2026-08-28
C000892,CAT02,508283,3158,0.3984,个人,2026-08-28
C000893,CAT10,612697,3381,0.5351,机构,2026-08-28
C000894,CAT10,174401,652,0.4324,个人,2026-08-28
C000895,CAT01,1121442,3722,0.3876,个人,2026-08-28
C000896,CAT12,352502,1841,0.5226,机构,2026-08-28
C000897,CAT06,446471,2062,0.5753,个人,2026-08-28
C000898,CAT05,585697,2953,0.15,个人,2026-08-28
C000899,CAT11,1141950,3571,0.4512,个人,2026-08-28
C000900,CAT10,448357,1891,0.8204,个人,2026-08-28
C000901,CAT09,569527,3275,0.4301,个人,2026-08-28
C000902,CAT08,199592,3521,0.845,个人,2026-08-28
C000903,CAT04,36931,260,0.6234,媒体,2026-08-28
C000904,CAT09,1102610,3335,0.5298,个人,2026-08-28
C000905,CAT12,296375,944,0.2683,个人,2026-08-28
C000906,CAT04,447266,731,0.98,个人,2026-08-28
C000907,CAT05,362596,3750,0.4371,个人,2026-08-28
C000908,CAT09,811777,3694,0.7645,个人,2026-08-28
C000909,CAT10,530467,3537,0.6009,个人,2026-08-28
C000910,CAT06,1129963,2932,0.3692,个人,2026-08-28
C000911,CAT05,511201,3972,0.324,个人,2026-08-28
C000912,CAT07,1095644,3638,0.6885,个人,2026-08-28
C000913,CAT04,790828,1801,0.6498,机构,2026-08-28
C000914,CAT11,1168478,1662,0.9074,个人,2026-08-28
C000915,CAT06,792396,2909,0.5653,个人,2026-08-28
C000916,CAT04,1064641,131,0.4649,个人,2026-08-28
C000917,CAT06,1069043,2356,0.4034,个人,2026-08-28
C000918,CAT12,551513,2339,0.6967,个人,2026-08-28
C000919,CAT08,1069693,2323,0.8138,个人,2026-08-28
C000920,CAT02,1056130,312,0.3724,个人,2026-08-28
C000921,CAT09,1026151,1562,0.3639,媒体,2026-08-28
C000922,CAT01,462683,568,0.7494,机构,2026-08-28
C000923,CAT10,601817,3912,0.4063,个人,2026-08-28
C000924,CAT05,512269,3804,0.7017,个人,2026-08-28
C000925,CAT02,164059,792,0.8469,个人,2026-08-28
C000926,CAT02,114839,3711,0.6386,个人,2026-08-28
C000927,CAT04,891018,1083,0.4336,个人,2026-08-28
C000928,CAT05,52263,931,0.6308,个人,2026-08-28
C000929,CAT06,866839,404,0.7752,机构,2026-08-28
C000930,CAT01,79310,1264,0.6772,个人,2026-08-28
C000931,CAT07,137191,2811,0.4603,个人,2026-08-28
C000932,CAT11,491558,1126,0.7894,个人,2026-08-28
C000933,CAT05,948682,3752,0.5644,个人,2026-08-28
C000934,CAT04,366417,1779,0.5503,个人,2026-08-28
C000935,CAT02,880494,3099,0.434,个人,2026-08-28
C000936,CAT11,780761,2800,0.6036,媒体,2026-08-28
C000937,CAT12,653229,2599,0.5797,个人,2026-08-28
C000938,CAT07,14862,3283,0.4604,个人,2026-08-28
C000939,CAT02,37787,56,0.2393,个人,2026-08-28
C000940,CAT01,1197347,404,0.5568,个人,2026-08-28
C000941,CAT12,717264,2411,0.3382,个人,2026-08-28
C000942,CAT12,975983,2389,0.8954,个人,2026-08-28
C000943,CAT07,816211,3734,0.4942,个人,2026-08-28
C000944,CAT10,1186518,1843,0.8145,个人,2026-08-28
C000945,CAT11,747218,2275,0.731,个人,2026-08-28
C000946,CAT06,310495,1498,0.2733,个人,2026-08-28
C000947,CAT03,850627,1250,0.6396,个人,2026-08-28
C000948,CAT06,1183087,1900,0.7381,个人,2026-08-28
C000949,CAT09,361298,220,0.353,个人,2026-08-28
C000950,CAT03,291499,492,0.5316,个人,2026-08-28
C000951,CAT09,711508,1810,0.5603,机构,2026-08-28
C000952,CAT06,61588,698,0.4282,个人,2026-08-28
C000953,CAT09,555317,1978,0.4719,个人,2026-08-28
C000954,CAT07,213747,1773,0.4965,媒体,2026-08-28
C000955,CAT02,18744,1422,0.4325,机构,2026-08-28
C000956,CAT06,177939,3374,0.314,个人,2026-08-28
C000957,CAT06,85095,509,0.7225,个人,2026-08-28
C000958,CAT09,517480,386,0.6403,个人,2026-08-28
C000959,CAT08,820526,861,0.3469,个人,2026-08-28
C000960,CAT01,826784,3206,0.5678,个人,2026-08-28
C000961,CAT06,348191,402,0.7569,个人,2026-08-28
C000962,CAT12,731942,3093,0.5504,个人,2026-08-28
C000963,CAT08,629086,1344,0.4182,个人,2026-08-28
C000964,CAT05,452461,1753,0.43,个人,2026-08-28
C000965,CAT09,476030,1386,0.4713,个人,2026-08-28
C000966,CAT05,465942,450,0.4097,个人,2026-08-28
C000967,CAT01,536346,3280,0.6774,个人,2026-08-28
C000968,CAT07,754003,209,0.3054,个人,2026-08-28
C000969,CAT12,594580,3619,0.5748,个人,2026-08-28
C000970,CAT11,98587,3035,0.7024,个人,2026-08-28
C000971,CAT07,450160,247,0.5123,个人,2026-08-28
C000972,CAT06,1057507,2231,0.5091,机构,2026-08-28
C000973,CAT11,771505,1996,0.3831,个人,2026-08-28
C000974,CAT06,215958,2805,0.8272,个人,2026-08-28
C000975,CAT12,552766,1997,0.6734,个人,2026-08-28
C000976,CAT07,936085,1072,0.7277,个人,2026-08-28
C000977,CAT03,293346,2894,0.7581,个人,2026-08-28
C000978,CAT02,1146748,1202,0.6648,个人,2026-08-28
C000979,CAT12,9805,2470,0.6798,个人,2026-08-28
C000980,CAT08,278862,774,0.4273,个人,2026-08-28
C000981,CAT10,12405,1169,0.5827,个人,2026-08-28
C000982,CAT04,1101277,2510,0.8552,个人,2026-08-28
C000983,CAT09,322065,3501,0.6497,个人,2026-08-28
C000984,CAT08,858296,971,0.5871,个人,2026-08-28
C000985,CAT12,157884,2813,0.6349,个人,2026-08-28
C000986,CAT05,466994,1567,0.4433,个人,2026-08-28
C000987,CAT05,953942,3915,0.4884,个人,2026-08-28
C000988,CAT03,196440,2944,0.9432,个人,2026-08-28
C000989,CAT01,735564,584,0.8174,个人,2026-08-28
C000990,CAT07,420036,3155,0.4322,个人,2026-08-28
C000991,CAT02,873005,3995,0.575,个人,2026-08-28
C000992,CAT04,754152,2922,0.469,媒体,2026-08-28
C000993,CAT02,969192,860,0.72,个人,2026-08-28
C000994,CAT06,992220,3599,0.2879,个人,2026-08-28
C000995,CAT06,903214,591,0.3979,机构,2026-08-28
C000996,CAT05,600623,69,0.6619,个人,2026-08-28
C000997,CAT02,133661,3946,0.7082,个人,2026-08-28
C000998,CAT11,127407,1839,0.5227,个人,2026-08-28
C000999,CAT11,592471,1552,0.7102,个人,2026-08-28
C001000,CAT02,892518,2346,0.2508,个人,2026-08-28
C001001,CAT01,1110266,17,0.5414,个人,2026-08-28
C001002,CAT09,1117999,2005,0.3858,个人,2026-08-28
C001003,CAT10,445086,2523,0.4589,个人,2026-08-28
C001004,CAT06,975521,834,0.741,个人,2026-08-28
C001005,CAT08,1027159,1377,0.3748,个人,2026-08-28
C001006,CAT01,507128,3834,0.4031,个人,2026-08-28
C001007,CAT02,1103919,3804,0.6633,个人,2026-08-28
C001008,CAT12,610370,2668,0.6092,个人,2026-08-28
C001009,CAT07,760961,148,0.5039,个人,2026-08-28
C001010,CAT07,149779,626,0.5421,个人,2026-08-28
C001011,CAT10,787356,2034,0.6088,个人,2026-08-28
C001012,CAT10,648396,668,0.4815,个人,2026-08-28
C001013,CAT01,338732,2711,0.4533,个人,2026-08-28
C001014,CAT10,619778,565,0.8814,媒体,2026-08-28
C001015,CAT09,1039179,1888,0.7848,个人,2026-08-28
C001016,CAT03,259947,999,0.3338,个人,2026-08-28
C001017,CAT01,1170758,2019,0.8463,个人,2026-08-28
C001018,CAT08,374482,2471,0.3372,个人,2026-08-28
C001019,CAT03,545303,3929,0.689,个人,2026-08-28
C001020,CAT02,601729,227,0.535,个人,2026-08-28
C001021,CAT03,942042,343,0.6278,个人,2026-08-28
C001022,CAT09,886965,2399,0.7995,个人,2026-08-28
C001023,CAT04,510001,1814,0.8618,个人,2026-08-28
C001024,CAT04,605611,1176,0.6983,个人,2026-08-28
C001025,CAT01,472312,3473,0.523,个人,2026-08-28
C001026,CAT02,510953,1903,0.3907,个人,2026-08-28
C001027,CAT09,585736,2052,0.4525,个人,2026-08-28
C001028,CAT03,364986,752,0.7361,个人,2026-08-28
C001029,CAT03,71017,3110,0.4472,个人,2026-08-28
C001030,CAT09,624160,2351,0.4003,个人,2026-08-28
C001031,CAT02,609061,38,0.6627,个人,2026-08-28
C001032,CAT06,1174088,401,0.7908,个人,2026-08-28
C001033,CAT07,539238,982,0.3669,机构,2026-08-28
C001034,CAT06,373995,332,0.601,个人,2026-08-28
C001035,CAT01,931622,3212,0.778,个人,2026-08-28
C001036,CAT05,345326,3814,0.2717,个人,2026-08-28
C001037,CAT04,1156081,2348,0.4439,个人,2026-08-28
C001038,CAT05,719822,3119,0.828,个人,2026-08-28
C001039,CAT06,13745,2934,0.6411,个人,2026-08-28
C001040,CAT12,233481,1945,0.4977,个人,2026-08-28
C001041,CAT01,16752,1387,0.4587,个人,2026-08-28
C001042,CAT10,480176,272,0.5626,个人,2026-08-28
C001043,CAT01,461801,1422,0.7075,个人,2026-08-28
C001044,CAT08,615384,3668,0.4652,个人,2026-08-28
C001045,CAT05,332212,1358,0.4625,个人,2026-08-28
C001046,CAT07,934120,1374,0.6084,个人,2026-08-28
C001047,CAT01,1190116,2203,0.7405,机构,2026-08-28
C001048,CAT05,156605,812,0.7783,个人,2026-08-28
C001049,CAT07,674018,3180,0.67,个人,2026-08-28
C001050,CAT09,1099861,3529,0.7575,个人,2026-08-28
C001051,CAT04,852054,1246,0.4664,个人,2026-08-28
C001052,CAT06,337867,1084,0.8811,个人,2026-08-28
C001053,CAT05,252394,232,0.7612,个人,2026-08-28
C001054,CAT01,675675,3894,0.3755,个人,2026-08-28
C001055,CAT02,292802,10,0.5694,个人,2026-08-28
C001056,CAT06,983531,3084,0.6474,个人,2026-08-28
C001057,CAT01,627152,3138,0.4719,个人,2026-08-28
C001058,CAT12,978529,2790,0.4017,机构,2026-08-28
C001059,CAT06,811425,2798,0.4505,个人,2026-08-28
C001060,CAT11,472707,1784,0.4784,个人,2026-08-28
C001061,CAT11,1080933,790,0.4686,个人,2026-08-28
C001062,CAT12,876701,3314,0.723,个人,2026-08-28
C001063,CAT10,947835,2375,0.2005,个人,2026-08-28
C001064,CAT11,1134338,2923,0.6716,媒体,2026-08-28
C001065,CAT12,457548,2202,0.7234,个人,2026-08-28
C001066,CAT06,205186,2645,0.4411,个人,2026-08-28
C001067,CAT09,590737,530,0.3194,机构,2026-08-28
C001068,CAT02,200763,2526,0.5766,个人,2026-08-28
C001069,CAT02,409092,3743,0.4236,个人,2026-08-28
C001070,CAT12,537952,2849,0.5783,个人,2026-08-28
C001071,CAT12,245922,961,0.4794,个人,2026-08-28
C001072,CAT08,935053,1590,0.718,个人,2026-08-28
C001073,CAT01,1127250,3041,0.7048,个人,2026-08-28
C001074,CAT04,245771,2527,0.4011,个人,2026-08-28
C001075,CAT05,508628,1970,0.6059,个人,2026-08-28
C001076,CAT04,756068,1100,0.4866,个人,2026-08-28
C001077,CAT03,363453,1363,0.5208,个人,2026-08-28
C001078,CAT08,778634,3451,0.4731,个人,2026-08-28
C001079,CAT02,1108519,425,0.8701,机构,2026-08-28
C001080,CAT02,168956,51,0.793,个人,2026-08-28
C001081,CAT10,246099,594,0.4093,个人,2026-08-28
C001082,CAT07,945841,3406,0.3947,个人,2026-08-28
C001083,CAT10,376230,3227,0.4001,个人,2026-08-28
C001084,CAT11,844405,2789,0.4907,机构,2026-08-28
C001085,CAT04,193178,772,0.4671,个人,2026-08-28
C001086,CAT11,1157347,1414,0.5398,个人,2026-08-28
C001087,CAT03,1169037,3118,0.2722,个人,2026-08-28
C001088,CAT10,451079,2643,0.7715,个人,2026-08-28
C001089,CAT11,868058,111,0.4962,个人,2026-08-28
C001090,CAT04,1037572,1235,0.5519,个人,2026-08-28
C001091,CAT06,832505,320,0.4871,个人,2026-08-28
C001092,CAT07,852265,3640,0.4895,个人,2026-08-28
C001093,CAT04,265495,2644,0.3666,个人,2026-08-28
C001094,CAT06,155488,833,0.5649,个人,2026-08-28
C001095,CAT11,687781,2053,0.4125,个人,2026-08-28
C001096,CAT10,595984,56,0.449,个人,2026-08-28
C001097,CAT09,1001048,2074,0.6547,个人,2026-08-28
C001098,CAT05,339392,2364,0.3179,个人,2026-08-28
C001099,CAT01,34321,3864,0.5384,个人,2026-08-28
C001100,CAT08,395474,259,0.677,个人,2026-08-28
C001101,CAT05,59515,2682,0.4889,个人,2026-08-28
C001102,CAT12,163537,993,0.3831,个人,2026-08-28
C001103,CAT03,829548,1113,0.6132,个人,2026-08-28
C001104,CAT10,291783,419,0.6009,个人,2026-08-28
C001105,CAT06,1021344,136,0.4524,个人,2026-08-28
C001106,CAT03,231855,3317,0.5775,个人,2026-08-28
C001107,CAT07,150406,3742,0.3639,个人,2026-08-28
C001108,CAT06,783037,3240,0.6028,个人,2026-08-28
C001109,CAT08,581349,2225,0.4696,个人,2026-08-28
C001110,CAT07,125114,803,0.4103,个人,2026-08-28
C001111,CAT09,881271,2094,0.5338,个人,2026-08-28
C001112,CAT05,1142931,824,0.6519,个人,2026-08-28
C001113,CAT04,118796,67,0.5271,个人,2026-08-28
C001114,CAT11,1156537,1326,0.422,个人,2026-08-28
C001115,CAT02,249215,403,0.2721,个人,2026-08-28
C001116,CAT06,655182,2112,0.4572,个人,2026-08-28
C001117,CAT07,15101,3542,0.453,个人,2026-08-28
C001118,CAT08,1066242,323,0.5429,个人,2026-08-28
C001119,CAT07,651830,1527,0.1967,个人,2026-08-28
C001120,CAT02,403126,1198,0.3937,个人,2026-08-28
C001121,CAT08,93293,3839,0.3428,个人,2026-08-28
C001122,CAT05,539313,1060,0.4186,个人,2026-08-28
C001123,CAT10,374401,3621,0.5138,个人,2026-08-28
C001124,CAT09,867199,328,0.8328,个人,2026-08-28
C001125,CAT07,695248,432,0.7321,个人,2026-08-28
C001126,CAT03,1013411,3278,0.6988,个人,2026-08-28
C001127,CAT10,1034236,1814,0.3596,机构,2026-08-28
C001128,CAT05,199106,1383,0.6705,个人,2026-08-28
C001129,CAT11,939528,3089,0.5241,个人,2026-08-28
C001130,CAT02,835720,813,0.731,个人,2026-08-28
C001131,CAT09,258962,610,0.6746,机构,2026-08-28
C001132,CAT10,133624,2884,0.7641,个人,2026-08-28
C001133,CAT09,85658,2077,0.6181,个人,2026-08-28
C001134,CAT04,734215,214,0.7309,个人,2026-08-28
C001135,CAT11,202609,1761,0.4744,机构,2026-08-28
C001136,CAT11,951460,499,0.355,个人,2026-08-28
C001137,CAT01,796219,2591,0.7249,媒体,2026-08-28
C001138,CAT02,1104232,2657,0.6737,个人,2026-08-28
C001139,CAT10,1146248,1791,0.6139,个人,2026-08-28
C001140,CAT12,552061,2883,0.7507,机构,2026-08-28
C001141,CAT04,353,3985,0.7893,媒体,2026-08-28
C001142,CAT04,1098975,2728,0.6866,个人,2026-08-28
C001143,CAT06,1112990,2173,0.1687,个人,2026-08-28
C001144,CAT11,1191121,1804,0.6407,个人,2026-08-28
C001145,CAT08,789913,2504,0.598,个人,2026-08-28
C001146,CAT02,258731,2733,0.4905,个人,2026-08-28
C001147,CAT02,1114290,3499,0.466,个人,2026-08-28
C001148,CAT09,579848,535,0.6079,个人,2026-08-28
C001149,CAT10,227383,2815,0.5201,个人,2026-08-28
C001150,CAT10,837764,2879,0.5624,个人,2026-08-28
C001151,CAT09,1163278,3951,0.6724,个人,2026-08-28
C001152,CAT05,1042872,2254,0.5658,个人,2026-08-28
C001153,CAT09,324901,2964,0.5835,个人,2026-08-28
C001154,CAT07,1015773,2485,0.7085,个人,2026-08-28
C001155,CAT05,1067992,3508,0.716,个人,2026-08-28
C001156,CAT05,39544,3288,0.5651,个人,2026-08-28
C001157,CAT07,688322,96,0.4175,个人,2026-08-28
C001158,CAT10,610449,1402,0.487,机构,2026-08-28
C001159,CAT04,542272,206,0.4681,个人,2026-08-28
C001160,CAT03,258224,3700,0.6083,个人,2026-08-28
C001161,CAT12,253457,2810,0.5216,个人,2026-08-28
C001162,CAT04,462912,2630,0.5403,机构,2026-08-28
C001163,CAT03,708887,3485,0.7266,个人,2026-08-28
C001164,CAT12,705207,521,0.4116,个人,2026-08-28
C001165,CAT01,511902,3825,0.5805,个人,2026-08-28
C001166,CAT11,25754,3615,0.636,个人,2026-08-28
C001167,CAT06,514594,2117,0.4707,个人,2026-08-28
C001168,CAT11,264495,2070,0.5136,个人,2026-08-28
C001169,CAT05,866547,1476,0.2682,机构,2026-08-28
C001170,CAT10,676941,1905,0.5431,个人,2026-08-28
C001171,CAT01,648434,2365,0.4504,个人,2026-08-28
C001172,CAT05,1093233,1196,0.6418,个人,2026-08-28
C001173,CAT03,796116,2502,0.2474,个人,2026-08-28
C001174,CAT12,410391,3447,0.3934,机构,2026-08-28
C001175,CAT11,144452,1709,0.5346,个人,2026-08-28
C001176,CAT10,545473,1921,0.6565,个人,2026-08-28
C001177,CAT02,51173,2888,0.5695,媒体,2026-08-28
C001178,CAT03,142954,846,0.6113,个人,2026-08-28
C001179,CAT05,154305,339,0.3853,个人,2026-08-28
C001180,CAT07,1130060,3899,0.5422,个人,2026-08-28
C001181,CAT02,1198496,1822,0.8268,机构,2026-08-28
C001182,CAT11,567351,2719,0.6505,个人,2026-08-28
C001183,CAT04,849132,745,0.3443,机构,2026-08-28
C001184,CAT08,715085,2412,0.4349,个人,2026-08-28
C001185,CAT07,700868,3957,0.5569,个人,2026-08-28
C001186,CAT01,893938,709,0.341,个人,2026-08-28
C001187,CAT11,966255,217,0.5965,个人,2026-08-28
C001188,CAT10,722214,770,0.5238,个人,2026-08-28
C001189,CAT08,239147,2164,0.4159,个人,2026-08-28
C001190,CAT05,235739,1268,0.7719,个人,2026-08-28
C001191,CAT03,497752,3910,0.6552,个人,2026-08-28
C001192,CAT04,1025822,3453,0.7887,个人,2026-08-28
C001193,CAT07,157715,3790,0.7763,机构,2026-08-28
C001194,CAT04,152890,688,0.6277,个人,2026-08-28
C001195,CAT09,689931,2742,0.766,个人,2026-08-28
C001196,CAT10,856915,1673,0.5503,个人,2026-08-28
C001197,CAT07,600652,1495,0.5545,个人,2026-08-28
C001198,CAT08,1168622,3491,0.3126,个人,2026-08-28
C001199,CAT11,336230,2631,0.5476,机构,2026-08-28
C001200,CAT01,463034,1418,0.7323,个人,2026-08-28
C001201,CAT10,1022243,3189,0.4434,个人,2026-08-28
C001202,CAT08,1152795,3119,0.5926,机构,2026-08-28
C001203,CAT05,818077,3390,0.5944,个人,2026-08-28
C001204,CAT02,218505,2172,0.5531,机构,2026-08-28
C001205,CAT07,359619,3510,0.4898,个人,2026-08-28
C001206,CAT08,1182312,1325,0.6065,个人,2026-08-28
C001207,CAT06,304534,2534,0.7496,个人,2026-08-28
C001208,CAT09,1067561,686,0.6485,个人,2026-08-28
C001209,CAT09,743198,3994,0.3946,个人,2026-08-28
C001210,CAT10,167084,2348,0.2414,个人,2026-08-28
C001211,CAT04,532949,2212,0.3056,个人,2026-08-28
C001212,CAT06,982615,132,0.6013,个人,2026-08-28
C001213,CAT10,439356,2492,0.4967,个人,2026-08-28
C001214,CAT10,130887,610,0.5252,个人,2026-08-28
C001215,CAT02,87070,1176,0.6469,个人,2026-08-28
C001216,CAT03,987956,1346,0.6821,个人,2026-08-28
C001217,CAT10,1128714,3150,0.5095,个人,2026-08-28
C001218,CAT12,576594,3201,0.6484,个人,2026-08-28
C001219,CAT02,746989,1833,0.4035,个人,2026-08-28
C001220,CAT06,1071811,2977,0.7839,个人,2026-08-28
C001221,CAT06,804273,3273,0.409,个人,2026-08-28
C001222,CAT04,174835,3765,0.7184,个人,2026-08-28
C001223,CAT01,960828,2136,0.3243,个人,2026-08-28
C001224,CAT08,251251,1889,0.5694,个人,2026-08-28
C001225,CAT05,296657,967,0.496,个人,2026-08-28
C001226,CAT03,1018733,3911,0.7169,机构,2026-08-28
C001227,CAT08,1190961,3556,0.6681,个人,2026-08-28
C001228,CAT10,323649,3414,0.6648,个人,2026-08-28
C001229,CAT06,1146150,1038,0.7321,个人,2026-08-28
C001230,CAT08,210681,3706,0.4792,个人,2026-08-28
C001231,CAT04,967818,400,0.6004,个人,2026-08-28
C001232,CAT10,908900,239,0.4617,媒体,2026-08-28
C001233,CAT08,580193,827,0.5468,个人,2026-08-28
C001234,CAT11,999069,2610,0.497,个人,2026-08-28
C001235,CAT07,1100010,2640,0.5448,个人,2026-08-28
C001236,CAT10,510774,1084,0.9282,个人,2026-08-28
C001237,CAT06,1125465,448,0.5875,机构,2026-08-28
C001238,CAT04,42002,666,0.414,个人,2026-08-28
C001239,CAT08,1148215,2496,0.7064,个人,2026-08-28
C001240,CAT09,801866,3918,0.6636,个人,2026-08-28
C001241,CAT03,232471,3088,0.5492,个人,2026-08-28
C001242,CAT10,32809,1358,0.5985,媒体,2026-08-28
C001243,CAT04,380242,2247,0.67,机构,2026-08-28
C001244,CAT03,418017,220,0.4249,个人,2026-08-28
C001245,CAT02,679921,2019,0.5155,个人,2026-08-28
C001246,CAT01,653650,989,0.3284,个人,2026-08-28
C001247,CAT07,646953,564,0.724,个人,2026-08-28
C001248,CAT08,1005690,3021,0.4784,个人,2026-08-28
C001249,CAT09,896750,365,0.5763,机构,2026-08-28
C001250,CAT09,1012695,1749,0.5655,机构,2026-08-28
C001251,CAT08,1095397,3491,0.5971,个人,2026-08-28
C001252,CAT03,1193526,747,0.5027,个人,2026-08-28
C001253,CAT07,906129,1485,0.4167,个人,2026-08-28
C001254,CAT03,580801,396,0.7071,机构,2026-08-28
C001255,CAT10,190749,544,0.6954,个人,2026-08-28
C001256,CAT02,566529,1310,0.476,个人,2026-08-28
C001257,CAT12,1165794,560,0.5612,个人,2026-08-28
C001258,CAT01,756446,2256,0.6361,个人,2026-08-28
C001259,CAT01,420415,1581,0.6968,个人,2026-08-28
C001260,CAT03,871747,3322,0.7266,个人,2026-08-28
C001261,CAT05,1014873,3862,0.6736,个人,2026-08-28
C001262,CAT09,257345,3375,0.5848,个人,2026-08-28
C001263,CAT11,123288,1281,0.4526,个人,2026-08-28
C001264,CAT12,264322,2887,0.6551,个人,2026-08-28
C001265,CAT10,833867,3368,0.658,个人,2026-08-28
C001266,CAT02,420419,2204,0.4626,个人,2026-08-28
C001267,CAT06,1084553,1606,0.565,机构,2026-08-28
C001268,CAT05,320246,3219,0.9201,机构,2026-08-28
C001269,CAT02,164020,3040,0.7351,个人,2026-08-28
C001270,CAT03,478018,2162,0.3872,个人,2026-08-28
C001271,CAT12,791774,3741,0.3869,个人,2026-08-28
C001272,CAT06,1030220,3666,0.8312,个人,2026-08-28
C001273,CAT06,1139730,3351,0.98,机构,2026-08-28
C001274,CAT02,1158218,2249,0.6702,个人,2026-08-28
C001275,CAT12,596012,2547,0.3295,个人,2026-08-28
C001276,CAT07,863597,2433,0.5573,个人,2026-08-28
C001277,CAT11,28317,1308,0.7513,个人,2026-08-28
C001278,CAT02,31820,1021,0.6092,个人,2026-08-28
C001279,CAT11,1133890,360,0.6695,媒体,2026-08-28
C001280,CAT06,942132,1029,0.3988,机构,2026-08-28
C001281,CAT08,955798,210,0.6762,个人,2026-08-28
C001282,CAT12,1186828,1818,0.4931,个人,2026-08-28
C001283,CAT02,764879,954,0.5178,个人,2026-08-28
C001284,CAT02,1005946,3290,0.4965,个人,2026-08-28
C001285,CAT09,5810,3357,0.7897,个人,2026-08-28
C001286,CAT10,1128939,2216,0.6101,个人,2026-08-28
C001287,CAT12,383651,3619,0.6593,个人,2026-08-28
C001288,CAT06,1158693,3303,0.5135,个人,2026-08-28
C001289,CAT03,533540,3301,0.3128,个人,2026-08-28
C001290,CAT05,1177783,2056,0.6664,个人,2026-08-28
C001291,CAT10,1012788,3958,0.4676,个人,2026-08-28
C001292,CAT02,1135224,2729,0.7302,个人,2026-08-28
C001293,CAT05,62887,1578,0.5435,个人,2026-08-28
C001294,CAT08,524077,1822,0.4456,个人,2026-08-28
C001295,CAT03,1133774,1931,0.7428,个人,2026-08-28
C001296,CAT11,191859,1067,0.5946,个人,2026-08-28
C001297,CAT12,512229,1779,0.3843,个人,2026-08-28
C001298,CAT10,290285,3460,0.8325,个人,2026-08-28
C001299,CAT05,275587,1056,0.2934,个人,2026-08-28
C001300,CAT04,387739,473,0.464,个人,2026-08-28
C001301,CAT03,385765,2580,0.4174,个人,2026-08-28
C001302,CAT03,1148370,2030,0.4212,个人,2026-08-28
C001303,CAT05,355133,2337,0.5548,个人,2026-08-28
C001304,CAT04,261516,2083,0.511,个人,2026-08-28
C001305,CAT01,952297,1239,0.7378,个人,2026-08-28
C001306,CAT12,276287,317,0.5942,个人,2026-08-28
C001307,CAT09,299574,2148,0.5018,个人,2026-08-28
C001308,CAT12,397335,1761,0.4255,个人,2026-08-28
C001309,CAT03,408798,305,0.4972,个人,2026-08-28
C001310,CAT09,674062,432,0.5186,个人,2026-08-28
C001311,CAT10,913821,1435,0.5195,个人,2026-08-28
C001312,CAT11,163773,3597,0.66,机构,2026-08-28
C001313,CAT05,25935,1821,0.5482,个人,2026-08-28
C001314,CAT05,362605,1884,0.491,个人,2026-08-28
C001315,CAT01,424869,3147,0.5464,个人,2026-08-28
C001316,CAT12,50824,2627,0.614,个人,2026-08-28
C001317,CAT05,909121,2855,0.604,个人,2026-08-28
C001318,CAT09,147916,291,0.5206,个人,2026-08-28
C001319,CAT12,196769,144,0.6275,个人,2026-08-28
C001320,CAT08,655218,98,0.6657,机构,2026-08-28
C001321,CAT01,879076,2632,0.489,个人,2026-08-28
C001322,CAT10,417696,3162,0.6963,个人,2026-08-28
C001323,CAT02,1023770,2050,0.72,机构,2026-08-28
C001324,CAT07,1133767,1327,0.4948,个人,2026-08-28
C001325,CAT06,237230,3081,0.8075,个人,2026-08-28
C001326,CAT04,965296,3745,0.7692,个人,2026-08-28
C001327,CAT10,295521,3122,0.479,个人,2026-08-28
C001328,CAT09,274622,3089,0.7185,个人,2026-08-28
C001329,CAT01,938392,2392,0.5922,个人,2026-08-28
C001330,CAT02,629740,2321,0.5175,个人,2026-08-28
C001331,CAT12,626302,3521,0.3417,个人,2026-08-28
C001332,CAT05,229123,3510,0.3992,个人,2026-08-28
C001333,CAT09,145076,3822,0.2955,个人,2026-08-28
C001334,CAT10,1197576,1195,0.6656,个人,2026-08-28
C001335,CAT07,40287,2452,0.3455,机构,2026-08-28
C001336,CAT07,167900,2059,0.4933,个人,2026-08-28
C001337,CAT09,91772,2547,0.6566,个人,2026-08-28
C001338,CAT09,856576,26,0.5042,个人,2026-08-28
C001339,CAT12,118840,2504,0.4371,个人,2026-08-28
C001340,CAT01,328915,1729,0.82,个人,2026-08-28
C001341,CAT02,650604,3097,0.2991,个人,2026-08-28
C001342,CAT02,452638,259,0.5873,个人,2026-08-28
C001343,CAT03,150182,158,0.4511,个人,2026-08-28
C001344,CAT11,193632,1990,0.5727,个人,2026-08-28
C001345,CAT01,492997,3025,0.8705,个人,2026-08-28
C001346,CAT08,40899,2998,0.5866,个人,2026-08-28
C001347,CAT01,938490,2354,0.4259,个人,2026-08-28
C001348,CAT10,519811,1458,0.7144,个人,2026-08-28
C001349,CAT04,1074373,2048,0.3971,个人,2026-08-28
C001350,CAT01,931235,3586,0.6717,机构,2026-08-28
C001351,CAT03,1177542,922,0.533,个人,2026-08-28
C001352,CAT02,916946,2674,0.359,个人,2026-08-28
C001353,CAT01,887782,2040,0.3611,个人,2026-08-28
C001354,CAT12,1007758,2237,0.5486,个人,2026-08-28
C001355,CAT02,422074,2908,0.8443,个人,2026-08-28
C001356,CAT05,1127320,2675,0.3235,个人,2026-08-28
C001357,CAT04,556293,2248,0.5683,个人,2026-08-28
C001358,CAT07,1161295,1445,0.6454,个人,2026-08-28
C001359,CAT10,1180263,3759,0.7441,个人,2026-08-28
C001360,CAT09,1054870,204,0.5841,媒体,2026-08-28
C001361,CAT07,541631,3481,0.2931,个人,2026-08-28
C001362,CAT03,71525,1823,0.5559,个人,2026-08-28
C001363,CAT03,1131152,721,0.4817,个人,2026-08-28
C001364,CAT02,685752,3145,0.498,个人,2026-08-28
C001365,CAT05,361938,1122,0.7264,个人,2026-08-28
C001366,CAT10,897999,2628,0.8634,个人,2026-08-28
C001367,CAT02,1087550,13,0.4891,个人,2026-08-28
C001368,CAT08,508537,2909,0.65,个人,2026-08-28
C001369,CAT12,1023156,2286,0.6385,媒体,2026-08-28
C001370,CAT06,934055,361,0.8559,个人,2026-08-28
C001371,CAT03,397599,1832,0.7352,个人,2026-08-28
C001372,CAT12,102039,2872,0.7466,个人,2026-08-28
C001373,CAT07,1151654,801,0.6791,个人,2026-08-28
C001374,CAT08,726910,2917,0.4779,个人,2026-08-28
C001375,CAT05,287979,1422,0.3099,个人,2026-08-28
C001376,CAT07,617422,2228,0.9017,个人,2026-08-28
C001377,CAT01,1199352,2570,0.9513,个人,2026-08-28
C001378,CAT11,544211,99,0.8872,个人,2026-08-28
C001379,CAT04,529783,544,0.4676,个人,2026-08-28
C001380,CAT04,171912,2580,0.7671,个人,2026-08-28
C001381,CAT01,1056296,1605,0.604,个人,2026-08-28
C001382,CAT11,226429,3416,0.6821,个人,2026-08-28
C001383,CAT02,975124,3056,0.4497,个人,2026-08-28
C001384,CAT10,890724,3437,0.7732,个人,2026-08-28
C001385,CAT11,530595,3608,0.7722,个人,2026-08-28
C001386,CAT05,49053,3892,0.3274,机构,2026-08-28
C001387,CAT12,298057,1033,0.51,个人,2026-08-28
C001388,CAT06,54652,3362,0.3712,个人,2026-08-28
C001389,CAT06,996917,1740,0.3276,媒体,2026-08-28
C001390,CAT07,532621,135,0.4731,个人,2026-08-28
C001391,CAT10,396985,1878,0.7412,个人,2026-08-28
C001392,CAT10,1068505,1849,0.3694,个人,2026-08-28
C001393,CAT02,28678,3551,0.891,个人,2026-08-28
C001394,CAT05,538472,797,0.5283,个人,2026-08-28
C001395,CAT10,936625,2755,0.2924,机构,2026-08-28
C001396,CAT03,371369,1041,0.3955,个人,2026-08-28
C001397,CAT05,698561,2398,0.6759,个人,2026-08-28
C001398,CAT12,861138,702,0.4763,个人,2026-08-28
C001399,CAT10,684584,19,0.4077,个人,2026-08-28
C001400,CAT02,283522,1999,0.4713,机构,2026-08-28
C001401,CAT01,482596,3036,0.6104,个人,2026-08-28
C001402,CAT03,364977,3349,0.3573,机构,2026-08-28
C001403,CAT08,470003,1127,0.8181,机构,2026-08-28
C001404,CAT04,506280,808,0.3652,个人,2026-08-28
C001405,CAT06,52554,2758,0.3708,个人,2026-08-28
C001406,CAT08,275082,1206,0.5975,媒体,2026-08-28
C001407,CAT06,678898,1726,0.5955,媒体,2026-08-28
C001408,CAT11,1080697,1511,0.2966,个人,2026-08-28
C001409,CAT08,882389,135,0.3752,个人,2026-08-28
C001410,CAT09,153535,2503,0.7126,个人,2026-08-28
C001411,CAT10,1094482,1268,0.6488,个人,2026-08-28
C001412,CAT04,573780,2930,0.401,个人,2026-08-28
C001413,CAT09,408643,827,0.5821,个人,2026-08-28
C001414,CAT07,649974,1591,0.6765,机构,2026-08-28
C001415,CAT09,674726,1282,0.6717,个人,2026-08-28
C001416,CAT02,196400,2930,0.6851,个人,2026-08-28
C001417,CAT07,927552,1179,0.8067,个人,2026-08-28
C001418,CAT11,1197389,3722,0.7139,个人,2026-08-28
C001419,CAT11,299644,2842,0.8743,个人,2026-08-28
C001420,CAT06,585409,3805,0.7963,个人,2026-08-28
C001421,CAT01,1163604,1174,0.5045,个人,2026-08-28
C001422,CAT05,267329,297,0.612,个人,2026-08-28
C001423,CAT03,171560,2796,0.9154,机构,2026-08-28
C001424,CAT06,140036,842,0.523,机构,2026-08-28
C001425,CAT09,1007120,1149,0.5857,个人,2026-08-28
C001426,CAT07,1175370,1829,0.5631,个人,2026-08-28
C001427,CAT11,207854,2116,0.4002,个人,2026-08-28
C001428,CAT04,355727,1627,0.7012,个人,2026-08-28
C001429,CAT04,802094,858,0.4478,个人,2026-08-28
C001430,CAT07,639356,212,0.5004,个人,2026-08-28
C001431,CAT01,215225,3082,0.537,媒体,2026-08-28
C001432,CAT12,678363,1698,0.6194,个人,2026-08-28
C001433,CAT03,293835,864,0.6439,个人,2026-08-28
C001434,CAT01,995729,856,0.7108,个人,2026-08-28
C001435,CAT01,624278,2004,0.8645,机构,2026-08-28
C001436,CAT11,185397,630,0.4331,个人,2026-08-28
C001437,CAT06,135197,3047,0.9075,个人,2026-08-28
C001438,CAT02,937438,972,0.5664,个人,2026-08-28
C001439,CAT11,855568,2090,0.4731,个人,2026-08-28
C001440,CAT12,739763,1974,0.4433,个人,2026-08-28
C001441,CAT10,876466,643,0.6538,个人,2026-08-28
C001442,CAT03,338395,1860,0.4408,个人,2026-08-28
C001443,CAT12,41723,1462,0.2692,个人,2026-08-28
C001444,CAT02,781540,1848,0.3177,个人,2026-08-28
C001445,CAT11,666617,993,0.9443,媒体,2026-08-28
C001446,CAT11,135514,1038,0.4893,个人,2026-08-28
C001447,CAT11,546403,22,0.9649,机构,2026-08-28
C001448,CAT09,338103,2001,0.4058,个人,2026-08-28
C001449,CAT04,464691,1235,0.6933,个人,2026-08-28
C001450,CAT09,231034,1674,0.6711,个人,2026-08-28
C001451,CAT04,299982,3047,0.3541,个人,2026-08-28
C001452,CAT05,798895,257,0.5875,个人,2026-08-28
C001453,CAT12,1124591,432,0.4772,个人,2026-08-28
C001454,CAT02,774282,3009,0.5817,个人,2026-08-28
C001455,CAT05,1136714,1265,0.7941,个人,2026-08-28
C001456,CAT08,384149,2276,0.4604,个人,2026-08-28
C001457,CAT05,428810,1755,0.5261,个人,2026-08-28
C001458,CAT12,16229,2326,0.4645,个人,2026-08-28
C001459,CAT02,899142,3166,0.7901,个人,2026-08-28
C001460,CAT10,608677,3604,0.9284,个人,2026-08-28
C001461,CAT02,440905,2386,0.6243,个人,2026-08-28
C001462,CAT11,502176,2080,0.4139,个人,2026-08-28
C001463,CAT02,406568,1469,0.5708,机构,2026-08-28
C001464,CAT01,1173423,985,0.6743,个人,2026-08-28
C001465,CAT05,415868,2369,0.98,个人,2026-08-28
C001466,CAT04,956016,3193,0.572,个人,2026-08-28
C001467,CAT02,733302,78,0.38,个人,2026-08-28
C001468,CAT08,167249,796,0.4216,机构,2026-08-28
C001469,CAT06,234168,2117,0.7517,机构,2026-08-28
C001470,CAT05,400976,1936,0.5026,个人,2026-08-28
C001471,CAT08,1057657,1049,0.8066,个人,2026-08-28
C001472,CAT02,546312,1667,0.4843,媒体,2026-08-28
C001473,CAT03,2009,568,0.413,个人,2026-08-28
C001474,CAT02,1145007,1924,0.3532,个人,2026-08-28
C001475,CAT01,586179,1408,0.7186,个人,2026-08-28
C001476,CAT09,998477,1095,0.5791,个人,2026-08-28
C001477,CAT05,395446,2561,0.3827,个人,2026-08-28
C001478,CAT11,1103255,3562,0.4102,个人,2026-08-28
C001479,CAT09,831254,3666,0.5969,个人,2026-08-28
C001480,CAT04,657775,1816,0.8997,个人,2026-08-28
C001481,CAT09,209109,539,0.5922,个人,2026-08-28
C001482,CAT05,29994,663,0.6929,媒体,2026-08-28
C001483,CAT11,960060,3784,0.6186,机构,2026-08-28
C001484,CAT11,1137642,509,0.5821,个人,2026-08-28
C001485,CAT08,636760,2196,0.5359,个人,2026-08-28
C001486,CAT03,467052,1868,0.6238,个人,2026-08-28
C001487,CAT12,318838,349,0.7616,个人,2026-08-28
C001488,CAT12,964281,2499,0.3764,个人,2026-08-28
C001489,CAT02,777549,1157,0.564,个人,2026-08-28
C001490,CAT11,814094,1943,0.5988,个人,2026-08-28
C001491,CAT03,76052,2454,0.4542,机构,2026-08-28
C001492,CAT04,182377,3180,0.5635,个人,2026-08-28
C001493,CAT10,38693,1700,0.7144,个人,2026-08-28
C001494,CAT11,10018,782,0.4447,个人,2026-08-28
C001495,CAT04,673799,602,0.6815,个人,2026-08-28
C001496,CAT04,475236,2181,0.5148,个人,2026-08-28
C001497,CAT12,1125660,2531,0.5015,机构,2026-08-28
C001498,CAT02,110211,3354,0.8382,个人,2026-08-28
C001499,CAT12,942307,3759,0.8897,个人,2026-08-28
C001500,CAT04,683575,124,0.5064,个人,2026-08-28
C001501,CAT07,348134,2700,0.3942,个人,2026-08-28
C001502,CAT07,744814,2466,0.7154,个人,2026-08-28
C001503,CAT04,1113164,1219,0.5791,个人,2026-08-28
C001504,CAT11,668543,1806,0.3134,机构,2026-08-28
C001505,CAT11,317562,733,0.5206,机构,2026-08-28
C001506,CAT03,849185,1174,0.5065,个人,2026-08-28
C001507,CAT10,668123,3244,0.349,个人,2026-08-28
C001508,CAT05,1150684,695,0.6081,媒体,2026-08-28
C001509,CAT02,423349,2879,0.5633,个人,2026-08-28
C001510,CAT02,520350,3909,0.5038,个人,2026-08-28
C001511,CAT11,865934,1449,0.6431,个人,2026-08-28
C001512,CAT07,732475,3360,0.4648,个人,2026-08-28
C001513,CAT12,370576,349,0.8021,机构,2026-08-28
C001514,CAT11,640480,3557,0.6356,个人,2026-08-28
C001515,CAT12,747937,956,0.7121,个人,2026-08-28
C001516,CAT10,335306,2761,0.3417,个人,2026-08-28
C001517,CAT10,382356,1726,0.6383,个人,2026-08-28
C001518,CAT05,1037503,326,0.3814,机构,2026-08-28
C001519,CAT10,307993,2329,0.6112,个人,2026-08-28
C001520,CAT11,1150151,3738,0.2847,个人,2026-08-28
C001521,CAT02,1094576,967,0.4707,个人,2026-08-28
C001522,CAT06,703528,2464,0.9379,个人,2026-08-28
C001523,CAT08,81425,3645,0.6725,机构,2026-08-28
C001524,CAT04,235478,1120,0.4347,个人,2026-08-28
C001525,CAT06,1196309,2888,0.2608,个人,2026-08-28
C001526,CAT05,1009450,2841,0.3487,个人,2026-08-28
C001527,CAT03,853238,2079,0.15,个人,2026-08-28
C001528,CAT12,1087377,2151,0.4541,个人,2026-08-28
C001529,CAT11,354829,2217,0.3075,个人,2026-08-28
C001530,CAT01,762535,1513,0.613,个人,2026-08-28
C001531,CAT02,804537,1346,0.7084,媒体,2026-08-28
C001532,CAT10,651747,1221,0.5153,个人,2026-08-28
C001533,CAT02,482220,3163,0.5869,个人,2026-08-28
C001534,CAT09,960845,1377,0.7641,机构,2026-08-28
C001535,CAT09,1028995,642,0.5893,个人,2026-08-28
C001536,CAT08,804383,2574,0.7526,个人,2026-08-28
C001537,CAT09,1107635,149,0.5946,个人,2026-08-28
C001538,CAT07,589264,2926,0.5957,个人,2026-08-28
C001539,CAT07,69323,537,0.4291,个人,2026-08-28
C001540,CAT10,425901,242,0.3582,个人,2026-08-28
C001541,CAT01,478752,796,0.3606,个人,2026-08-28
C001542,CAT08,505271,3246,0.5289,机构,2026-08-28
C001543,CAT09,798894,539,0.4329,机构,2026-08-28
C001544,CAT07,670710,1631,0.4166,个人,2026-08-28
C001545,CAT04,418399,238,0.4428,个人,2026-08-28
C001546,CAT06,565982,3540,0.5297,机构,2026-08-28
C001547,CAT06,957819,341,0.6431,个人,2026-08-28
C001548,CAT06,111240,195,0.5201,个人,2026-08-28
C001549,CAT01,407613,2525,0.4382,个人,2026-08-28
C001550,CAT04,841309,771,0.6651,个人,2026-08-28
C001551,CAT08,978676,1531,0.4737,个人,2026-08-28
C001552,CAT03,1148301,170,0.6466,个人,2026-08-28
C001553,CAT02,1132649,3521,0.4492,个人,2026-08-28
C001554,CAT05,925372,1204,0.8022,个人,2026-08-28
C001555,CAT07,916238,1094,0.5706,个人,2026-08-28
C001556,CAT09,172286,2710,0.4977,个人,2026-08-28
C001557,CAT10,405718,658,0.5132,个人,2026-08-28
C001558,CAT02,41644,303,0.4857,个人,2026-08-28
C001559,CAT10,156199,3169,0.4649,个人,2026-08-28
C001560,CAT07,239575,1627,0.6325,个人,2026-08-28
C001561,CAT06,581175,2087,0.5926,个人,2026-08-28
C001562,CAT12,652558,2852,0.7496,个人,2026-08-28
C001563,CAT06,332393,3903,0.4079,个人,2026-08-28
C001564,CAT08,584079,9,0.4876,个人,2026-08-28
C001565,CAT01,718303,3899,0.6162,机构,2026-08-28
C001566,CAT12,515288,3971,0.5097,个人,2026-08-28
C001567,CAT10,752981,2631,0.6763,个人,2026-08-28
C001568,CAT04,219686,3724,0.5207,个人,2026-08-28
C001569,CAT08,610717,3582,0.4065,个人,2026-08-28
C001570,CAT03,764489,1137,0.3131,个人,2026-08-28
C001571,CAT09,689920,3470,0.5448,个人,2026-08-28
C001572,CAT09,1098775,3506,0.5958,个人,2026-08-28
C001573,CAT09,250256,783,0.4948,个人,2026-08-28
C001574,CAT08,806823,3566,0.5833,个人,2026-08-28
C001575,CAT02,511079,3985,0.5755,个人,2026-08-28
C001576,CAT03,1021630,1346,0.4584,个人,2026-08-28
C001577,CAT04,926681,3237,0.3333,个人,2026-08-28
C001578,CAT10,998508,1525,0.5867,个人,2026-08-28
C001579,CAT02,1125432,1299,0.4473,个人,2026-08-28
C001580,CAT05,51272,1475,0.4519,个人,2026-08-28
C001581,CAT10,153238,1244,0.4655,媒体,2026-08-28
C001582,CAT12,859192,568,0.3017,个人,2026-08-28
C001583,CAT03,161087,3386,0.3432,个人,2026-08-28
C001584,CAT05,774473,309,0.2923,个人,2026-08-28
C001585,CAT05,826905,1006,0.2773,机构,2026-08-28
C001586,CAT09,752897,488,0.6063,个人,2026-08-28
C001587,CAT06,1041353,1192,0.7205,个人,2026-08-28
C001588,CAT11,590562,512,0.6527,个人,2026-08-28
C001589,CAT05,469158,747,0.5547,个人,2026-08-28
C001590,CAT05,364157,84,0.265,个人,2026-08-28
C001591,CAT09,714283,3193,0.5712,个人,2026-08-28
C001592,CAT07,17792,2916,0.5807,个人,2026-08-28
C001593,CAT05,938184,1347,0.3607,个人,2026-08-28
C001594,CAT04,222923,176,0.3926,媒体,2026-08-28
C001595,CAT06,660215,1475,0.6476,个人,2026-08-28
C001596,CAT02,154567,53,0.6425,个人,2026-08-28
C001597,CAT11,117752,3808,0.6832,个人,2026-08-28
C001598,CAT12,1132235,143,0.6976,个人,2026-08-28
C001599,CAT02,659457,3098,0.2103,个人,2026-08-28
C001600,CAT03,1174994,3310,0.76,个人,2026-08-28
C001601,CAT09,230038,3429,0.624,个人,2026-08-28
C001602,CAT08,728323,1676,0.6309,个人,2026-08-28
C001603,CAT04,856415,1707,0.6123,个人,2026-08-28
C001604,CAT04,315008,2106,0.5269,个人,2026-08-28
C001605,CAT01,358521,1329,0.6142,机构,2026-08-28
C001606,CAT11,288250,561,0.4799,个人,2026-08-28
C001607,CAT12,168503,3449,0.6468,个人,2026-08-28
C001608,CAT11,406727,2231,0.5343,机构,2026-08-28
C001609,CAT09,259567,1021,0.5988,个人,2026-08-28
C001610,CAT03,271610,1477,0.6982,个人,2026-08-28
C001611,CAT09,683038,2944,0.419,个人,2026-08-28
C001612,CAT08,1076909,3143,0.5254,个人,2026-08-28
C001613,CAT11,1163824,2097,0.7127,个人,2026-08-28
C001614,CAT11,889201,2430,0.5523,机构,2026-08-28
C001615,CAT08,593216,317,0.4083,个人,2026-08-28
C001616,CAT02,108456,3274,0.5458,个人,2026-08-28
C001617,CAT01,510330,2220,0.3896,个人,2026-08-28
C001618,CAT07,612070,3736,0.7109,个人,2026-08-28
C001619,CAT11,669475,3433,0.495,机构,2026-08-28
C001620,CAT04,536533,3585,0.8601,个人,2026-08-28
C001621,CAT04,1123524,2158,0.7724,个人,2026-08-28
C001622,CAT11,342994,3943,0.6281,个人,2026-08-28
C001623,CAT02,1074828,2298,0.8727,个人,2026-08-28
C001624,CAT03,332091,3810,0.6697,个人,2026-08-28
C001625,CAT06,242406,1181,0.3456,个人,2026-08-28
C001626,CAT07,251066,2054,0.8381,个人,2026-08-28
C001627,CAT11,473561,483,0.6401,媒体,2026-08-28
C001628,CAT04,49139,125,0.5559,个人,2026-08-28
C001629,CAT12,643047,2877,0.2457,个人,2026-08-28
C001630,CAT12,163737,2103,0.4882,个人,2026-08-28
C001631,CAT02,868243,2397,0.6414,机构,2026-08-28
C001632,CAT03,736983,1708,0.6933,个人,2026-08-28
C001633,CAT03,818386,2681,0.291,个人,2026-08-28
C001634,CAT11,198924,1702,0.9471,个人,2026-08-28
C001635,CAT10,479490,2128,0.4483,个人,2026-08-28
C001636,CAT06,31083,3890,0.4798,个人,2026-08-28
C001637,CAT04,267391,1067,0.6665,机构,2026-08-28
C001638,CAT03,880495,3669,0.7822,个人,2026-08-28
C001639,CAT08,904793,3252,0.98,个人,2026-08-28
C001640,CAT06,475682,3770,0.6212,个人,2026-08-28
C001641,CAT06,977127,1466,0.7132,个人,2026-08-28
C001642,CAT10,940955,3482,0.5746,机构,2026-08-28
C001643,CAT06,888655,2149,0.5379,个人,2026-08-28
C001644,CAT01,805437,1912,0.3305,个人,2026-08-28
C001645,CAT05,1175905,2029,0.5072,个人,2026-08-28
C001646,CAT10,210172,1389,0.4499,个人,2026-08-28
C001647,CAT04,526322,1845,0.8054,个人,2026-08-28
C001648,CAT01,1101674,1174,0.6103,个人,2026-08-28
C001649,CAT10,156900,698,0.5636,个人,2026-08-28
C001650,CAT12,1185553,2606,0.6969,个人,2026-08-28
C001651,CAT06,455416,3775,0.3674,个人,2026-08-28
C001652,CAT12,321593,1707,0.3779,个人,2026-08-28
C001653,CAT05,633350,3093,0.6224,个人,2026-08-28
C001654,CAT12,866673,1969,0.5908,个人,2026-08-28
C001655,CAT05,159774,2503,0.7817,机构,2026-08-28
C001656,CAT08,1180583,117,0.4673,个人,2026-08-28
C001657,CAT06,316386,2151,0.518,个人,2026-08-28
C001658,CAT08,352579,2396,0.4389,个人,2026-08-28
C001659,CAT05,655036,2451,0.6019,个人,2026-08-28
C001660,CAT04,112983,53,0.51,媒体,2026-08-28
C001661,CAT05,560595,2289,0.3085,个人,2026-08-28
C001662,CAT07,436575,1405,0.2968,个人,2026-08-28
C001663,CAT03,772687,3578,0.4043,个人,2026-08-28
C001664,CAT01,852249,1470,0.8512,个人,2026-08-28
C001665,CAT10,70740,315,0.4765,个人,2026-08-28
C001666,CAT06,1006909,1663,0.6653,个人,2026-08-28
C001667,CAT03,1010672,223,0.6632,个人,2026-08-28
C001668,CAT04,1110098,3734,0.7206,个人,2026-08-28
C001669,CAT02,784402,1268,0.7608,个人,2026-08-28
C001670,CAT05,327565,2162,0.7023,个人,2026-08-28
C001671,CAT11,1119294,177,0.3582,个人,2026-08-28
C001672,CAT04,207953,2510,0.688,个人,2026-08-28
C001673,CAT11,435912,457,0.5143,个人,2026-08-28
C001674,CAT02,706292,1027,0.5778,个人,2026-08-28
C001675,CAT07,438923,3419,0.7959,个人,2026-08-28
C001676,CAT12,653684,1908,0.5145,个人,2026-08-28
C001677,CAT05,200888,281,0.6969,机构,2026-08-28
C001678,CAT12,102971,1752,0.8371,个人,2026-08-28
C001679,CAT10,439860,3259,0.4969,个人,2026-08-28
C001680,CAT01,853977,2754,0.5193,个人,2026-08-28
C001681,CAT10,386982,993,0.5152,个人,2026-08-28
C001682,CAT08,120164,2561,0.5921,个人,2026-08-28
C001683,CAT08,772579,1169,0.5389,个人,2026-08-28
C001684,CAT03,95277,3147,0.601,个人,2026-08-28
C001685,CAT05,368158,2225,0.4393,个人,2026-08-28
C001686,CAT05,22519,1609,0.8216,个人,2026-08-28
C001687,CAT01,900271,3628,0.8455,媒体,2026-08-28
C001688,CAT04,46483,3151,0.5142,机构,2026-08-28
C001689,CAT02,429141,3634,0.5667,个人,2026-08-28
C001690,CAT11,1113134,813,0.4604,个人,2026-08-28
C001691,CAT09,413454,2825,0.4505,个人,2026-08-28
C001692,CAT09,67910,74,0.6107,个人,2026-08-28
C001693,CAT06,169060,3662,0.8901,个人,2026-08-28
C001694,CAT08,949612,207,0.4569,个人,2026-08-28
C001695,CAT04,1098215,530,0.6204,个人,2026-08-28
C001696,CAT03,639268,843,0.4297,个人,2026-08-28
C001697,CAT08,559961,2478,0.3332,个人,2026-08-28
C001698,CAT09,274895,942,0.3629,个人,2026-08-28
C001699,CAT02,57175,460,0.5274,个人,2026-08-28
C001700,CAT02,44977,430,0.7078,个人,2026-08-28
C001701,CAT09,200663,2045,0.6401,个人,2026-08-28
C001702,CAT01,366745,3457,0.5376,个人,2026-08-28
C001703,CAT08,1091323,2115,0.6714,个人,2026-08-28
C001704,CAT01,399259,134,0.5006,个人,2026-08-28
C001705,CAT07,240021,1859,0.306,个人,2026-08-28
C001706,CAT10,633569,991,0.8721,机构,2026-08-28
C001707,CAT02,720144,3873,0.5709,机构,2026-08-28
C001708,CAT05,318126,1464,0.5133,个人,2026-08-28
C001709,CAT01,138184,3625,0.2584,个人,2026-08-28
C001710,CAT08,652747,2777,0.6206,个人,2026-08-28
C001711,CAT04,846458,3136,0.7082,个人,2026-08-28
C001712,CAT07,727317,2757,0.6088,个人,2026-08-28
C001713,CAT02,452628,292,0.7716,个人,2026-08-28
C001714,CAT07,1081867,1862,0.468,个人,2026-08-28
C001715,CAT03,23887,667,0.4392,机构,2026-08-28
C001716,CAT08,135688,3495,0.5235,个人,2026-08-28
C001717,CAT04,777442,2185,0.4336,个人,2026-08-28
C001718,CAT04,636453,2004,0.3242,个人,2026-08-28
C001719,CAT03,447758,1656,0.3647,个人,2026-08-28
C001720,CAT01,555857,1956,0.4852,个人,2026-08-28
C001721,CAT09,681669,515,0.5818,个人,2026-08-28
C001722,CAT03,36687,2610,0.3457,个人,2026-08-28
C001723,CAT11,239619,3495,0.5257,机构,2026-08-28
C001724,CAT06,1064476,2431,0.307,个人,2026-08-28
C001725,CAT05,81014,1273,0.7255,个人,2026-08-28
C001726,CAT12,938572,897,0.7204,个人,2026-08-28
C001727,CAT08,616981,2784,0.6003,个人,2026-08-28
C001728,CAT01,394687,3183,0.5076,个人,2026-08-28
C001729,CAT05,119977,3886,0.6538,个人,2026-08-28
C001730,CAT04,1027512,587,0.662,个人,2026-08-28
C001731,CAT03,1107814,2443,0.4859,媒体,2026-08-28
C001732,CAT07,18715,3405,0.3812,个人,2026-08-28
C001733,CAT06,209808,1784,0.5418,个人,2026-08-28
C001734,CAT07,1085377,3634,0.6437,个人,2026-08-28
C001735,CAT03,727315,487,0.6039,个人,2026-08-28
C001736,CAT08,26038,2016,0.4372,机构,2026-08-28
C001737,CAT02,368658,2702,0.6159,个人,2026-08-28
C001738,CAT10,571505,2870,0.3804,个人,2026-08-28
C001739,CAT07,963070,2449,0.7589,个人,2026-08-28
C001740,CAT08,146119,972,0.8928,个人,2026-08-28
C001741,CAT02,649149,3467,0.6995,个人,2026-08-28
C001742,CAT06,670796,1253,0.5368,个人,2026-08-28
C001743,CAT05,1105614,2206,0.592,个人,2026-08-28
C001744,CAT04,77911,230,0.4066,个人,2026-08-28
C001745,CAT01,399701,1447,0.4304,个人,2026-08-28
C001746,CAT02,1119691,3088,0.5095,个人,2026-08-28
C001747,CAT07,448893,709,0.8149,个人,2026-08-28
C001748,CAT03,181309,97,0.6674,机构,2026-08-28
C001749,CAT11,675053,2551,0.4995,个人,2026-08-28
C001750,CAT06,739492,863,0.8369,机构,2026-08-28
C001751,CAT05,573692,3101,0.2346,个人,2026-08-28
C001752,CAT03,529086,3569,0.5299,机构,2026-08-28
C001753,CAT01,417364,747,0.3182,个人,2026-08-28
C001754,CAT10,741223,2183,0.8534,个人,2026-08-28
C001755,CAT07,395742,3538,0.4962,个人,2026-08-28
C001756,CAT05,741111,2746,0.6793,个人,2026-08-28
C001757,CAT02,1068858,2478,0.4538,个人,2026-08-28
C001758,CAT09,31642,2487,0.3003,个人,2026-08-28
C001759,CAT11,546926,3795,0.5173,个人,2026-08-28
C001760,CAT01,271523,2907,0.7326,个人,2026-08-28
C001761,CAT01,228280,870,0.5518,个人,2026-08-28
C001762,CAT02,541495,1389,0.804,个人,2026-08-28
C001763,CAT01,1023039,3126,0.5474,个人,2026-08-28
C001764,CAT08,804758,2845,0.5013,个人,2026-08-28
C001765,CAT10,139415,3195,0.5174,个人,2026-08-28
C001766,CAT10,377527,2673,0.3416,个人,2026-08-28
C001767,CAT08,581018,1613,0.581,个人,2026-08-28
C001768,CAT06,1067846,1536,0.6594,个人,2026-08-28
C001769,CAT09,978097,619,0.5413,个人,2026-08-28
C001770,CAT08,839573,2007,0.5283,个人,2026-08-28
C001771,CAT02,451923,1776,0.462,个人,2026-08-28
C001772,CAT07,208079,1175,0.8679,个人,2026-08-28
C001773,CAT04,21418,643,0.6818,个人,2026-08-28
C001774,CAT02,122419,3017,0.5271,个人,2026-08-28
C001775,CAT04,1148789,2125,0.5173,个人,2026-08-28
C001776,CAT11,481616,3074,0.6978,个人,2026-08-28
C001777,CAT09,911409,1198,0.2093,个人,2026-08-28
C001778,CAT10,774518,2733,0.7341,个人,2026-08-28
C001779,CAT10,1042360,1973,0.4362,个人,2026-08-28
C001780,CAT03,437634,673,0.5044,个人,2026-08-28
C001781,CAT05,990256,1504,0.5795,个人,2026-08-28
C001782,CAT10,567479,2349,0.7375,个人,2026-08-28
C001783,CAT12,1090475,434,0.3237,个人,2026-08-28
C001784,CAT01,555545,3781,0.5279,个人,2026-08-28
C001785,CAT08,1179374,3054,0.5836,个人,2026-08-28
C001786,CAT08,6331,698,0.5934,个人,2026-08-28
C001787,CAT03,289717,2551,0.6548,个人,2026-08-28
C001788,CAT03,31218,1121,0.4768,个人,2026-08-28
C001789,CAT10,405656,2297,0.5227,个人,2026-08-28
C001790,CAT07,845122,3716,0.6463,个人,2026-08-28
C001791,CAT01,116863,1890,0.7254,个人,2026-08-28
C001792,CAT12,657258,2050,0.6659,媒体,2026-08-28
C001793,CAT06,190894,1803,0.6814,个人,2026-08-28
C001794,CAT09,1047470,1105,0.6703,个人,2026-08-28
C001795,CAT07,1010824,1199,0.4417,机构,2026-08-28
C001796,CAT01,896126,2737,0.6253,机构,2026-08-28
C001797,CAT09,529528,1302,0.5415,个人,2026-08-28
C001798,CAT05,434027,1981,0.4781,个人,2026-08-28
C001799,CAT12,137240,444,0.6447,个人,2026-08-28
C001800,CAT09,473273,233,0.2611,个人,2026-08-28
