creator_metric_id,metric_date,creator_id,play_count,interaction_count,published_count,interaction_rate
CRM0000001,2026-08-28,C000001,39,7,9,0.1795
CRM0000002,2026-08-28,C000002,20,2,9,0.1
CRM0000003,2026-08-28,C000003,13,3,4,0.2308
CRM0000004,2026-08-28,C000004,36,4,9,0.1111
CRM0000005,2026-08-28,C000005,36,5,13,0.1389
CRM0000006,2026-08-28,C000006,2,0,1,0.0
CRM0000007,2026-08-28,C000007,26,5,9,0.1923
CRM0000008,2026-08-28,C000008,16,1,5,0.0625
CRM0000009,2026-08-28,C000009,26,2,10,0.0769
CRM0000010,2026-08-28,C000010,42,7,13,0.1667
CRM0000011,2026-08-28,C000011,50,6,10,0.12
CRM0000012,2026-08-28,C000012,12,1,4,0.0833
CRM0000013,2026-08-28,C000013,17,3,5,0.1765
CRM0000014,2026-08-28,C000014,40,5,12,0.125
CRM0000015,2026-08-28,C000015,49,2,14,0.0408
CRM0000016,2026-08-28,C000016,29,5,10,0.1724
CRM0000017,2026-08-28,C000017,33,2,9,0.0606
CRM0000018,2026-08-28,C000018,27,2,9,0.0741
CRM0000019,2026-08-28,C000019,30,6,9,0.2
CRM0000020,2026-08-28,C000020,30,4,9,0.1333
CRM0000021,2026-08-28,C000021,24,2,8,0.0833
CRM0000022,2026-08-28,C000022,41,8,8,0.1951
CRM0000023,2026-08-28,C000023,15,2,6,0.1333
CRM0000024,2026-08-28,C000024,41,6,11,0.1463
CRM0000025,2026-08-28,C000025,59,12,15,0.2034
CRM0000026,2026-08-28,C000026,19,5,4,0.2632
CRM0000027,2026-08-28,C000027,24,1,5,0.0417
CRM0000028,2026-08-28,C000028,13,0,6,0.0
CRM0000029,2026-08-28,C000029,26,4,11,0.1538
CRM0000030,2026-08-28,C000030,35,2,11,0.0571
CRM0000031,2026-08-28,C000031,43,4,10,0.093
CRM0000032,2026-08-28,C000032,24,2,6,0.0833
CRM0000033,2026-08-28,C000033,16,2,4,0.125
CRM0000034,2026-08-28,C000034,12,2,6,0.1667
CRM0000035,2026-08-28,C000035,32,6,12,0.1875
CRM0000036,2026-08-28,C000036,28,2,7,0.0714
CRM0000037,2026-08-28,C000037,20,1,7,0.05
CRM0000038,2026-08-28,C000038,52,2,12,0.0385
CRM0000039,2026-08-28,C000039,41,7,13,0.1707
CRM0000040,2026-08-28,C000040,30,8,9,0.2667
CRM0000041,2026-08-28,C000041,23,3,9,0.1304
CRM0000042,2026-08-28,C000042,25,2,8,0.08
CRM0000043,2026-08-28,C000043,11,1,3,0.0909
CRM0000044,2026-08-28,C000044,27,3,6,0.1111
CRM0000045,2026-08-28,C000045,27,1,8,0.037
CRM0000046,2026-08-28,C000046,6,0,3,0.0
CRM0000047,2026-08-28,C000047,45,3,11,0.0667
CRM0000048,2026-08-28,C000048,15,0,6,0.0
CRM0000049,2026-08-28,C000049,13,2,5,0.1538
CRM0000050,2026-08-28,C000050,29,3,10,0.1034
CRM0000051,2026-08-28,C000051,43,3,10,0.0698
CRM0000052,2026-08-28,C000052,18,2,5,0.1111
CRM0000053,2026-08-28,C000053,20,3,5,0.15
CRM0000054,2026-08-28,C000054,55,15,16,0.2727
CRM0000055,2026-08-28,C000055,14,2,5,0.1429
CRM0000056,2026-08-28,C000056,27,1,7,0.037
CRM0000057,2026-08-28,C000057,47,7,9,0.1489
CRM0000058,2026-08-28,C000058,18,0,5,0.0
CRM0000059,2026-08-28,C000059,33,6,9,0.1818
CRM0000060,2026-08-28,C000060,22,5,9,0.2273
CRM0000061,2026-08-28,C000061,36,4,11,0.1111
CRM0000062,2026-08-28,C000062,8,0,3,0.0
CRM0000063,2026-08-28,C000063,10,1,5,0.1
CRM0000064,2026-08-28,C000064,14,2,6,0.1429
CRM0000065,2026-08-28,C000065,7,0,2,0.0
CRM0000066,2026-08-28,C000066,31,7,8,0.2258
CRM0000067,2026-08-28,C000067,10,1,2,0.1
CRM0000068,2026-08-28,C000068,41,5,12,0.122
CRM0000069,2026-08-28,C000069,12,2,4,0.1667
CRM0000070,2026-08-28,C000070,23,2,9,0.087
CRM0000071,2026-08-28,C000071,11,3,3,0.2727
CRM0000072,2026-08-28,C000072,28,6,9,0.2143
CRM0000073,2026-08-28,C000073,14,2,5,0.1429
CRM0000074,2026-08-28,C000074,15,1,5,0.0667
CRM0000075,2026-08-28,C000075,15,3,6,0.2
CRM0000076,2026-08-28,C000076,40,2,12,0.05
CRM0000077,2026-08-28,C000077,50,5,15,0.1
CRM0000078,2026-08-28,C000078,27,4,11,0.1481
CRM0000079,2026-08-28,C000079,17,1,6,0.0588
CRM0000080,2026-08-28,C000080,37,3,14,0.0811
CRM0000081,2026-08-28,C000081,26,3,10,0.1154
CRM0000082,2026-08-28,C000082,33,4,9,0.1212
CRM0000083,2026-08-28,C000083,19,5,6,0.2632
CRM0000084,2026-08-28,C000084,15,1,4,0.0667
CRM0000085,2026-08-28,C000085,27,7,8,0.2593
CRM0000086,2026-08-28,C000086,20,2,6,0.1
CRM0000087,2026-08-28,C000087,23,2,10,0.087
CRM0000088,2026-08-28,C000088,32,4,9,0.125
CRM0000089,2026-08-28,C000089,25,6,6,0.24
CRM0000090,2026-08-28,C000090,30,6,10,0.2
CRM0000091,2026-08-28,C000091,28,3,10,0.1071
CRM0000092,2026-08-28,C000092,14,0,7,0.0
CRM0000093,2026-08-28,C000093,19,1,9,0.0526
CRM0000094,2026-08-28,C000094,28,2,10,0.0714
CRM0000095,2026-08-28,C000095,27,6,9,0.2222
CRM0000096,2026-08-28,C000096,12,0,4,0.0
CRM0000097,2026-08-28,C000097,29,3,6,0.1034
CRM0000098,2026-08-28,C000098,43,5,12,0.1163
CRM0000099,2026-08-28,C000099,22,2,7,0.0909
CRM0000100,2026-08-28,C000100,14,0,4,0.0
CRM0000101,2026-08-28,C000101,25,0,8,0.0
CRM0000102,2026-08-28,C000102,37,1,11,0.027
CRM0000103,2026-08-28,C000103,37,6,10,0.1622
CRM0000104,2026-08-28,C000104,21,3,8,0.1429
CRM0000105,2026-08-28,C000105,29,6,8,0.2069
CRM0000106,2026-08-28,C000106,39,5,11,0.1282
CRM0000107,2026-08-28,C000107,33,5,9,0.1515
CRM0000108,2026-08-28,C000108,12,0,6,0.0
CRM0000109,2026-08-28,C000109,23,2,7,0.087
CRM0000110,2026-08-28,C000110,28,2,7,0.0714
CRM0000111,2026-08-28,C000111,54,7,12,0.1296
CRM0000112,2026-08-28,C000112,31,8,8,0.2581
CRM0000113,2026-08-28,C000113,25,1,9,0.04
CRM0000114,2026-08-28,C000114,33,7,12,0.2121
CRM0000115,2026-08-28,C000115,23,3,7,0.1304
CRM0000116,2026-08-28,C000116,30,3,10,0.1
CRM0000117,2026-08-28,C000117,16,1,5,0.0625
CRM0000118,2026-08-28,C000118,43,3,16,0.0698
CRM0000119,2026-08-28,C000119,16,1,6,0.0625
CRM0000120,2026-08-28,C000120,20,2,5,0.1
CRM0000121,2026-08-28,C000121,24,1,6,0.0417
CRM0000122,2026-08-28,C000122,10,2,4,0.2
CRM0000123,2026-08-28,C000123,15,2,4,0.1333
CRM0000124,2026-08-28,C000124,7,3,3,0.4286
CRM0000125,2026-08-28,C000125,26,3,7,0.1154
CRM0000126,2026-08-28,C000126,34,5,9,0.1471
CRM0000127,2026-08-28,C000127,36,4,9,0.1111
CRM0000128,2026-08-28,C000128,46,7,9,0.1522
CRM0000129,2026-08-28,C000129,42,5,12,0.119
CRM0000130,2026-08-28,C000130,33,3,11,0.0909
CRM0000131,2026-08-28,C000131,33,7,10,0.2121
CRM0000132,2026-08-28,C000132,49,6,11,0.1224
CRM0000133,2026-08-28,C000133,9,1,2,0.1111
CRM0000134,2026-08-28,C000134,41,6,13,0.1463
CRM0000135,2026-08-28,C000135,29,3,6,0.1034
CRM0000136,2026-08-28,C000136,28,4,7,0.1429
CRM0000137,2026-08-28,C000137,20,2,6,0.1
CRM0000138,2026-08-28,C000138,15,1,8,0.0667
CRM0000139,2026-08-28,C000139,29,3,12,0.1034
CRM0000140,2026-08-28,C000140,30,4,9,0.1333
CRM0000141,2026-08-28,C000141,27,5,11,0.1852
CRM0000142,2026-08-28,C000142,35,0,10,0.0
CRM0000143,2026-08-28,C000143,42,2,12,0.0476
CRM0000144,2026-08-28,C000144,29,6,11,0.2069
CRM0000145,2026-08-28,C000145,17,4,7,0.2353
CRM0000146,2026-08-28,C000146,26,9,6,0.3462
CRM0000147,2026-08-28,C000147,21,3,6,0.1429
CRM0000148,2026-08-28,C000148,55,5,15,0.0909
CRM0000149,2026-08-28,C000149,27,5,8,0.1852
CRM0000150,2026-08-28,C000150,22,4,6,0.1818
CRM0000151,2026-08-28,C000151,7,1,3,0.1429
CRM0000152,2026-08-28,C000152,33,2,10,0.0606
CRM0000153,2026-08-28,C000153,46,3,13,0.0652
CRM0000154,2026-08-28,C000154,19,2,8,0.1053
CRM0000155,2026-08-28,C000155,17,2,10,0.1176
CRM0000156,2026-08-28,C000156,30,3,10,0.1
CRM0000157,2026-08-28,C000157,20,3,5,0.15
CRM0000158,2026-08-28,C000158,34,4,10,0.1176
CRM0000159,2026-08-28,C000159,24,3,7,0.125
CRM0000160,2026-08-28,C000160,26,2,8,0.0769
CRM0000161,2026-08-28,C000161,28,5,7,0.1786
CRM0000162,2026-08-28,C000162,26,2,5,0.0769
CRM0000163,2026-08-28,C000163,15,2,8,0.1333
CRM0000164,2026-08-28,C000164,22,1,6,0.0455
CRM0000165,2026-08-28,C000165,38,3,11,0.0789
CRM0000166,2026-08-28,C000166,35,5,10,0.1429
CRM0000167,2026-08-28,C000167,27,3,10,0.1111
CRM0000168,2026-08-28,C000168,31,4,8,0.129
CRM0000169,2026-08-28,C000169,12,2,4,0.1667
CRM0000170,2026-08-28,C000170,29,4,8,0.1379
CRM0000171,2026-08-28,C000171,12,1,4,0.0833
CRM0000172,2026-08-28,C000172,19,0,6,0.0
CRM0000173,2026-08-28,C000173,30,3,8,0.1
CRM0000174,2026-08-28,C000174,29,5,9,0.1724
CRM0000175,2026-08-28,C000175,23,2,8,0.087
CRM0000176,2026-08-28,C000176,12,3,5,0.25
CRM0000177,2026-08-28,C000177,26,3,9,0.1154
CRM0000178,2026-08-28,C000178,19,0,7,0.0
CRM0000179,2026-08-28,C000179,11,2,3,0.1818
CRM0000180,2026-08-28,C000180,49,10,12,0.2041
CRM0000181,2026-08-28,C000181,20,1,7,0.05
CRM0000182,2026-08-28,C000182,12,1,7,0.0833
CRM0000183,2026-08-28,C000183,19,3,6,0.1579
CRM0000184,2026-08-28,C000184,38,2,11,0.0526
CRM0000185,2026-08-28,C000185,19,2,7,0.1053
CRM0000186,2026-08-28,C000186,41,6,12,0.1463
CRM0000187,2026-08-28,C000187,36,4,8,0.1111
CRM0000188,2026-08-28,C000188,31,4,8,0.129
CRM0000189,2026-08-28,C000189,15,2,6,0.1333
CRM0000190,2026-08-28,C000190,32,4,7,0.125
CRM0000191,2026-08-28,C000191,25,6,6,0.24
CRM0000192,2026-08-28,C000192,38,4,14,0.1053
CRM0000193,2026-08-28,C000193,45,12,11,0.2667
CRM0000194,2026-08-28,C000194,43,6,10,0.1395
CRM0000195,2026-08-28,C000195,16,1,6,0.0625
CRM0000196,2026-08-28,C000196,13,2,6,0.1538
CRM0000197,2026-08-28,C000197,16,3,8,0.1875
CRM0000198,2026-08-28,C000198,38,7,10,0.1842
CRM0000199,2026-08-28,C000199,17,3,6,0.1765
CRM0000200,2026-08-28,C000200,10,1,5,0.1
CRM0000201,2026-08-28,C000201,31,1,10,0.0323
CRM0000202,2026-08-28,C000202,30,8,7,0.2667
CRM0000203,2026-08-28,C000203,18,4,5,0.2222
CRM0000204,2026-08-28,C000204,26,3,8,0.1154
CRM0000205,2026-08-28,C000205,45,4,12,0.0889
CRM0000206,2026-08-28,C000206,6,1,4,0.1667
CRM0000207,2026-08-28,C000207,24,2,7,0.0833
CRM0000208,2026-08-28,C000208,32,1,12,0.0312
CRM0000209,2026-08-28,C000209,25,4,10,0.16
CRM0000210,2026-08-28,C000210,36,7,11,0.1944
CRM0000211,2026-08-28,C000211,30,4,7,0.1333
CRM0000212,2026-08-28,C000212,21,1,7,0.0476
CRM0000213,2026-08-28,C000213,36,3,10,0.0833
CRM0000214,2026-08-28,C000214,33,9,9,0.2727
CRM0000215,2026-08-28,C000215,23,6,8,0.2609
CRM0000216,2026-08-28,C000216,32,3,10,0.0938
CRM0000217,2026-08-28,C000217,35,2,10,0.0571
CRM0000218,2026-08-28,C000218,16,1,4,0.0625
CRM0000219,2026-08-28,C000219,24,3,7,0.125
CRM0000220,2026-08-28,C000220,28,6,9,0.2143
CRM0000221,2026-08-28,C000221,30,5,9,0.1667
CRM0000222,2026-08-28,C000222,40,7,12,0.175
CRM0000223,2026-08-28,C000223,27,3,8,0.1111
CRM0000224,2026-08-28,C000224,45,10,12,0.2222
CRM0000225,2026-08-28,C000225,20,2,6,0.1
CRM0000226,2026-08-28,C000226,21,5,5,0.2381
CRM0000227,2026-08-28,C000227,37,3,15,0.0811
CRM0000228,2026-08-28,C000228,23,7,6,0.3043
CRM0000229,2026-08-28,C000229,31,8,8,0.2581
CRM0000230,2026-08-28,C000230,16,1,4,0.0625
CRM0000231,2026-08-28,C000231,32,3,9,0.0938
CRM0000232,2026-08-28,C000232,49,4,15,0.0816
CRM0000233,2026-08-28,C000233,25,3,7,0.12
CRM0000234,2026-08-28,C000234,35,3,12,0.0857
CRM0000235,2026-08-28,C000235,40,5,10,0.125
CRM0000236,2026-08-28,C000236,42,8,12,0.1905
CRM0000237,2026-08-28,C000237,48,4,15,0.0833
CRM0000238,2026-08-28,C000238,18,2,4,0.1111
CRM0000239,2026-08-28,C000239,31,3,8,0.0968
CRM0000240,2026-08-28,C000240,16,1,4,0.0625
CRM0000241,2026-08-28,C000241,12,2,6,0.1667
CRM0000242,2026-08-28,C000242,21,2,8,0.0952
CRM0000243,2026-08-28,C000243,22,3,7,0.1364
CRM0000244,2026-08-28,C000244,33,7,9,0.2121
CRM0000245,2026-08-28,C000245,23,2,8,0.087
CRM0000246,2026-08-28,C000246,42,4,11,0.0952
CRM0000247,2026-08-28,C000247,42,5,13,0.119
CRM0000248,2026-08-28,C000248,21,2,7,0.0952
CRM0000249,2026-08-28,C000249,15,3,5,0.2
CRM0000250,2026-08-28,C000250,27,6,7,0.2222
CRM0000251,2026-08-28,C000251,20,6,6,0.3
CRM0000252,2026-08-28,C000252,43,5,10,0.1163
CRM0000253,2026-08-28,C000253,43,3,13,0.0698
CRM0000254,2026-08-28,C000254,37,12,8,0.3243
CRM0000255,2026-08-28,C000255,10,2,4,0.2
CRM0000256,2026-08-28,C000256,10,0,4,0.0
CRM0000257,2026-08-28,C000257,41,4,12,0.0976
CRM0000258,2026-08-28,C000258,33,4,9,0.1212
CRM0000259,2026-08-28,C000259,24,9,8,0.375
CRM0000260,2026-08-28,C000260,29,4,8,0.1379
CRM0000261,2026-08-28,C000261,37,4,11,0.1081
CRM0000262,2026-08-28,C000262,13,1,6,0.0769
CRM0000263,2026-08-28,C000263,17,1,7,0.0588
CRM0000264,2026-08-28,C000264,14,4,5,0.2857
CRM0000265,2026-08-28,C000265,21,3,7,0.1429
CRM0000266,2026-08-28,C000266,34,3,11,0.0882
CRM0000267,2026-08-28,C000267,36,5,14,0.1389
CRM0000268,2026-08-28,C000268,33,5,10,0.1515
CRM0000269,2026-08-28,C000269,41,7,11,0.1707
CRM0000270,2026-08-28,C000270,17,1,9,0.0588
CRM0000271,2026-08-28,C000271,38,4,12,0.1053
CRM0000272,2026-08-28,C000272,16,2,5,0.125
CRM0000273,2026-08-28,C000273,17,0,5,0.0
CRM0000274,2026-08-28,C000274,31,3,11,0.0968
CRM0000275,2026-08-28,C000275,27,2,9,0.0741
CRM0000276,2026-08-28,C000276,35,5,9,0.1429
CRM0000277,2026-08-28,C000277,27,8,7,0.2963
CRM0000278,2026-08-28,C000278,25,4,9,0.16
CRM0000279,2026-08-28,C000279,21,1,6,0.0476
CRM0000280,2026-08-28,C000280,26,8,8,0.3077
CRM0000281,2026-08-28,C000281,25,3,6,0.12
CRM0000282,2026-08-28,C000282,16,4,4,0.25
CRM0000283,2026-08-28,C000283,35,3,13,0.0857
CRM0000284,2026-08-28,C000284,20,1,9,0.05
CRM0000285,2026-08-28,C000285,21,3,8,0.1429
CRM0000286,2026-08-28,C000286,50,9,11,0.18
CRM0000287,2026-08-28,C000287,41,5,13,0.122
CRM0000288,2026-08-28,C000288,43,8,12,0.186
CRM0000289,2026-08-28,C000289,20,0,8,0.0
CRM0000290,2026-08-28,C000290,25,7,8,0.28
CRM0000291,2026-08-28,C000291,40,4,12,0.1
CRM0000292,2026-08-28,C000292,12,2,5,0.1667
CRM0000293,2026-08-28,C000293,26,4,7,0.1538
CRM0000294,2026-08-28,C000294,16,1,6,0.0625
CRM0000295,2026-08-28,C000295,25,3,7,0.12
CRM0000296,2026-08-28,C000296,29,1,10,0.0345
CRM0000297,2026-08-28,C000297,23,0,9,0.0
CRM0000298,2026-08-28,C000298,0,0,0,0.0
CRM0000299,2026-08-28,C000299,16,3,4,0.1875
CRM0000300,2026-08-28,C000300,26,3,7,0.1154
CRM0000301,2026-08-28,C000301,39,3,15,0.0769
CRM0000302,2026-08-28,C000302,40,6,13,0.15
CRM0000303,2026-08-28,C000303,24,2,9,0.0833
CRM0000304,2026-08-28,C000304,18,2,6,0.1111
CRM0000305,2026-08-28,C000305,23,8,9,0.3478
CRM0000306,2026-08-28,C000306,34,6,8,0.1765
CRM0000307,2026-08-28,C000307,8,0,4,0.0
CRM0000308,2026-08-28,C000308,19,3,7,0.1579
CRM0000309,2026-08-28,C000309,31,7,10,0.2258
CRM0000310,2026-08-28,C000310,28,1,10,0.0357
CRM0000311,2026-08-28,C000311,19,4,6,0.2105
CRM0000312,2026-08-28,C000312,25,7,7,0.28
CRM0000313,2026-08-28,C000313,29,3,11,0.1034
CRM0000314,2026-08-28,C000314,18,2,6,0.1111
CRM0000315,2026-08-28,C000315,16,2,5,0.125
CRM0000316,2026-08-28,C000316,25,2,6,0.08
CRM0000317,2026-08-28,C000317,29,3,8,0.1034
CRM0000318,2026-08-28,C000318,31,2,8,0.0645
CRM0000319,2026-08-28,C000319,28,5,11,0.1786
CRM0000320,2026-08-28,C000320,24,4,9,0.1667
CRM0000321,2026-08-28,C000321,31,3,10,0.0968
CRM0000322,2026-08-28,C000322,28,4,12,0.1429
CRM0000323,2026-08-28,C000323,26,3,7,0.1154
CRM0000324,2026-08-28,C000324,31,3,8,0.0968
CRM0000325,2026-08-28,C000325,28,5,7,0.1786
CRM0000326,2026-08-28,C000326,30,5,10,0.1667
CRM0000327,2026-08-28,C000327,38,5,10,0.1316
CRM0000328,2026-08-28,C000328,25,3,9,0.12
CRM0000329,2026-08-28,C000329,35,3,8,0.0857
CRM0000330,2026-08-28,C000330,13,1,4,0.0769
CRM0000331,2026-08-28,C000331,20,3,5,0.15
CRM0000332,2026-08-28,C000332,27,3,10,0.1111
CRM0000333,2026-08-28,C000333,41,7,10,0.1707
CRM0000334,2026-08-28,C000334,36,5,11,0.1389
CRM0000335,2026-08-28,C000335,59,12,14,0.2034
CRM0000336,2026-08-28,C000336,28,1,9,0.0357
CRM0000337,2026-08-28,C000337,18,3,5,0.1667
CRM0000338,2026-08-28,C000338,18,4,7,0.2222
CRM0000339,2026-08-28,C000339,17,1,4,0.0588
CRM0000340,2026-08-28,C000340,9,2,5,0.2222
CRM0000341,2026-08-28,C000341,28,3,9,0.1071
CRM0000342,2026-08-28,C000342,23,3,8,0.1304
CRM0000343,2026-08-28,C000343,22,4,8,0.1818
CRM0000344,2026-08-28,C000344,22,1,6,0.0455
CRM0000345,2026-08-28,C000345,56,8,12,0.1429
CRM0000346,2026-08-28,C000346,25,1,8,0.04
CRM0000347,2026-08-28,C000347,10,0,4,0.0
CRM0000348,2026-08-28,C000348,44,8,13,0.1818
CRM0000349,2026-08-28,C000349,29,8,5,0.2759
CRM0000350,2026-08-28,C000350,13,3,6,0.2308
CRM0000351,2026-08-28,C000351,18,3,7,0.1667
CRM0000352,2026-08-28,C000352,29,5,7,0.1724
CRM0000353,2026-08-28,C000353,8,1,4,0.125
CRM0000354,2026-08-28,C000354,32,6,9,0.1875
CRM0000355,2026-08-28,C000355,40,6,11,0.15
CRM0000356,2026-08-28,C000356,13,1,5,0.0769
CRM0000357,2026-08-28,C000357,30,7,10,0.2333
CRM0000358,2026-08-28,C000358,18,5,6,0.2778
CRM0000359,2026-08-28,C000359,36,1,10,0.0278
CRM0000360,2026-08-28,C000360,22,6,6,0.2727
CRM0000361,2026-08-28,C000361,18,2,5,0.1111
CRM0000362,2026-08-28,C000362,11,3,5,0.2727
CRM0000363,2026-08-28,C000363,22,2,9,0.0909
CRM0000364,2026-08-28,C000364,35,6,7,0.1714
CRM0000365,2026-08-28,C000365,25,4,9,0.16
CRM0000366,2026-08-28,C000366,32,4,9,0.125
CRM0000367,2026-08-28,C000367,17,2,6,0.1176
CRM0000368,2026-08-28,C000368,31,3,10,0.0968
CRM0000369,2026-08-28,C000369,48,3,14,0.0625
CRM0000370,2026-08-28,C000370,9,3,6,0.3333
CRM0000371,2026-08-28,C000371,28,7,6,0.25
CRM0000372,2026-08-28,C000372,34,4,13,0.1176
CRM0000373,2026-08-28,C000373,30,4,7,0.1333
CRM0000374,2026-08-28,C000374,19,2,7,0.1053
CRM0000375,2026-08-28,C000375,26,3,10,0.1154
CRM0000376,2026-08-28,C000376,30,4,10,0.1333
CRM0000377,2026-08-28,C000377,23,3,8,0.1304
CRM0000378,2026-08-28,C000378,26,5,11,0.1923
CRM0000379,2026-08-28,C000379,47,5,14,0.1064
CRM0000380,2026-08-28,C000380,28,1,7,0.0357
CRM0000381,2026-08-28,C000381,26,2,10,0.0769
CRM0000382,2026-08-28,C000382,10,0,7,0.0
CRM0000383,2026-08-28,C000383,28,4,6,0.1429
CRM0000384,2026-08-28,C000384,7,1,3,0.1429
CRM0000385,2026-08-28,C000385,23,5,8,0.2174
CRM0000386,2026-08-28,C000386,19,3,7,0.1579
CRM0000387,2026-08-28,C000387,13,1,4,0.0769
CRM0000388,2026-08-28,C000388,31,1,11,0.0323
CRM0000389,2026-08-28,C000389,13,2,7,0.1538
CRM0000390,2026-08-28,C000390,33,1,10,0.0303
CRM0000391,2026-08-28,C000391,16,3,6,0.1875
CRM0000392,2026-08-28,C000392,25,2,7,0.08
CRM0000393,2026-08-28,C000393,14,2,5,0.1429
CRM0000394,2026-08-28,C000394,32,1,9,0.0312
CRM0000395,2026-08-28,C000395,23,5,7,0.2174
CRM0000396,2026-08-28,C000396,45,3,11,0.0667
CRM0000397,2026-08-28,C000397,35,2,12,0.0571
CRM0000398,2026-08-28,C000398,30,5,10,0.1667
CRM0000399,2026-08-28,C000399,28,3,9,0.1071
CRM0000400,2026-08-28,C000400,46,2,15,0.0435
CRM0000401,2026-08-28,C000401,38,7,14,0.1842
CRM0000402,2026-08-28,C000402,40,6,12,0.15
CRM0000403,2026-08-28,C000403,31,4,10,0.129
CRM0000404,2026-08-28,C000404,26,3,8,0.1154
CRM0000405,2026-08-28,C000405,44,4,13,0.0909
CRM0000406,2026-08-28,C000406,22,3,8,0.1364
CRM0000407,2026-08-28,C000407,24,0,6,0.0
CRM0000408,2026-08-28,C000408,19,3,6,0.1579
CRM0000409,2026-08-28,C000409,30,6,5,0.2
CRM0000410,2026-08-28,C000410,19,1,5,0.0526
CRM0000411,2026-08-28,C000411,28,4,8,0.1429
CRM0000412,2026-08-28,C000412,32,7,9,0.2188
CRM0000413,2026-08-28,C000413,29,8,9,0.2759
CRM0000414,2026-08-28,C000414,21,5,5,0.2381
CRM0000415,2026-08-28,C000415,17,0,8,0.0
CRM0000416,2026-08-28,C000416,39,5,11,0.1282
CRM0000417,2026-08-28,C000417,15,0,9,0.0
CRM0000418,2026-08-28,C000418,33,6,10,0.1818
CRM0000419,2026-08-28,C000419,44,11,11,0.25
CRM0000420,2026-08-28,C000420,30,0,10,0.0
CRM0000421,2026-08-28,C000421,38,5,9,0.1316
CRM0000422,2026-08-28,C000422,39,7,9,0.1795
CRM0000423,2026-08-28,C000423,27,1,8,0.037
CRM0000424,2026-08-28,C000424,36,4,11,0.1111
CRM0000425,2026-08-28,C000425,16,4,5,0.25
CRM0000426,2026-08-28,C000426,28,6,7,0.2143
CRM0000427,2026-08-28,C000427,14,0,3,0.0
CRM0000428,2026-08-28,C000428,15,0,7,0.0
CRM0000429,2026-08-28,C000429,17,1,7,0.0588
CRM0000430,2026-08-28,C000430,33,6,10,0.1818
CRM0000431,2026-08-28,C000431,47,5,14,0.1064
CRM0000432,2026-08-28,C000432,22,6,9,0.2727
CRM0000433,2026-08-28,C000433,26,2,8,0.0769
CRM0000434,2026-08-28,C000434,17,2,4,0.1176
CRM0000435,2026-08-28,C000435,17,2,6,0.1176
CRM0000436,2026-08-28,C000436,30,1,8,0.0333
CRM0000437,2026-08-28,C000437,35,5,7,0.1429
CRM0000438,2026-08-28,C000438,22,2,7,0.0909
CRM0000439,2026-08-28,C000439,19,3,5,0.1579
CRM0000440,2026-08-28,C000440,24,4,5,0.1667
CRM0000441,2026-08-28,C000441,30,5,9,0.1667
CRM0000442,2026-08-28,C000442,37,7,10,0.1892
CRM0000443,2026-08-28,C000443,30,2,9,0.0667
CRM0000444,2026-08-28,C000444,14,0,6,0.0
CRM0000445,2026-08-28,C000445,41,4,9,0.0976
CRM0000446,2026-08-28,C000446,17,1,8,0.0588
CRM0000447,2026-08-28,C000447,20,3,7,0.15
CRM0000448,2026-08-28,C000448,28,3,7,0.1071
CRM0000449,2026-08-28,C000449,19,5,9,0.2632
CRM0000450,2026-08-28,C000450,21,1,7,0.0476
CRM0000451,2026-08-28,C000451,36,3,10,0.0833
CRM0000452,2026-08-28,C000452,31,6,8,0.1935
CRM0000453,2026-08-28,C000453,17,3,4,0.1765
CRM0000454,2026-08-28,C000454,15,4,7,0.2667
CRM0000455,2026-08-28,C000455,29,2,9,0.069
CRM0000456,2026-08-28,C000456,38,4,11,0.1053
CRM0000457,2026-08-28,C000457,24,3,8,0.125
CRM0000458,2026-08-28,C000458,41,7,11,0.1707
CRM0000459,2026-08-28,C000459,23,1,7,0.0435
CRM0000460,2026-08-28,C000460,13,2,6,0.1538
CRM0000461,2026-08-28,C000461,18,1,8,0.0556
CRM0000462,2026-08-28,C000462,9,1,2,0.1111
CRM0000463,2026-08-28,C000463,34,7,12,0.2059
CRM0000464,2026-08-28,C000464,23,1,7,0.0435
CRM0000465,2026-08-28,C000465,35,3,14,0.0857
CRM0000466,2026-08-28,C000466,25,3,7,0.12
CRM0000467,2026-08-28,C000467,24,0,8,0.0
CRM0000468,2026-08-28,C000468,18,1,8,0.0556
CRM0000469,2026-08-28,C000469,37,6,10,0.1622
CRM0000470,2026-08-28,C000470,35,7,9,0.2
CRM0000471,2026-08-28,C000471,5,0,3,0.0
CRM0000472,2026-08-28,C000472,16,1,9,0.0625
CRM0000473,2026-08-28,C000473,30,3,13,0.1
CRM0000474,2026-08-28,C000474,6,1,3,0.1667
CRM0000475,2026-08-28,C000475,35,3,15,0.0857
CRM0000476,2026-08-28,C000476,18,3,4,0.1667
CRM0000477,2026-08-28,C000477,24,5,6,0.2083
CRM0000478,2026-08-28,C000478,40,3,8,0.075
CRM0000479,2026-08-28,C000479,36,4,9,0.1111
CRM0000480,2026-08-28,C000480,25,1,8,0.04
CRM0000481,2026-08-28,C000481,36,7,7,0.1944
CRM0000482,2026-08-28,C000482,35,6,10,0.1714
CRM0000483,2026-08-28,C000483,17,2,6,0.1176
CRM0000484,2026-08-28,C000484,32,4,10,0.125
CRM0000485,2026-08-28,C000485,18,1,7,0.0556
CRM0000486,2026-08-28,C000486,30,4,10,0.1333
CRM0000487,2026-08-28,C000487,55,10,14,0.1818
CRM0000488,2026-08-28,C000488,33,1,12,0.0303
CRM0000489,2026-08-28,C000489,42,9,14,0.2143
CRM0000490,2026-08-28,C000490,24,6,7,0.25
CRM0000491,2026-08-28,C000491,45,5,9,0.1111
CRM0000492,2026-08-28,C000492,46,5,12,0.1087
CRM0000493,2026-08-28,C000493,17,4,7,0.2353
CRM0000494,2026-08-28,C000494,16,2,6,0.125
CRM0000495,2026-08-28,C000495,14,2,7,0.1429
CRM0000496,2026-08-28,C000496,35,7,10,0.2
CRM0000497,2026-08-28,C000497,27,6,7,0.2222
CRM0000498,2026-08-28,C000498,21,1,7,0.0476
CRM0000499,2026-08-28,C000499,44,6,16,0.1364
CRM0000500,2026-08-28,C000500,24,2,7,0.0833
CRM0000501,2026-08-28,C000501,44,7,15,0.1591
CRM0000502,2026-08-28,C000502,15,2,6,0.1333
CRM0000503,2026-08-28,C000503,16,5,4,0.3125
CRM0000504,2026-08-28,C000504,30,4,9,0.1333
CRM0000505,2026-08-28,C000505,32,6,9,0.1875
CRM0000506,2026-08-28,C000506,27,5,12,0.1852
CRM0000507,2026-08-28,C000507,33,6,10,0.1818
CRM0000508,2026-08-28,C000508,13,1,5,0.0769
CRM0000509,2026-08-28,C000509,42,2,13,0.0476
CRM0000510,2026-08-28,C000510,26,4,7,0.1538
CRM0000511,2026-08-28,C000511,14,0,5,0.0
CRM0000512,2026-08-28,C000512,40,4,11,0.1
CRM0000513,2026-08-28,C000513,40,9,11,0.225
CRM0000514,2026-08-28,C000514,29,7,10,0.2414
CRM0000515,2026-08-28,C000515,29,4,9,0.1379
CRM0000516,2026-08-28,C000516,22,0,8,0.0
CRM0000517,2026-08-28,C000517,22,3,7,0.1364
CRM0000518,2026-08-28,C000518,20,2,7,0.1
CRM0000519,2026-08-28,C000519,21,5,6,0.2381
CRM0000520,2026-08-28,C000520,26,1,7,0.0385
CRM0000521,2026-08-28,C000521,20,4,9,0.2
CRM0000522,2026-08-28,C000522,32,3,12,0.0938
CRM0000523,2026-08-28,C000523,24,3,9,0.125
CRM0000524,2026-08-28,C000524,22,4,6,0.1818
CRM0000525,2026-08-28,C000525,18,1,4,0.0556
CRM0000526,2026-08-28,C000526,28,4,7,0.1429
CRM0000527,2026-08-28,C000527,38,4,10,0.1053
CRM0000528,2026-08-28,C000528,27,4,8,0.1481
CRM0000529,2026-08-28,C000529,36,1,11,0.0278
CRM0000530,2026-08-28,C000530,9,4,3,0.4444
CRM0000531,2026-08-28,C000531,16,1,6,0.0625
CRM0000532,2026-08-28,C000532,25,2,8,0.08
CRM0000533,2026-08-28,C000533,38,4,13,0.1053
CRM0000534,2026-08-28,C000534,30,5,9,0.1667
CRM0000535,2026-08-28,C000535,25,7,8,0.28
CRM0000536,2026-08-28,C000536,28,7,7,0.25
CRM0000537,2026-08-28,C000537,76,8,18,0.1053
CRM0000538,2026-08-28,C000538,26,1,10,0.0385
CRM0000539,2026-08-28,C000539,25,4,10,0.16
CRM0000540,2026-08-28,C000540,34,6,9,0.1765
CRM0000541,2026-08-28,C000541,11,0,4,0.0
CRM0000542,2026-08-28,C000542,20,3,7,0.15
CRM0000543,2026-08-28,C000543,24,5,9,0.2083
CRM0000544,2026-08-28,C000544,32,5,7,0.1562
CRM0000545,2026-08-28,C000545,22,2,5,0.0909
CRM0000546,2026-08-28,C000546,10,1,5,0.1
CRM0000547,2026-08-28,C000547,24,3,8,0.125
CRM0000548,2026-08-28,C000548,32,3,8,0.0938
CRM0000549,2026-08-28,C000549,11,1,5,0.0909
CRM0000550,2026-08-28,C000550,27,4,9,0.1481
CRM0000551,2026-08-28,C000551,32,7,8,0.2188
CRM0000552,2026-08-28,C000552,28,0,8,0.0
CRM0000553,2026-08-28,C000553,13,1,5,0.0769
CRM0000554,2026-08-28,C000554,33,3,8,0.0909
CRM0000555,2026-08-28,C000555,37,5,14,0.1351
CRM0000556,2026-08-28,C000556,36,6,10,0.1667
CRM0000557,2026-08-28,C000557,28,4,11,0.1429
CRM0000558,2026-08-28,C000558,37,4,11,0.1081
CRM0000559,2026-08-28,C000559,26,4,9,0.1538
CRM0000560,2026-08-28,C000560,39,6,10,0.1538
CRM0000561,2026-08-28,C000561,18,1,6,0.0556
CRM0000562,2026-08-28,C000562,39,4,13,0.1026
CRM0000563,2026-08-28,C000563,22,4,9,0.1818
CRM0000564,2026-08-28,C000564,16,0,4,0.0
CRM0000565,2026-08-28,C000565,29,4,11,0.1379
CRM0000566,2026-08-28,C000566,43,5,13,0.1163
CRM0000567,2026-08-28,C000567,47,6,10,0.1277
CRM0000568,2026-08-28,C000568,48,6,11,0.125
CRM0000569,2026-08-28,C000569,41,8,11,0.1951
CRM0000570,2026-08-28,C000570,38,9,10,0.2368
CRM0000571,2026-08-28,C000571,23,4,8,0.1739
CRM0000572,2026-08-28,C000572,26,4,8,0.1538
CRM0000573,2026-08-28,C000573,35,2,10,0.0571
CRM0000574,2026-08-28,C000574,39,4,9,0.1026
CRM0000575,2026-08-28,C000575,47,5,13,0.1064
CRM0000576,2026-08-28,C000576,19,4,7,0.2105
CRM0000577,2026-08-28,C000577,24,3,7,0.125
CRM0000578,2026-08-28,C000578,34,1,10,0.0294
CRM0000579,2026-08-28,C000579,18,4,7,0.2222
CRM0000580,2026-08-28,C000580,25,5,7,0.2
CRM0000581,2026-08-28,C000581,37,3,11,0.0811
CRM0000582,2026-08-28,C000582,25,3,8,0.12
CRM0000583,2026-08-28,C000583,13,1,4,0.0769
CRM0000584,2026-08-28,C000584,16,3,6,0.1875
CRM0000585,2026-08-28,C000585,32,9,9,0.2812
CRM0000586,2026-08-28,C000586,36,3,9,0.0833
CRM0000587,2026-08-28,C000587,29,4,11,0.1379
CRM0000588,2026-08-28,C000588,37,2,10,0.0541
CRM0000589,2026-08-28,C000589,45,8,10,0.1778
CRM0000590,2026-08-28,C000590,39,5,10,0.1282
CRM0000591,2026-08-28,C000591,36,7,10,0.1944
CRM0000592,2026-08-28,C000592,31,6,7,0.1935
CRM0000593,2026-08-28,C000593,42,7,10,0.1667
CRM0000594,2026-08-28,C000594,13,0,7,0.0
CRM0000595,2026-08-28,C000595,15,0,5,0.0
CRM0000596,2026-08-28,C000596,21,3,7,0.1429
CRM0000597,2026-08-28,C000597,27,2,9,0.0741
CRM0000598,2026-08-28,C000598,13,2,4,0.1538
CRM0000599,2026-08-28,C000599,20,3,7,0.15
CRM0000600,2026-08-28,C000600,27,5,11,0.1852
CRM0000601,2026-08-28,C000601,35,3,10,0.0857
CRM0000602,2026-08-28,C000602,34,8,10,0.2353
CRM0000603,2026-08-28,C000603,46,8,10,0.1739
CRM0000604,2026-08-28,C000604,28,3,12,0.1071
CRM0000605,2026-08-28,C000605,22,3,6,0.1364
CRM0000606,2026-08-28,C000606,23,4,6,0.1739
CRM0000607,2026-08-28,C000607,23,1,5,0.0435
CRM0000608,2026-08-28,C000608,28,4,8,0.1429
CRM0000609,2026-08-28,C000609,34,6,8,0.1765
CRM0000610,2026-08-28,C000610,21,0,7,0.0
CRM0000611,2026-08-28,C000611,42,5,13,0.119
CRM0000612,2026-08-28,C000612,43,7,11,0.1628
CRM0000613,2026-08-28,C000613,32,5,11,0.1562
CRM0000614,2026-08-28,C000614,56,5,14,0.0893
CRM0000615,2026-08-28,C000615,22,0,7,0.0
CRM0000616,2026-08-28,C000616,21,5,5,0.2381
CRM0000617,2026-08-28,C000617,21,4,7,0.1905
CRM0000618,2026-08-28,C000618,8,1,3,0.125
CRM0000619,2026-08-28,C000619,16,3,7,0.1875
CRM0000620,2026-08-28,C000620,33,5,8,0.1515
CRM0000621,2026-08-28,C000621,33,3,8,0.0909
CRM0000622,2026-08-28,C000622,35,3,10,0.0857
CRM0000623,2026-08-28,C000623,20,2,6,0.1
CRM0000624,2026-08-28,C000624,15,0,7,0.0
CRM0000625,2026-08-28,C000625,19,1,5,0.0526
CRM0000626,2026-08-28,C000626,12,0,5,0.0
CRM0000627,2026-08-28,C000627,22,3,5,0.1364
CRM0000628,2026-08-28,C000628,22,2,6,0.0909
CRM0000629,2026-08-28,C000629,24,4,8,0.1667
CRM0000630,2026-08-28,C000630,21,2,7,0.0952
CRM0000631,2026-08-28,C000631,16,2,7,0.125
CRM0000632,2026-08-28,C000632,24,4,9,0.1667
CRM0000633,2026-08-28,C000633,35,4,12,0.1143
CRM0000634,2026-08-28,C000634,30,5,11,0.1667
CRM0000635,2026-08-28,C000635,25,3,6,0.12
CRM0000636,2026-08-28,C000636,7,0,4,0.0
CRM0000637,2026-08-28,C000637,19,1,8,0.0526
CRM0000638,2026-08-28,C000638,19,1,5,0.0526
CRM0000639,2026-08-28,C000639,33,2,10,0.0606
CRM0000640,2026-08-28,C000640,22,6,8,0.2727
CRM0000641,2026-08-28,C000641,29,7,13,0.2414
CRM0000642,2026-08-28,C000642,38,5,13,0.1316
CRM0000643,2026-08-28,C000643,23,7,6,0.3043
CRM0000644,2026-08-28,C000644,28,0,9,0.0
CRM0000645,2026-08-28,C000645,13,2,6,0.1538
CRM0000646,2026-08-28,C000646,17,6,5,0.3529
CRM0000647,2026-08-28,C000647,19,6,10,0.3158
CRM0000648,2026-08-28,C000648,20,6,8,0.3
CRM0000649,2026-08-28,C000649,16,2,5,0.125
CRM0000650,2026-08-28,C000650,16,0,5,0.0
CRM0000651,2026-08-28,C000651,27,5,7,0.1852
CRM0000652,2026-08-28,C000652,18,2,7,0.1111
CRM0000653,2026-08-28,C000653,46,10,12,0.2174
CRM0000654,2026-08-28,C000654,35,5,12,0.1429
CRM0000655,2026-08-28,C000655,66,6,15,0.0909
CRM0000656,2026-08-28,C000656,21,2,10,0.0952
CRM0000657,2026-08-28,C000657,43,7,13,0.1628
CRM0000658,2026-08-28,C000658,26,2,10,0.0769
CRM0000659,2026-08-28,C000659,8,0,3,0.0
CRM0000660,2026-08-28,C000660,17,4,5,0.2353
CRM0000661,2026-08-28,C000661,29,5,8,0.1724
CRM0000662,2026-08-28,C000662,49,7,13,0.1429
CRM0000663,2026-08-28,C000663,31,2,9,0.0645
CRM0000664,2026-08-28,C000664,27,3,6,0.1111
CRM0000665,2026-08-28,C000665,26,2,10,0.0769
CRM0000666,2026-08-28,C000666,10,2,6,0.2
CRM0000667,2026-08-28,C000667,18,4,6,0.2222
CRM0000668,2026-08-28,C000668,28,2,9,0.0714
CRM0000669,2026-08-28,C000669,33,5,8,0.1515
CRM0000670,2026-08-28,C000670,17,2,5,0.1176
CRM0000671,2026-08-28,C000671,26,3,8,0.1154
CRM0000672,2026-08-28,C000672,23,3,6,0.1304
CRM0000673,2026-08-28,C000673,38,8,10,0.2105
CRM0000674,2026-08-28,C000674,27,5,8,0.1852
CRM0000675,2026-08-28,C000675,33,9,9,0.2727
CRM0000676,2026-08-28,C000676,33,5,8,0.1515
CRM0000677,2026-08-28,C000677,23,3,8,0.1304
CRM0000678,2026-08-28,C000678,17,3,9,0.1765
CRM0000679,2026-08-28,C000679,20,2,7,0.1
CRM0000680,2026-08-28,C000680,22,3,8,0.1364
CRM0000681,2026-08-28,C000681,23,3,7,0.1304
CRM0000682,2026-08-28,C000682,15,0,6,0.0
CRM0000683,2026-08-28,C000683,48,8,13,0.1667
CRM0000684,2026-08-28,C000684,29,2,9,0.069
CRM0000685,2026-08-28,C000685,37,4,9,0.1081
CRM0000686,2026-08-28,C000686,11,2,6,0.1818
CRM0000687,2026-08-28,C000687,25,6,10,0.24
CRM0000688,2026-08-28,C000688,25,2,8,0.08
CRM0000689,2026-08-28,C000689,29,1,11,0.0345
CRM0000690,2026-08-28,C000690,16,2,5,0.125
CRM0000691,2026-08-28,C000691,23,6,7,0.2609
CRM0000692,2026-08-28,C000692,33,6,7,0.1818
CRM0000693,2026-08-28,C000693,32,4,15,0.125
CRM0000694,2026-08-28,C000694,22,3,6,0.1364
CRM0000695,2026-08-28,C000695,35,1,12,0.0286
CRM0000696,2026-08-28,C000696,50,8,13,0.16
CRM0000697,2026-08-28,C000697,29,6,10,0.2069
CRM0000698,2026-08-28,C000698,33,2,7,0.0606
CRM0000699,2026-08-28,C000699,15,5,7,0.3333
CRM0000700,2026-08-28,C000700,19,2,8,0.1053
CRM0000701,2026-08-28,C000701,26,4,7,0.1538
CRM0000702,2026-08-28,C000702,50,6,11,0.12
CRM0000703,2026-08-28,C000703,26,7,7,0.2692
CRM0000704,2026-08-28,C000704,25,2,9,0.08
CRM0000705,2026-08-28,C000705,28,4,9,0.1429
CRM0000706,2026-08-28,C000706,29,5,7,0.1724
CRM0000707,2026-08-28,C000707,33,8,8,0.2424
CRM0000708,2026-08-28,C000708,32,6,7,0.1875
CRM0000709,2026-08-28,C000709,29,2,9,0.069
CRM0000710,2026-08-28,C000710,45,7,12,0.1556
CRM0000711,2026-08-28,C000711,50,6,13,0.12
CRM0000712,2026-08-28,C000712,22,1,6,0.0455
CRM0000713,2026-08-28,C000713,35,4,11,0.1143
CRM0000714,2026-08-28,C000714,28,3,8,0.1071
CRM0000715,2026-08-28,C000715,35,3,13,0.0857
CRM0000716,2026-08-28,C000716,19,0,8,0.0
CRM0000717,2026-08-28,C000717,36,4,9,0.1111
CRM0000718,2026-08-28,C000718,26,5,8,0.1923
CRM0000719,2026-08-28,C000719,31,3,9,0.0968
CRM0000720,2026-08-28,C000720,39,6,9,0.1538
CRM0000721,2026-08-28,C000721,40,7,9,0.175
CRM0000722,2026-08-28,C000722,31,2,11,0.0645
CRM0000723,2026-08-28,C000723,26,2,8,0.0769
CRM0000724,2026-08-28,C000724,42,7,12,0.1667
CRM0000725,2026-08-28,C000725,29,4,10,0.1379
CRM0000726,2026-08-28,C000726,28,1,8,0.0357
CRM0000727,2026-08-28,C000727,30,4,8,0.1333
CRM0000728,2026-08-28,C000728,33,5,8,0.1515
CRM0000729,2026-08-28,C000729,28,2,10,0.0714
CRM0000730,2026-08-28,C000730,25,3,10,0.12
CRM0000731,2026-08-28,C000731,39,7,10,0.1795
CRM0000732,2026-08-28,C000732,33,7,7,0.2121
CRM0000733,2026-08-28,C000733,15,2,4,0.1333
CRM0000734,2026-08-28,C000734,35,4,9,0.1143
CRM0000735,2026-08-28,C000735,7,1,5,0.1429
CRM0000736,2026-08-28,C000736,10,2,4,0.2
CRM0000737,2026-08-28,C000737,13,3,6,0.2308
CRM0000738,2026-08-28,C000738,51,14,14,0.2745
CRM0000739,2026-08-28,C000739,33,7,9,0.2121
CRM0000740,2026-08-28,C000740,41,5,12,0.122
CRM0000741,2026-08-28,C000741,20,1,7,0.05
CRM0000742,2026-08-28,C000742,26,3,11,0.1154
CRM0000743,2026-08-28,C000743,28,2,10,0.0714
CRM0000744,2026-08-28,C000744,33,5,9,0.1515
CRM0000745,2026-08-28,C000745,53,6,13,0.1132
CRM0000746,2026-08-28,C000746,34,7,8,0.2059
CRM0000747,2026-08-28,C000747,13,1,6,0.0769
CRM0000748,2026-08-28,C000748,32,2,10,0.0625
CRM0000749,2026-08-28,C000749,21,4,6,0.1905
CRM0000750,2026-08-28,C000750,25,2,11,0.08
CRM0000751,2026-08-28,C000751,23,3,8,0.1304
CRM0000752,2026-08-28,C000752,47,6,10,0.1277
CRM0000753,2026-08-28,C000753,46,7,12,0.1522
CRM0000754,2026-08-28,C000754,5,1,6,0.2
CRM0000755,2026-08-28,C000755,26,5,10,0.1923
CRM0000756,2026-08-28,C000756,8,0,3,0.0
CRM0000757,2026-08-28,C000757,24,2,6,0.0833
CRM0000758,2026-08-28,C000758,52,2,14,0.0385
CRM0000759,2026-08-28,C000759,24,4,7,0.1667
CRM0000760,2026-08-28,C000760,31,4,10,0.129
CRM0000761,2026-08-28,C000761,42,4,10,0.0952
CRM0000762,2026-08-28,C000762,30,1,8,0.0333
CRM0000763,2026-08-28,C000763,12,0,5,0.0
CRM0000764,2026-08-28,C000764,40,4,10,0.1
CRM0000765,2026-08-28,C000765,20,2,7,0.1
CRM0000766,2026-08-28,C000766,21,4,8,0.1905
CRM0000767,2026-08-28,C000767,34,2,9,0.0588
CRM0000768,2026-08-28,C000768,30,3,9,0.1
CRM0000769,2026-08-28,C000769,56,5,13,0.0893
CRM0000770,2026-08-28,C000770,34,6,13,0.1765
CRM0000771,2026-08-28,C000771,35,3,9,0.0857
CRM0000772,2026-08-28,C000772,31,6,12,0.1935
CRM0000773,2026-08-28,C000773,11,2,6,0.1818
CRM0000774,2026-08-28,C000774,7,2,3,0.2857
CRM0000775,2026-08-28,C000775,40,10,11,0.25
CRM0000776,2026-08-28,C000776,36,9,6,0.25
CRM0000777,2026-08-28,C000777,35,8,9,0.2286
CRM0000778,2026-08-28,C000778,40,8,9,0.2
CRM0000779,2026-08-28,C000779,10,1,3,0.1
CRM0000780,2026-08-28,C000780,28,5,7,0.1786
CRM0000781,2026-08-28,C000781,29,6,9,0.2069
CRM0000782,2026-08-28,C000782,23,6,10,0.2609
CRM0000783,2026-08-28,C000783,49,5,11,0.102
CRM0000784,2026-08-28,C000784,49,6,12,0.1224
CRM0000785,2026-08-28,C000785,39,3,13,0.0769
CRM0000786,2026-08-28,C000786,27,2,8,0.0741
CRM0000787,2026-08-28,C000787,33,5,11,0.1515
CRM0000788,2026-08-28,C000788,11,1,5,0.0909
CRM0000789,2026-08-28,C000789,43,6,12,0.1395
CRM0000790,2026-08-28,C000790,28,1,10,0.0357
CRM0000791,2026-08-28,C000791,25,1,8,0.04
CRM0000792,2026-08-28,C000792,43,3,12,0.0698
CRM0000793,2026-08-28,C000793,33,2,9,0.0606
CRM0000794,2026-08-28,C000794,18,2,4,0.1111
CRM0000795,2026-08-28,C000795,22,3,7,0.1364
CRM0000796,2026-08-28,C000796,33,3,12,0.0909
CRM0000797,2026-08-28,C000797,14,4,5,0.2857
CRM0000798,2026-08-28,C000798,14,3,4,0.2143
CRM0000799,2026-08-28,C000799,37,3,11,0.0811
CRM0000800,2026-08-28,C000800,43,6,8,0.1395
CRM0000801,2026-08-28,C000801,10,2,4,0.2
CRM0000802,2026-08-28,C000802,35,6,14,0.1714
CRM0000803,2026-08-28,C000803,38,3,12,0.0789
CRM0000804,2026-08-28,C000804,15,2,5,0.1333
CRM0000805,2026-08-28,C000805,35,6,12,0.1714
CRM0000806,2026-08-28,C000806,18,3,7,0.1667
CRM0000807,2026-08-28,C000807,28,3,12,0.1071
CRM0000808,2026-08-28,C000808,27,3,8,0.1111
CRM0000809,2026-08-28,C000809,50,13,12,0.26
CRM0000810,2026-08-28,C000810,6,0,5,0.0
CRM0000811,2026-08-28,C000811,28,2,10,0.0714
CRM0000812,2026-08-28,C000812,19,3,8,0.1579
CRM0000813,2026-08-28,C000813,25,2,9,0.08
CRM0000814,2026-08-28,C000814,22,1,6,0.0455
CRM0000815,2026-08-28,C000815,23,2,6,0.087
CRM0000816,2026-08-28,C000816,27,3,8,0.1111
CRM0000817,2026-08-28,C000817,16,2,6,0.125
CRM0000818,2026-08-28,C000818,13,2,7,0.1538
CRM0000819,2026-08-28,C000819,27,2,7,0.0741
CRM0000820,2026-08-28,C000820,12,0,4,0.0
CRM0000821,2026-08-28,C000821,23,4,7,0.1739
CRM0000822,2026-08-28,C000822,16,1,4,0.0625
CRM0000823,2026-08-28,C000823,31,7,9,0.2258
CRM0000824,2026-08-28,C000824,32,5,10,0.1562
CRM0000825,2026-08-28,C000825,15,2,7,0.1333
CRM0000826,2026-08-28,C000826,37,4,15,0.1081
CRM0000827,2026-08-28,C000827,25,0,9,0.0
CRM0000828,2026-08-28,C000828,15,3,5,0.2
CRM0000829,2026-08-28,C000829,27,6,10,0.2222
CRM0000830,2026-08-28,C000830,21,1,11,0.0476
CRM0000831,2026-08-28,C000831,31,3,8,0.0968
CRM0000832,2026-08-28,C000832,17,2,6,0.1176
CRM0000833,2026-08-28,C000833,8,1,3,0.125
CRM0000834,2026-08-28,C000834,19,1,5,0.0526
CRM0000835,2026-08-28,C000835,30,9,9,0.3
CRM0000836,2026-08-28,C000836,20,3,8,0.15
CRM0000837,2026-08-28,C000837,41,8,12,0.1951
CRM0000838,2026-08-28,C000838,12,2,5,0.1667
CRM0000839,2026-08-28,C000839,34,4,7,0.1176
CRM0000840,2026-08-28,C000840,16,2,6,0.125
CRM0000841,2026-08-28,C000841,25,5,8,0.2
CRM0000842,2026-08-28,C000842,31,5,11,0.1613
CRM0000843,2026-08-28,C000843,16,1,5,0.0625
CRM0000844,2026-08-28,C000844,29,1,11,0.0345
CRM0000845,2026-08-28,C000845,9,0,5,0.0
CRM0000846,2026-08-28,C000846,23,2,11,0.087
CRM0000847,2026-08-28,C000847,35,3,11,0.0857
CRM0000848,2026-08-28,C000848,43,6,12,0.1395
CRM0000849,2026-08-28,C000849,28,5,9,0.1786
CRM0000850,2026-08-28,C000850,31,5,8,0.1613
CRM0000851,2026-08-28,C000851,17,5,4,0.2941
CRM0000852,2026-08-28,C000852,21,2,6,0.0952
CRM0000853,2026-08-28,C000853,18,1,6,0.0556
CRM0000854,2026-08-28,C000854,12,2,4,0.1667
CRM0000855,2026-08-28,C000855,24,3,5,0.125
CRM0000856,2026-08-28,C000856,49,11,10,0.2245
CRM0000857,2026-08-28,C000857,48,4,11,0.0833
CRM0000858,2026-08-28,C000858,19,6,7,0.3158
CRM0000859,2026-08-28,C000859,28,3,8,0.1071
CRM0000860,2026-08-28,C000860,53,7,16,0.1321
CRM0000861,2026-08-28,C000861,25,2,9,0.08
CRM0000862,2026-08-28,C000862,36,4,9,0.1111
CRM0000863,2026-08-28,C000863,46,5,14,0.1087
CRM0000864,2026-08-28,C000864,46,8,12,0.1739
CRM0000865,2026-08-28,C000865,28,5,9,0.1786
CRM0000866,2026-08-28,C000866,31,7,7,0.2258
CRM0000867,2026-08-28,C000867,19,4,7,0.2105
CRM0000868,2026-08-28,C000868,49,4,14,0.0816
CRM0000869,2026-08-28,C000869,32,4,5,0.125
CRM0000870,2026-08-28,C000870,13,1,4,0.0769
CRM0000871,2026-08-28,C000871,29,3,8,0.1034
CRM0000872,2026-08-28,C000872,17,2,6,0.1176
CRM0000873,2026-08-28,C000873,28,3,11,0.1071
CRM0000874,2026-08-28,C000874,25,4,8,0.16
CRM0000875,2026-08-28,C000875,24,4,9,0.1667
CRM0000876,2026-08-28,C000876,31,2,10,0.0645
CRM0000877,2026-08-28,C000877,27,3,9,0.1111
CRM0000878,2026-08-28,C000878,18,2,7,0.1111
CRM0000879,2026-08-28,C000879,41,4,11,0.0976
CRM0000880,2026-08-28,C000880,10,4,4,0.4
CRM0000881,2026-08-28,C000881,38,3,13,0.0789
CRM0000882,2026-08-28,C000882,15,2,6,0.1333
CRM0000883,2026-08-28,C000883,17,1,5,0.0588
CRM0000884,2026-08-28,C000884,53,8,17,0.1509
CRM0000885,2026-08-28,C000885,46,10,11,0.2174
CRM0000886,2026-08-28,C000886,13,1,8,0.0769
CRM0000887,2026-08-28,C000887,31,2,8,0.0645
CRM0000888,2026-08-28,C000888,51,6,13,0.1176
CRM0000889,2026-08-28,C000889,40,4,15,0.1
CRM0000890,2026-08-28,C000890,19,2,7,0.1053
CRM0000891,2026-08-28,C000891,21,6,8,0.2857
CRM0000892,2026-08-28,C000892,39,1,16,0.0256
CRM0000893,2026-08-28,C000893,14,3,5,0.2143
CRM0000894,2026-08-28,C000894,15,3,6,0.2
CRM0000895,2026-08-28,C000895,15,2,6,0.1333
CRM0000896,2026-08-28,C000896,29,3,11,0.1034
CRM0000897,2026-08-28,C000897,44,5,16,0.1136
CRM0000898,2026-08-28,C000898,15,2,6,0.1333
CRM0000899,2026-08-28,C000899,51,7,14,0.1373
CRM0000900,2026-08-28,C000900,32,1,11,0.0312
CRM0000901,2026-08-28,C000901,30,4,12,0.1333
CRM0000902,2026-08-28,C000902,71,9,15,0.1268
CRM0000903,2026-08-28,C000903,41,9,8,0.2195
CRM0000904,2026-08-28,C000904,12,2,4,0.1667
CRM0000905,2026-08-28,C000905,51,6,17,0.1176
CRM0000906,2026-08-28,C000906,20,2,5,0.1
CRM0000907,2026-08-28,C000907,39,4,13,0.1026
CRM0000908,2026-08-28,C000908,19,1,4,0.0526
CRM0000909,2026-08-28,C000909,12,1,4,0.0833
CRM0000910,2026-08-28,C000910,33,7,10,0.2121
CRM0000911,2026-08-28,C000911,31,1,8,0.0323
CRM0000912,2026-08-28,C000912,26,3,7,0.1154
CRM0000913,2026-08-28,C000913,30,6,9,0.2
CRM0000914,2026-08-28,C000914,23,5,6,0.2174
CRM0000915,2026-08-28,C000915,15,0,3,0.0
CRM0000916,2026-08-28,C000916,53,9,14,0.1698
CRM0000917,2026-08-28,C000917,30,3,13,0.1
CRM0000918,2026-08-28,C000918,31,4,10,0.129
CRM0000919,2026-08-28,C000919,11,3,4,0.2727
CRM0000920,2026-08-28,C000920,19,1,7,0.0526
CRM0000921,2026-08-28,C000921,34,7,16,0.2059
CRM0000922,2026-08-28,C000922,27,3,7,0.1111
CRM0000923,2026-08-28,C000923,29,2,11,0.069
CRM0000924,2026-08-28,C000924,28,2,9,0.0714
CRM0000925,2026-08-28,C000925,8,1,3,0.125
CRM0000926,2026-08-28,C000926,30,3,8,0.1
CRM0000927,2026-08-28,C000927,22,3,9,0.1364
CRM0000928,2026-08-28,C000928,29,2,7,0.069
CRM0000929,2026-08-28,C000929,16,2,6,0.125
CRM0000930,2026-08-28,C000930,36,4,10,0.1111
CRM0000931,2026-08-28,C000931,16,1,5,0.0625
CRM0000932,2026-08-28,C000932,38,10,9,0.2632
CRM0000933,2026-08-28,C000933,20,1,6,0.05
CRM0000934,2026-08-28,C000934,25,6,10,0.24
CRM0000935,2026-08-28,C000935,30,3,11,0.1
CRM0000936,2026-08-28,C000936,25,5,6,0.2
CRM0000937,2026-08-28,C000937,22,1,8,0.0455
CRM0000938,2026-08-28,C000938,25,4,7,0.16
CRM0000939,2026-08-28,C000939,14,2,7,0.1429
CRM0000940,2026-08-28,C000940,26,3,7,0.1154
CRM0000941,2026-08-28,C000941,11,0,5,0.0
CRM0000942,2026-08-28,C000942,13,2,6,0.1538
CRM0000943,2026-08-28,C000943,21,2,5,0.0952
CRM0000944,2026-08-28,C000944,27,5,8,0.1852
CRM0000945,2026-08-28,C000945,37,8,9,0.2162
CRM0000946,2026-08-28,C000946,23,1,7,0.0435
CRM0000947,2026-08-28,C000947,10,1,5,0.1
CRM0000948,2026-08-28,C000948,39,6,10,0.1538
CRM0000949,2026-08-28,C000949,23,4,9,0.1739
CRM0000950,2026-08-28,C000950,13,0,5,0.0
CRM0000951,2026-08-28,C000951,15,1,8,0.0667
CRM0000952,2026-08-28,C000952,34,5,7,0.1471
CRM0000953,2026-08-28,C000953,40,6,14,0.15
CRM0000954,2026-08-28,C000954,13,3,3,0.2308
CRM0000955,2026-08-28,C000955,18,0,6,0.0
CRM0000956,2026-08-28,C000956,11,3,4,0.2727
CRM0000957,2026-08-28,C000957,52,4,12,0.0769
CRM0000958,2026-08-28,C000958,22,2,6,0.0909
CRM0000959,2026-08-28,C000959,24,6,10,0.25
CRM0000960,2026-08-28,C000960,28,2,9,0.0714
CRM0000961,2026-08-28,C000961,43,4,10,0.093
CRM0000962,2026-08-28,C000962,12,0,6,0.0
CRM0000963,2026-08-28,C000963,29,2,8,0.069
CRM0000964,2026-08-28,C000964,21,2,5,0.0952
CRM0000965,2026-08-28,C000965,31,3,10,0.0968
CRM0000966,2026-08-28,C000966,14,4,4,0.2857
CRM0000967,2026-08-28,C000967,20,2,8,0.1
CRM0000968,2026-08-28,C000968,13,3,6,0.2308
CRM0000969,2026-08-28,C000969,23,5,6,0.2174
CRM0000970,2026-08-28,C000970,46,9,10,0.1957
CRM0000971,2026-08-28,C000971,33,4,9,0.1212
CRM0000972,2026-08-28,C000972,25,3,8,0.12
CRM0000973,2026-08-28,C000973,24,0,7,0.0
CRM0000974,2026-08-28,C000974,27,4,6,0.1481
CRM0000975,2026-08-28,C000975,38,6,9,0.1579
CRM0000976,2026-08-28,C000976,30,6,7,0.2
CRM0000977,2026-08-28,C000977,18,2,8,0.1111
CRM0000978,2026-08-28,C000978,29,3,10,0.1034
CRM0000979,2026-08-28,C000979,19,1,6,0.0526
CRM0000980,2026-08-28,C000980,28,0,8,0.0
CRM0000981,2026-08-28,C000981,9,1,2,0.1111
CRM0000982,2026-08-28,C000982,35,6,7,0.1714
CRM0000983,2026-08-28,C000983,43,4,9,0.093
CRM0000984,2026-08-28,C000984,34,6,8,0.1765
CRM0000985,2026-08-28,C000985,36,11,11,0.3056
CRM0000986,2026-08-28,C000986,23,3,6,0.1304
CRM0000987,2026-08-28,C000987,31,3,8,0.0968
CRM0000988,2026-08-28,C000988,39,9,9,0.2308
CRM0000989,2026-08-28,C000989,39,7,12,0.1795
CRM0000990,2026-08-28,C000990,5,0,5,0.0
CRM0000991,2026-08-28,C000991,28,0,11,0.0
CRM0000992,2026-08-28,C000992,20,0,4,0.0
CRM0000993,2026-08-28,C000993,30,4,9,0.1333
CRM0000994,2026-08-28,C000994,9,0,5,0.0
CRM0000995,2026-08-28,C000995,16,2,10,0.125
CRM0000996,2026-08-28,C000996,16,2,8,0.125
CRM0000997,2026-08-28,C000997,46,5,10,0.1087
CRM0000998,2026-08-28,C000998,14,3,7,0.2143
CRM0000999,2026-08-28,C000999,34,5,8,0.1471
CRM0001000,2026-08-28,C001000,35,3,12,0.0857
CRM0001001,2026-08-28,C001001,33,4,10,0.1212
CRM0001002,2026-08-28,C001002,16,1,5,0.0625
CRM0001003,2026-08-28,C001003,25,4,9,0.16
CRM0001004,2026-08-28,C001004,32,5,10,0.1562
CRM0001005,2026-08-28,C001005,38,4,10,0.1053
CRM0001006,2026-08-28,C001006,16,1,6,0.0625
CRM0001007,2026-08-28,C001007,48,6,16,0.125
CRM0001008,2026-08-28,C001008,29,3,8,0.1034
CRM0001009,2026-08-28,C001009,19,5,7,0.2632
CRM0001010,2026-08-28,C001010,14,3,6,0.2143
CRM0001011,2026-08-28,C001011,13,3,6,0.2308
CRM0001012,2026-08-28,C001012,30,6,10,0.2
CRM0001013,2026-08-28,C001013,27,3,7,0.1111
CRM0001014,2026-08-28,C001014,18,3,4,0.1667
CRM0001015,2026-08-28,C001015,26,4,8,0.1538
CRM0001016,2026-08-28,C001016,28,7,8,0.25
CRM0001017,2026-08-28,C001017,59,12,17,0.2034
CRM0001018,2026-08-28,C001018,21,4,9,0.1905
CRM0001019,2026-08-28,C001019,34,6,6,0.1765
CRM0001020,2026-08-28,C001020,16,2,5,0.125
CRM0001021,2026-08-28,C001021,32,8,9,0.25
CRM0001022,2026-08-28,C001022,54,4,12,0.0741
CRM0001023,2026-08-28,C001023,13,4,7,0.3077
CRM0001024,2026-08-28,C001024,16,2,5,0.125
CRM0001025,2026-08-28,C001025,6,1,3,0.1667
CRM0001026,2026-08-28,C001026,27,2,10,0.0741
CRM0001027,2026-08-28,C001027,21,1,5,0.0476
CRM0001028,2026-08-28,C001028,26,2,6,0.0769
CRM0001029,2026-08-28,C001029,18,4,6,0.2222
CRM0001030,2026-08-28,C001030,30,3,9,0.1
CRM0001031,2026-08-28,C001031,7,0,3,0.0
CRM0001032,2026-08-28,C001032,28,2,8,0.0714
CRM0001033,2026-08-28,C001033,41,4,11,0.0976
CRM0001034,2026-08-28,C001034,16,2,5,0.125
CRM0001035,2026-08-28,C001035,36,4,9,0.1111
CRM0001036,2026-08-28,C001036,26,1,9,0.0385
CRM0001037,2026-08-28,C001037,25,2,6,0.08
CRM0001038,2026-08-28,C001038,7,0,3,0.0
CRM0001039,2026-08-28,C001039,26,2,8,0.0769
CRM0001040,2026-08-28,C001040,18,0,8,0.0
CRM0001041,2026-08-28,C001041,28,4,9,0.1429
CRM0001042,2026-08-28,C001042,19,2,4,0.1053
CRM0001043,2026-08-28,C001043,22,0,5,0.0
CRM0001044,2026-08-28,C001044,36,4,11,0.1111
CRM0001045,2026-08-28,C001045,23,4,10,0.1739
CRM0001046,2026-08-28,C001046,31,3,8,0.0968
CRM0001047,2026-08-28,C001047,21,3,8,0.1429
CRM0001048,2026-08-28,C001048,28,4,9,0.1429
CRM0001049,2026-08-28,C001049,43,4,9,0.093
CRM0001050,2026-08-28,C001050,41,5,11,0.122
CRM0001051,2026-08-28,C001051,17,3,4,0.1765
CRM0001052,2026-08-28,C001052,21,2,7,0.0952
CRM0001053,2026-08-28,C001053,15,2,5,0.1333
CRM0001054,2026-08-28,C001054,33,5,10,0.1515
CRM0001055,2026-08-28,C001055,24,3,9,0.125
CRM0001056,2026-08-28,C001056,37,6,12,0.1622
CRM0001057,2026-08-28,C001057,34,2,9,0.0588
CRM0001058,2026-08-28,C001058,13,0,8,0.0
CRM0001059,2026-08-28,C001059,34,6,10,0.1765
CRM0001060,2026-08-28,C001060,21,1,6,0.0476
CRM0001061,2026-08-28,C001061,40,5,12,0.125
CRM0001062,2026-08-28,C001062,34,4,10,0.1176
CRM0001063,2026-08-28,C001063,24,4,8,0.1667
CRM0001064,2026-08-28,C001064,15,3,5,0.2
CRM0001065,2026-08-28,C001065,12,1,7,0.0833
CRM0001066,2026-08-28,C001066,21,2,6,0.0952
CRM0001067,2026-08-28,C001067,20,1,8,0.05
CRM0001068,2026-08-28,C001068,24,3,7,0.125
CRM0001069,2026-08-28,C001069,26,6,7,0.2308
CRM0001070,2026-08-28,C001070,22,2,7,0.0909
CRM0001071,2026-08-28,C001071,16,4,8,0.25
CRM0001072,2026-08-28,C001072,36,9,9,0.25
CRM0001073,2026-08-28,C001073,26,4,6,0.1538
CRM0001074,2026-08-28,C001074,22,3,6,0.1364
CRM0001075,2026-08-28,C001075,33,6,9,0.1818
CRM0001076,2026-08-28,C001076,36,6,9,0.1667
CRM0001077,2026-08-28,C001077,16,1,6,0.0625
CRM0001078,2026-08-28,C001078,20,3,6,0.15
CRM0001079,2026-08-28,C001079,20,1,5,0.05
CRM0001080,2026-08-28,C001080,27,4,7,0.1481
CRM0001081,2026-08-28,C001081,26,5,10,0.1923
CRM0001082,2026-08-28,C001082,21,3,6,0.1429
CRM0001083,2026-08-28,C001083,29,6,9,0.2069
CRM0001084,2026-08-28,C001084,49,7,15,0.1429
CRM0001085,2026-08-28,C001085,31,3,12,0.0968
CRM0001086,2026-08-28,C001086,10,3,4,0.3
CRM0001087,2026-08-28,C001087,30,4,11,0.1333
CRM0001088,2026-08-28,C001088,37,4,9,0.1081
CRM0001089,2026-08-28,C001089,26,4,7,0.1538
CRM0001090,2026-08-28,C001090,30,5,8,0.1667
CRM0001091,2026-08-28,C001091,16,0,5,0.0
CRM0001092,2026-08-28,C001092,26,6,10,0.2308
CRM0001093,2026-08-28,C001093,20,1,6,0.05
CRM0001094,2026-08-28,C001094,28,5,9,0.1786
CRM0001095,2026-08-28,C001095,34,6,8,0.1765
CRM0001096,2026-08-28,C001096,30,2,8,0.0667
CRM0001097,2026-08-28,C001097,31,3,11,0.0968
CRM0001098,2026-08-28,C001098,22,3,10,0.1364
CRM0001099,2026-08-28,C001099,20,2,6,0.1
CRM0001100,2026-08-28,C001100,36,9,10,0.25
CRM0001101,2026-08-28,C001101,21,3,7,0.1429
CRM0001102,2026-08-28,C001102,7,1,5,0.1429
CRM0001103,2026-08-28,C001103,26,5,9,0.1923
CRM0001104,2026-08-28,C001104,25,2,6,0.08
CRM0001105,2026-08-28,C001105,32,8,11,0.25
CRM0001106,2026-08-28,C001106,27,6,7,0.2222
CRM0001107,2026-08-28,C001107,14,1,5,0.0714
CRM0001108,2026-08-28,C001108,18,4,7,0.2222
CRM0001109,2026-08-28,C001109,19,2,11,0.1053
CRM0001110,2026-08-28,C001110,22,3,6,0.1364
CRM0001111,2026-08-28,C001111,38,6,12,0.1579
CRM0001112,2026-08-28,C001112,31,7,11,0.2258
CRM0001113,2026-08-28,C001113,15,1,6,0.0667
CRM0001114,2026-08-28,C001114,26,1,6,0.0385
CRM0001115,2026-08-28,C001115,24,3,10,0.125
CRM0001116,2026-08-28,C001116,13,0,6,0.0
CRM0001117,2026-08-28,C001117,32,2,13,0.0625
CRM0001118,2026-08-28,C001118,29,6,10,0.2069
CRM0001119,2026-08-28,C001119,25,2,9,0.08
CRM0001120,2026-08-28,C001120,29,4,12,0.1379
CRM0001121,2026-08-28,C001121,27,2,9,0.0741
CRM0001122,2026-08-28,C001122,27,4,10,0.1481
CRM0001123,2026-08-28,C001123,29,6,10,0.2069
CRM0001124,2026-08-28,C001124,37,5,9,0.1351
CRM0001125,2026-08-28,C001125,15,3,6,0.2
CRM0001126,2026-08-28,C001126,29,3,10,0.1034
CRM0001127,2026-08-28,C001127,22,3,8,0.1364
CRM0001128,2026-08-28,C001128,39,3,10,0.0769
CRM0001129,2026-08-28,C001129,42,5,14,0.119
CRM0001130,2026-08-28,C001130,14,1,6,0.0714
CRM0001131,2026-08-28,C001131,43,7,14,0.1628
CRM0001132,2026-08-28,C001132,43,7,12,0.1628
CRM0001133,2026-08-28,C001133,36,6,10,0.1667
CRM0001134,2026-08-28,C001134,18,1,7,0.0556
CRM0001135,2026-08-28,C001135,15,2,6,0.1333
CRM0001136,2026-08-28,C001136,32,6,14,0.1875
CRM0001137,2026-08-28,C001137,28,6,9,0.2143
CRM0001138,2026-08-28,C001138,29,4,7,0.1379
CRM0001139,2026-08-28,C001139,45,6,11,0.1333
CRM0001140,2026-08-28,C001140,25,6,5,0.24
CRM0001141,2026-08-28,C001141,24,5,6,0.2083
CRM0001142,2026-08-28,C001142,32,4,9,0.125
CRM0001143,2026-08-28,C001143,17,1,7,0.0588
CRM0001144,2026-08-28,C001144,28,4,8,0.1429
CRM0001145,2026-08-28,C001145,16,1,6,0.0625
CRM0001146,2026-08-28,C001146,24,2,6,0.0833
CRM0001147,2026-08-28,C001147,27,3,8,0.1111
CRM0001148,2026-08-28,C001148,26,5,7,0.1923
CRM0001149,2026-08-28,C001149,13,0,6,0.0
CRM0001150,2026-08-28,C001150,27,5,11,0.1852
CRM0001151,2026-08-28,C001151,25,3,8,0.12
CRM0001152,2026-08-28,C001152,39,3,11,0.0769
CRM0001153,2026-08-28,C001153,10,3,4,0.3
CRM0001154,2026-08-28,C001154,39,9,11,0.2308
CRM0001155,2026-08-28,C001155,22,1,5,0.0455
CRM0001156,2026-08-28,C001156,25,2,8,0.08
CRM0001157,2026-08-28,C001157,10,1,3,0.1
CRM0001158,2026-08-28,C001158,15,1,8,0.0667
CRM0001159,2026-08-28,C001159,34,8,13,0.2353
CRM0001160,2026-08-28,C001160,43,3,13,0.0698
CRM0001161,2026-08-28,C001161,30,2,8,0.0667
CRM0001162,2026-08-28,C001162,52,8,13,0.1538
CRM0001163,2026-08-28,C001163,37,10,9,0.2703
CRM0001164,2026-08-28,C001164,15,2,6,0.1333
CRM0001165,2026-08-28,C001165,17,3,6,0.1765
CRM0001166,2026-08-28,C001166,27,4,7,0.1481
CRM0001167,2026-08-28,C001167,19,3,6,0.1579
CRM0001168,2026-08-28,C001168,48,6,13,0.125
CRM0001169,2026-08-28,C001169,22,2,8,0.0909
CRM0001170,2026-08-28,C001170,29,4,8,0.1379
CRM0001171,2026-08-28,C001171,17,3,8,0.1765
CRM0001172,2026-08-28,C001172,54,9,18,0.1667
CRM0001173,2026-08-28,C001173,16,1,9,0.0625
CRM0001174,2026-08-28,C001174,34,1,11,0.0294
CRM0001175,2026-08-28,C001175,32,3,12,0.0938
CRM0001176,2026-08-28,C001176,27,7,8,0.2593
CRM0001177,2026-08-28,C001177,28,6,12,0.2143
CRM0001178,2026-08-28,C001178,38,6,9,0.1579
CRM0001179,2026-08-28,C001179,38,3,14,0.0789
CRM0001180,2026-08-28,C001180,25,0,9,0.0
CRM0001181,2026-08-28,C001181,15,3,5,0.2
CRM0001182,2026-08-28,C001182,38,6,11,0.1579
CRM0001183,2026-08-28,C001183,15,0,4,0.0
CRM0001184,2026-08-28,C001184,18,2,7,0.1111
CRM0001185,2026-08-28,C001185,31,2,9,0.0645
CRM0001186,2026-08-28,C001186,27,1,11,0.037
CRM0001187,2026-08-28,C001187,15,2,8,0.1333
CRM0001188,2026-08-28,C001188,17,0,7,0.0
CRM0001189,2026-08-28,C001189,41,4,13,0.0976
CRM0001190,2026-08-28,C001190,21,2,3,0.0952
CRM0001191,2026-08-28,C001191,18,2,6,0.1111
CRM0001192,2026-08-28,C001192,26,4,7,0.1538
CRM0001193,2026-08-28,C001193,16,1,6,0.0625
CRM0001194,2026-08-28,C001194,31,4,8,0.129
CRM0001195,2026-08-28,C001195,33,8,10,0.2424
CRM0001196,2026-08-28,C001196,45,4,14,0.0889
CRM0001197,2026-08-28,C001197,20,0,8,0.0
CRM0001198,2026-08-28,C001198,23,2,6,0.087
CRM0001199,2026-08-28,C001199,15,1,5,0.0667
CRM0001200,2026-08-28,C001200,21,2,7,0.0952
CRM0001201,2026-08-28,C001201,22,3,4,0.1364
CRM0001202,2026-08-28,C001202,41,3,10,0.0732
CRM0001203,2026-08-28,C001203,43,6,11,0.1395
CRM0001204,2026-08-28,C001204,34,2,11,0.0588
CRM0001205,2026-08-28,C001205,27,2,6,0.0741
CRM0001206,2026-08-28,C001206,13,1,4,0.0769
CRM0001207,2026-08-28,C001207,25,2,8,0.08
CRM0001208,2026-08-28,C001208,37,3,11,0.0811
CRM0001209,2026-08-28,C001209,45,2,14,0.0444
CRM0001210,2026-08-28,C001210,15,1,5,0.0667
CRM0001211,2026-08-28,C001211,25,1,10,0.04
CRM0001212,2026-08-28,C001212,27,0,8,0.0
CRM0001213,2026-08-28,C001213,28,4,8,0.1429
CRM0001214,2026-08-28,C001214,52,7,14,0.1346
CRM0001215,2026-08-28,C001215,18,4,6,0.2222
CRM0001216,2026-08-28,C001216,12,3,4,0.25
CRM0001217,2026-08-28,C001217,28,2,8,0.0714
CRM0001218,2026-08-28,C001218,16,3,6,0.1875
CRM0001219,2026-08-28,C001219,12,1,5,0.0833
CRM0001220,2026-08-28,C001220,35,2,8,0.0571
CRM0001221,2026-08-28,C001221,27,4,10,0.1481
CRM0001222,2026-08-28,C001222,42,8,10,0.1905
CRM0001223,2026-08-28,C001223,32,2,13,0.0625
CRM0001224,2026-08-28,C001224,49,10,13,0.2041
CRM0001225,2026-08-28,C001225,21,2,6,0.0952
CRM0001226,2026-08-28,C001226,19,3,8,0.1579
CRM0001227,2026-08-28,C001227,31,5,9,0.1613
CRM0001228,2026-08-28,C001228,39,4,11,0.1026
CRM0001229,2026-08-28,C001229,44,5,12,0.1136
CRM0001230,2026-08-28,C001230,24,5,6,0.2083
CRM0001231,2026-08-28,C001231,37,6,9,0.1622
CRM0001232,2026-08-28,C001232,28,2,11,0.0714
CRM0001233,2026-08-28,C001233,43,9,10,0.2093
CRM0001234,2026-08-28,C001234,35,7,10,0.2
CRM0001235,2026-08-28,C001235,32,6,8,0.1875
CRM0001236,2026-08-28,C001236,46,8,10,0.1739
CRM0001237,2026-08-28,C001237,24,3,14,0.125
CRM0001238,2026-08-28,C001238,46,1,13,0.0217
CRM0001239,2026-08-28,C001239,29,2,9,0.069
CRM0001240,2026-08-28,C001240,28,3,8,0.1071
CRM0001241,2026-08-28,C001241,10,0,3,0.0
CRM0001242,2026-08-28,C001242,29,4,7,0.1379
CRM0001243,2026-08-28,C001243,31,8,10,0.2581
CRM0001244,2026-08-28,C001244,27,4,10,0.1481
CRM0001245,2026-08-28,C001245,27,4,10,0.1481
CRM0001246,2026-08-28,C001246,36,7,8,0.1944
CRM0001247,2026-08-28,C001247,23,3,7,0.1304
CRM0001248,2026-08-28,C001248,20,1,8,0.05
CRM0001249,2026-08-28,C001249,10,0,8,0.0
CRM0001250,2026-08-28,C001250,18,4,7,0.2222
CRM0001251,2026-08-28,C001251,21,3,6,0.1429
CRM0001252,2026-08-28,C001252,22,2,6,0.0909
CRM0001253,2026-08-28,C001253,16,3,6,0.1875
CRM0001254,2026-08-28,C001254,43,7,12,0.1628
CRM0001255,2026-08-28,C001255,20,1,6,0.05
CRM0001256,2026-08-28,C001256,31,2,10,0.0645
CRM0001257,2026-08-28,C001257,22,1,6,0.0455
CRM0001258,2026-08-28,C001258,21,3,9,0.1429
CRM0001259,2026-08-28,C001259,32,4,8,0.125
CRM0001260,2026-08-28,C001260,42,7,11,0.1667
CRM0001261,2026-08-28,C001261,28,4,6,0.1429
CRM0001262,2026-08-28,C001262,35,2,9,0.0571
CRM0001263,2026-08-28,C001263,27,3,10,0.1111
CRM0001264,2026-08-28,C001264,34,5,10,0.1471
CRM0001265,2026-08-28,C001265,29,4,8,0.1379
CRM0001266,2026-08-28,C001266,32,2,8,0.0625
CRM0001267,2026-08-28,C001267,27,2,10,0.0741
CRM0001268,2026-08-28,C001268,52,8,13,0.1538
CRM0001269,2026-08-28,C001269,36,1,10,0.0278
CRM0001270,2026-08-28,C001270,9,2,4,0.2222
CRM0001271,2026-08-28,C001271,7,1,5,0.1429
CRM0001272,2026-08-28,C001272,19,7,6,0.3684
CRM0001273,2026-08-28,C001273,24,3,6,0.125
CRM0001274,2026-08-28,C001274,24,2,7,0.0833
CRM0001275,2026-08-28,C001275,28,4,10,0.1429
CRM0001276,2026-08-28,C001276,28,5,7,0.1786
CRM0001277,2026-08-28,C001277,43,3,8,0.0698
CRM0001278,2026-08-28,C001278,9,3,3,0.3333
CRM0001279,2026-08-28,C001279,46,8,11,0.1739
CRM0001280,2026-08-28,C001280,22,1,9,0.0455
CRM0001281,2026-08-28,C001281,24,3,7,0.125
CRM0001282,2026-08-28,C001282,17,3,6,0.1765
CRM0001283,2026-08-28,C001283,32,4,9,0.125
CRM0001284,2026-08-28,C001284,29,5,12,0.1724
CRM0001285,2026-08-28,C001285,41,4,9,0.0976
CRM0001286,2026-08-28,C001286,38,4,9,0.1053
CRM0001287,2026-08-28,C001287,33,6,7,0.1818
CRM0001288,2026-08-28,C001288,29,12,9,0.4138
CRM0001289,2026-08-28,C001289,16,3,6,0.1875
CRM0001290,2026-08-28,C001290,6,2,2,0.3333
CRM0001291,2026-08-28,C001291,37,8,11,0.2162
CRM0001292,2026-08-28,C001292,20,7,6,0.35
CRM0001293,2026-08-28,C001293,15,2,6,0.1333
CRM0001294,2026-08-28,C001294,17,1,7,0.0588
CRM0001295,2026-08-28,C001295,41,5,12,0.122
CRM0001296,2026-08-28,C001296,7,0,3,0.0
CRM0001297,2026-08-28,C001297,24,4,7,0.1667
CRM0001298,2026-08-28,C001298,11,2,3,0.1818
CRM0001299,2026-08-28,C001299,32,1,11,0.0312
CRM0001300,2026-08-28,C001300,20,2,5,0.1
CRM0001301,2026-08-28,C001301,28,1,9,0.0357
CRM0001302,2026-08-28,C001302,37,2,10,0.0541
CRM0001303,2026-08-28,C001303,14,1,3,0.0714
CRM0001304,2026-08-28,C001304,16,4,5,0.25
CRM0001305,2026-08-28,C001305,34,5,10,0.1471
CRM0001306,2026-08-28,C001306,13,3,5,0.2308
CRM0001307,2026-08-28,C001307,7,1,3,0.1429
CRM0001308,2026-08-28,C001308,39,3,13,0.0769
CRM0001309,2026-08-28,C001309,30,2,7,0.0667
CRM0001310,2026-08-28,C001310,28,3,7,0.1071
CRM0001311,2026-08-28,C001311,21,0,6,0.0
CRM0001312,2026-08-28,C001312,5,2,4,0.4
CRM0001313,2026-08-28,C001313,38,5,12,0.1316
CRM0001314,2026-08-28,C001314,20,2,7,0.1
CRM0001315,2026-08-28,C001315,17,1,6,0.0588
CRM0001316,2026-08-28,C001316,14,2,5,0.1429
CRM0001317,2026-08-28,C001317,29,2,7,0.069
CRM0001318,2026-08-28,C001318,29,3,7,0.1034
CRM0001319,2026-08-28,C001319,14,1,7,0.0714
CRM0001320,2026-08-28,C001320,31,2,9,0.0645
CRM0001321,2026-08-28,C001321,9,1,4,0.1111
CRM0001322,2026-08-28,C001322,37,5,9,0.1351
CRM0001323,2026-08-28,C001323,33,2,8,0.0606
CRM0001324,2026-08-28,C001324,30,1,9,0.0333
CRM0001325,2026-08-28,C001325,23,4,8,0.1739
CRM0001326,2026-08-28,C001326,26,5,10,0.1923
CRM0001327,2026-08-28,C001327,43,5,12,0.1163
CRM0001328,2026-08-28,C001328,20,4,7,0.2
CRM0001329,2026-08-28,C001329,25,1,7,0.04
CRM0001330,2026-08-28,C001330,27,1,9,0.037
CRM0001331,2026-08-28,C001331,15,2,10,0.1333
CRM0001332,2026-08-28,C001332,33,3,12,0.0909
CRM0001333,2026-08-28,C001333,23,4,8,0.1739
CRM0001334,2026-08-28,C001334,45,7,10,0.1556
CRM0001335,2026-08-28,C001335,22,2,9,0.0909
CRM0001336,2026-08-28,C001336,16,0,3,0.0
CRM0001337,2026-08-28,C001337,24,3,8,0.125
CRM0001338,2026-08-28,C001338,24,2,8,0.0833
CRM0001339,2026-08-28,C001339,26,0,9,0.0
CRM0001340,2026-08-28,C001340,34,6,9,0.1765
CRM0001341,2026-08-28,C001341,45,6,10,0.1333
CRM0001342,2026-08-28,C001342,30,5,8,0.1667
CRM0001343,2026-08-28,C001343,22,1,9,0.0455
CRM0001344,2026-08-28,C001344,30,7,10,0.2333
CRM0001345,2026-08-28,C001345,41,13,11,0.3171
CRM0001346,2026-08-28,C001346,45,5,12,0.1111
CRM0001347,2026-08-28,C001347,29,2,11,0.069
CRM0001348,2026-08-28,C001348,23,1,9,0.0435
CRM0001349,2026-08-28,C001349,13,0,6,0.0
CRM0001350,2026-08-28,C001350,29,6,9,0.2069
CRM0001351,2026-08-28,C001351,24,0,8,0.0
CRM0001352,2026-08-28,C001352,13,4,6,0.3077
CRM0001353,2026-08-28,C001353,19,4,7,0.2105
CRM0001354,2026-08-28,C001354,31,1,12,0.0323
CRM0001355,2026-08-28,C001355,54,8,12,0.1481
CRM0001356,2026-08-28,C001356,25,3,9,0.12
CRM0001357,2026-08-28,C001357,18,3,5,0.1667
CRM0001358,2026-08-28,C001358,35,4,12,0.1143
CRM0001359,2026-08-28,C001359,50,7,14,0.14
CRM0001360,2026-08-28,C001360,27,5,10,0.1852
CRM0001361,2026-08-28,C001361,20,1,8,0.05
CRM0001362,2026-08-28,C001362,25,4,6,0.16
CRM0001363,2026-08-28,C001363,30,5,12,0.1667
CRM0001364,2026-08-28,C001364,40,5,13,0.125
CRM0001365,2026-08-28,C001365,33,4,9,0.1212
CRM0001366,2026-08-28,C001366,17,0,4,0.0
CRM0001367,2026-08-28,C001367,30,6,9,0.2
CRM0001368,2026-08-28,C001368,39,2,9,0.0513
CRM0001369,2026-08-28,C001369,14,3,6,0.2143
CRM0001370,2026-08-28,C001370,32,6,8,0.1875
CRM0001371,2026-08-28,C001371,36,6,10,0.1667
CRM0001372,2026-08-28,C001372,25,1,8,0.04
CRM0001373,2026-08-28,C001373,41,4,14,0.0976
CRM0001374,2026-08-28,C001374,20,1,10,0.05
CRM0001375,2026-08-28,C001375,12,0,5,0.0
CRM0001376,2026-08-28,C001376,8,2,3,0.25
CRM0001377,2026-08-28,C001377,35,4,11,0.1143
CRM0001378,2026-08-28,C001378,30,7,8,0.2333
CRM0001379,2026-08-28,C001379,29,2,7,0.069
CRM0001380,2026-08-28,C001380,7,1,2,0.1429
CRM0001381,2026-08-28,C001381,21,5,5,0.2381
CRM0001382,2026-08-28,C001382,33,2,12,0.0606
CRM0001383,2026-08-28,C001383,16,2,5,0.125
CRM0001384,2026-08-28,C001384,30,5,8,0.1667
CRM0001385,2026-08-28,C001385,49,5,11,0.102
CRM0001386,2026-08-28,C001386,24,3,8,0.125
CRM0001387,2026-08-28,C001387,29,4,9,0.1379
CRM0001388,2026-08-28,C001388,40,3,10,0.075
CRM0001389,2026-08-28,C001389,24,3,9,0.125
CRM0001390,2026-08-28,C001390,23,1,6,0.0435
CRM0001391,2026-08-28,C001391,36,6,10,0.1667
CRM0001392,2026-08-28,C001392,24,3,9,0.125
CRM0001393,2026-08-28,C001393,23,3,6,0.1304
CRM0001394,2026-08-28,C001394,19,2,6,0.1053
CRM0001395,2026-08-28,C001395,23,4,8,0.1739
CRM0001396,2026-08-28,C001396,11,1,4,0.0909
CRM0001397,2026-08-28,C001397,11,2,4,0.1818
CRM0001398,2026-08-28,C001398,15,4,5,0.2667
CRM0001399,2026-08-28,C001399,48,8,14,0.1667
CRM0001400,2026-08-28,C001400,13,2,5,0.1538
CRM0001401,2026-08-28,C001401,29,6,6,0.2069
CRM0001402,2026-08-28,C001402,30,3,10,0.1
CRM0001403,2026-08-28,C001403,31,2,9,0.0645
CRM0001404,2026-08-28,C001404,22,2,8,0.0909
CRM0001405,2026-08-28,C001405,13,2,7,0.1538
CRM0001406,2026-08-28,C001406,22,3,8,0.1364
CRM0001407,2026-08-28,C001407,18,2,7,0.1111
CRM0001408,2026-08-28,C001408,34,3,12,0.0882
CRM0001409,2026-08-28,C001409,46,4,12,0.087
CRM0001410,2026-08-28,C001410,25,3,9,0.12
CRM0001411,2026-08-28,C001411,41,6,13,0.1463
CRM0001412,2026-08-28,C001412,24,2,9,0.0833
CRM0001413,2026-08-28,C001413,35,6,11,0.1714
CRM0001414,2026-08-28,C001414,38,6,9,0.1579
CRM0001415,2026-08-28,C001415,17,1,6,0.0588
CRM0001416,2026-08-28,C001416,29,9,10,0.3103
CRM0001417,2026-08-28,C001417,33,6,11,0.1818
CRM0001418,2026-08-28,C001418,34,8,12,0.2353
CRM0001419,2026-08-28,C001419,33,5,11,0.1515
CRM0001420,2026-08-28,C001420,17,4,5,0.2353
CRM0001421,2026-08-28,C001421,30,4,7,0.1333
CRM0001422,2026-08-28,C001422,21,7,9,0.3333
CRM0001423,2026-08-28,C001423,53,9,12,0.1698
CRM0001424,2026-08-28,C001424,28,5,7,0.1786
CRM0001425,2026-08-28,C001425,33,7,10,0.2121
CRM0001426,2026-08-28,C001426,25,2,6,0.08
CRM0001427,2026-08-28,C001427,21,2,7,0.0952
CRM0001428,2026-08-28,C001428,44,6,9,0.1364
CRM0001429,2026-08-28,C001429,40,5,10,0.125
CRM0001430,2026-08-28,C001430,20,0,7,0.0
CRM0001431,2026-08-28,C001431,18,3,6,0.1667
CRM0001432,2026-08-28,C001432,32,4,12,0.125
CRM0001433,2026-08-28,C001433,58,9,16,0.1552
CRM0001434,2026-08-28,C001434,20,2,8,0.1
CRM0001435,2026-08-28,C001435,41,5,10,0.122
CRM0001436,2026-08-28,C001436,18,1,5,0.0556
CRM0001437,2026-08-28,C001437,24,4,7,0.1667
CRM0001438,2026-08-28,C001438,9,1,3,0.1111
CRM0001439,2026-08-28,C001439,25,1,8,0.04
CRM0001440,2026-08-28,C001440,36,2,11,0.0556
CRM0001441,2026-08-28,C001441,25,4,7,0.16
CRM0001442,2026-08-28,C001442,23,1,6,0.0435
CRM0001443,2026-08-28,C001443,23,0,9,0.0
CRM0001444,2026-08-28,C001444,45,6,14,0.1333
CRM0001445,2026-08-28,C001445,38,11,8,0.2895
CRM0001446,2026-08-28,C001446,23,2,7,0.087
CRM0001447,2026-08-28,C001447,10,3,2,0.3
CRM0001448,2026-08-28,C001448,10,1,5,0.1
CRM0001449,2026-08-28,C001449,50,6,13,0.12
CRM0001450,2026-08-28,C001450,24,2,6,0.0833
CRM0001451,2026-08-28,C001451,35,11,12,0.3143
CRM0001452,2026-08-28,C001452,31,4,12,0.129
CRM0001453,2026-08-28,C001453,13,3,5,0.2308
CRM0001454,2026-08-28,C001454,22,5,6,0.2273
CRM0001455,2026-08-28,C001455,31,6,11,0.1935
CRM0001456,2026-08-28,C001456,17,1,6,0.0588
CRM0001457,2026-08-28,C001457,37,3,11,0.0811
CRM0001458,2026-08-28,C001458,28,2,11,0.0714
CRM0001459,2026-08-28,C001459,30,6,10,0.2
CRM0001460,2026-08-28,C001460,39,9,9,0.2308
CRM0001461,2026-08-28,C001461,24,0,9,0.0
CRM0001462,2026-08-28,C001462,20,3,8,0.15
CRM0001463,2026-08-28,C001463,17,1,5,0.0588
CRM0001464,2026-08-28,C001464,24,5,7,0.2083
CRM0001465,2026-08-28,C001465,16,2,4,0.125
CRM0001466,2026-08-28,C001466,36,3,11,0.0833
CRM0001467,2026-08-28,C001467,27,7,10,0.2593
CRM0001468,2026-08-28,C001468,14,2,6,0.1429
CRM0001469,2026-08-28,C001469,13,1,6,0.0769
CRM0001470,2026-08-28,C001470,22,4,8,0.1818
CRM0001471,2026-08-28,C001471,27,4,9,0.1481
CRM0001472,2026-08-28,C001472,26,3,10,0.1154
CRM0001473,2026-08-28,C001473,25,1,7,0.04
CRM0001474,2026-08-28,C001474,23,2,9,0.087
CRM0001475,2026-08-28,C001475,24,4,7,0.1667
CRM0001476,2026-08-28,C001476,28,5,9,0.1786
CRM0001477,2026-08-28,C001477,19,2,4,0.1053
CRM0001478,2026-08-28,C001478,23,3,6,0.1304
CRM0001479,2026-08-28,C001479,13,0,5,0.0
CRM0001480,2026-08-28,C001480,26,5,8,0.1923
CRM0001481,2026-08-28,C001481,20,2,6,0.1
CRM0001482,2026-08-28,C001482,23,5,6,0.2174
CRM0001483,2026-08-28,C001483,28,3,9,0.1071
CRM0001484,2026-08-28,C001484,41,4,11,0.0976
CRM0001485,2026-08-28,C001485,25,3,9,0.12
CRM0001486,2026-08-28,C001486,20,3,7,0.15
CRM0001487,2026-08-28,C001487,28,6,7,0.2143
CRM0001488,2026-08-28,C001488,27,3,10,0.1111
CRM0001489,2026-08-28,C001489,38,3,12,0.0789
CRM0001490,2026-08-28,C001490,25,5,8,0.2
CRM0001491,2026-08-28,C001491,15,2,7,0.1333
CRM0001492,2026-08-28,C001492,18,1,7,0.0556
CRM0001493,2026-08-28,C001493,30,2,9,0.0667
CRM0001494,2026-08-28,C001494,26,7,8,0.2692
CRM0001495,2026-08-28,C001495,33,6,8,0.1818
CRM0001496,2026-08-28,C001496,34,5,11,0.1471
CRM0001497,2026-08-28,C001497,34,6,11,0.1765
CRM0001498,2026-08-28,C001498,50,6,12,0.12
CRM0001499,2026-08-28,C001499,56,7,14,0.125
CRM0001500,2026-08-28,C001500,38,4,11,0.1053
CRM0001501,2026-08-28,C001501,23,2,10,0.087
CRM0001502,2026-08-28,C001502,15,1,6,0.0667
CRM0001503,2026-08-28,C001503,21,1,10,0.0476
CRM0001504,2026-08-28,C001504,25,2,7,0.08
CRM0001505,2026-08-28,C001505,17,0,5,0.0
CRM0001506,2026-08-28,C001506,13,1,4,0.0769
CRM0001507,2026-08-28,C001507,20,3,7,0.15
CRM0001508,2026-08-28,C001508,21,5,7,0.2381
CRM0001509,2026-08-28,C001509,30,1,11,0.0333
CRM0001510,2026-08-28,C001510,38,1,11,0.0263
CRM0001511,2026-08-28,C001511,25,4,8,0.16
CRM0001512,2026-08-28,C001512,22,3,5,0.1364
CRM0001513,2026-08-28,C001513,45,4,11,0.0889
CRM0001514,2026-08-28,C001514,38,6,10,0.1579
CRM0001515,2026-08-28,C001515,22,3,8,0.1364
CRM0001516,2026-08-28,C001516,26,3,10,0.1154
CRM0001517,2026-08-28,C001517,45,9,11,0.2
CRM0001518,2026-08-28,C001518,28,2,10,0.0714
CRM0001519,2026-08-28,C001519,29,6,9,0.2069
CRM0001520,2026-08-28,C001520,29,2,7,0.069
CRM0001521,2026-08-28,C001521,31,2,9,0.0645
CRM0001522,2026-08-28,C001522,49,4,14,0.0816
CRM0001523,2026-08-28,C001523,24,4,10,0.1667
CRM0001524,2026-08-28,C001524,44,10,12,0.2273
CRM0001525,2026-08-28,C001525,5,0,5,0.0
CRM0001526,2026-08-28,C001526,27,5,11,0.1852
CRM0001527,2026-08-28,C001527,32,3,15,0.0938
CRM0001528,2026-08-28,C001528,15,3,8,0.2
CRM0001529,2026-08-28,C001529,33,4,10,0.1212
CRM0001530,2026-08-28,C001530,48,6,15,0.125
CRM0001531,2026-08-28,C001531,27,4,9,0.1481
CRM0001532,2026-08-28,C001532,14,3,3,0.2143
CRM0001533,2026-08-28,C001533,8,0,3,0.0
CRM0001534,2026-08-28,C001534,37,4,10,0.1081
CRM0001535,2026-08-28,C001535,17,1,7,0.0588
CRM0001536,2026-08-28,C001536,40,5,9,0.125
CRM0001537,2026-08-28,C001537,22,4,8,0.1818
CRM0001538,2026-08-28,C001538,37,5,10,0.1351
CRM0001539,2026-08-28,C001539,3,0,1,0.0
CRM0001540,2026-08-28,C001540,21,1,8,0.0476
CRM0001541,2026-08-28,C001541,17,3,6,0.1765
CRM0001542,2026-08-28,C001542,13,1,6,0.0769
CRM0001543,2026-08-28,C001543,14,1,4,0.0714
CRM0001544,2026-08-28,C001544,40,9,11,0.225
CRM0001545,2026-08-28,C001545,11,0,4,0.0
CRM0001546,2026-08-28,C001546,26,3,9,0.1154
CRM0001547,2026-08-28,C001547,35,4,10,0.1143
CRM0001548,2026-08-28,C001548,21,1,8,0.0476
CRM0001549,2026-08-28,C001549,24,4,8,0.1667
CRM0001550,2026-08-28,C001550,13,2,4,0.1538
CRM0001551,2026-08-28,C001551,14,1,5,0.0714
CRM0001552,2026-08-28,C001552,26,2,9,0.0769
CRM0001553,2026-08-28,C001553,22,3,8,0.1364
CRM0001554,2026-08-28,C001554,35,2,11,0.0571
CRM0001555,2026-08-28,C001555,27,2,5,0.0741
CRM0001556,2026-08-28,C001556,15,1,8,0.0667
CRM0001557,2026-08-28,C001557,38,6,12,0.1579
CRM0001558,2026-08-28,C001558,38,2,9,0.0526
CRM0001559,2026-08-28,C001559,3,1,3,0.3333
CRM0001560,2026-08-28,C001560,24,6,7,0.25
CRM0001561,2026-08-28,C001561,28,2,8,0.0714
CRM0001562,2026-08-28,C001562,14,4,7,0.2857
CRM0001563,2026-08-28,C001563,33,5,11,0.1515
CRM0001564,2026-08-28,C001564,30,2,7,0.0667
CRM0001565,2026-08-28,C001565,42,4,12,0.0952
CRM0001566,2026-08-28,C001566,32,6,10,0.1875
CRM0001567,2026-08-28,C001567,49,11,13,0.2245
CRM0001568,2026-08-28,C001568,26,2,8,0.0769
CRM0001569,2026-08-28,C001569,40,3,11,0.075
CRM0001570,2026-08-28,C001570,27,3,9,0.1111
CRM0001571,2026-08-28,C001571,18,3,9,0.1667
CRM0001572,2026-08-28,C001572,28,2,11,0.0714
CRM0001573,2026-08-28,C001573,24,2,7,0.0833
CRM0001574,2026-08-28,C001574,22,3,8,0.1364
CRM0001575,2026-08-28,C001575,40,9,10,0.225
CRM0001576,2026-08-28,C001576,16,4,6,0.25
CRM0001577,2026-08-28,C001577,25,4,9,0.16
CRM0001578,2026-08-28,C001578,22,3,6,0.1364
CRM0001579,2026-08-28,C001579,5,1,1,0.2
CRM0001580,2026-08-28,C001580,19,1,7,0.0526
CRM0001581,2026-08-28,C001581,24,4,9,0.1667
CRM0001582,2026-08-28,C001582,28,3,10,0.1071
CRM0001583,2026-08-28,C001583,35,5,13,0.1429
CRM0001584,2026-08-28,C001584,44,2,14,0.0455
CRM0001585,2026-08-28,C001585,12,0,7,0.0
CRM0001586,2026-08-28,C001586,24,6,6,0.25
CRM0001587,2026-08-28,C001587,26,5,7,0.1923
CRM0001588,2026-08-28,C001588,40,8,11,0.2
CRM0001589,2026-08-28,C001589,25,2,8,0.08
CRM0001590,2026-08-28,C001590,21,1,9,0.0476
CRM0001591,2026-08-28,C001591,27,4,7,0.1481
CRM0001592,2026-08-28,C001592,28,3,11,0.1071
CRM0001593,2026-08-28,C001593,17,3,5,0.1765
CRM0001594,2026-08-28,C001594,14,4,6,0.2857
CRM0001595,2026-08-28,C001595,23,5,6,0.2174
CRM0001596,2026-08-28,C001596,20,5,7,0.25
CRM0001597,2026-08-28,C001597,22,6,8,0.2727
CRM0001598,2026-08-28,C001598,24,5,9,0.2083
CRM0001599,2026-08-28,C001599,17,2,6,0.1176
CRM0001600,2026-08-28,C001600,39,4,9,0.1026
CRM0001601,2026-08-28,C001601,29,4,7,0.1379
CRM0001602,2026-08-28,C001602,43,11,13,0.2558
CRM0001603,2026-08-28,C001603,31,6,9,0.1935
CRM0001604,2026-08-28,C001604,33,5,7,0.1515
CRM0001605,2026-08-28,C001605,29,4,7,0.1379
CRM0001606,2026-08-28,C001606,35,2,11,0.0571
CRM0001607,2026-08-28,C001607,42,2,10,0.0476
CRM0001608,2026-08-28,C001608,37,1,9,0.027
CRM0001609,2026-08-28,C001609,25,3,8,0.12
CRM0001610,2026-08-28,C001610,29,4,7,0.1379
CRM0001611,2026-08-28,C001611,23,4,8,0.1739
CRM0001612,2026-08-28,C001612,37,4,9,0.1081
CRM0001613,2026-08-28,C001613,44,4,14,0.0909
CRM0001614,2026-08-28,C001614,19,2,6,0.1053
CRM0001615,2026-08-28,C001615,22,2,8,0.0909
CRM0001616,2026-08-28,C001616,29,7,9,0.2414
CRM0001617,2026-08-28,C001617,26,5,7,0.1923
CRM0001618,2026-08-28,C001618,21,3,4,0.1429
CRM0001619,2026-08-28,C001619,29,4,10,0.1379
CRM0001620,2026-08-28,C001620,30,7,9,0.2333
CRM0001621,2026-08-28,C001621,13,2,6,0.1538
CRM0001622,2026-08-28,C001622,43,3,11,0.0698
CRM0001623,2026-08-28,C001623,36,6,11,0.1667
CRM0001624,2026-08-28,C001624,42,10,10,0.2381
CRM0001625,2026-08-28,C001625,7,0,4,0.0
CRM0001626,2026-08-28,C001626,32,7,8,0.2188
CRM0001627,2026-08-28,C001627,26,2,6,0.0769
CRM0001628,2026-08-28,C001628,44,3,14,0.0682
CRM0001629,2026-08-28,C001629,5,0,4,0.0
CRM0001630,2026-08-28,C001630,31,5,11,0.1613
CRM0001631,2026-08-28,C001631,24,3,8,0.125
CRM0001632,2026-08-28,C001632,17,3,6,0.1765
CRM0001633,2026-08-28,C001633,30,7,12,0.2333
CRM0001634,2026-08-28,C001634,24,2,6,0.0833
CRM0001635,2026-08-28,C001635,17,6,5,0.3529
CRM0001636,2026-08-28,C001636,16,1,6,0.0625
CRM0001637,2026-08-28,C001637,28,6,9,0.2143
CRM0001638,2026-08-28,C001638,24,3,7,0.125
CRM0001639,2026-08-28,C001639,35,11,10,0.3143
CRM0001640,2026-08-28,C001640,10,2,3,0.2
CRM0001641,2026-08-28,C001641,40,10,13,0.25
CRM0001642,2026-08-28,C001642,24,2,7,0.0833
CRM0001643,2026-08-28,C001643,15,1,4,0.0667
CRM0001644,2026-08-28,C001644,10,1,3,0.1
CRM0001645,2026-08-28,C001645,38,11,9,0.2895
CRM0001646,2026-08-28,C001646,17,1,4,0.0588
CRM0001647,2026-08-28,C001647,30,3,10,0.1
CRM0001648,2026-08-28,C001648,36,1,11,0.0278
CRM0001649,2026-08-28,C001649,20,0,6,0.0
CRM0001650,2026-08-28,C001650,30,4,8,0.1333
CRM0001651,2026-08-28,C001651,17,1,7,0.0588
CRM0001652,2026-08-28,C001652,31,3,7,0.0968
CRM0001653,2026-08-28,C001653,35,4,10,0.1143
CRM0001654,2026-08-28,C001654,4,1,3,0.25
CRM0001655,2026-08-28,C001655,38,7,13,0.1842
CRM0001656,2026-08-28,C001656,21,3,7,0.1429
CRM0001657,2026-08-28,C001657,25,4,7,0.16
CRM0001658,2026-08-28,C001658,18,1,8,0.0556
CRM0001659,2026-08-28,C001659,21,2,7,0.0952
CRM0001660,2026-08-28,C001660,42,8,10,0.1905
CRM0001661,2026-08-28,C001661,15,1,10,0.0667
CRM0001662,2026-08-28,C001662,21,1,7,0.0476
CRM0001663,2026-08-28,C001663,38,6,9,0.1579
CRM0001664,2026-08-28,C001664,32,5,9,0.1562
CRM0001665,2026-08-28,C001665,19,2,7,0.1053
CRM0001666,2026-08-28,C001666,32,6,10,0.1875
CRM0001667,2026-08-28,C001667,35,5,12,0.1429
CRM0001668,2026-08-28,C001668,21,3,7,0.1429
CRM0001669,2026-08-28,C001669,31,1,8,0.0323
CRM0001670,2026-08-28,C001670,29,6,7,0.2069
CRM0001671,2026-08-28,C001671,24,4,10,0.1667
CRM0001672,2026-08-28,C001672,35,5,10,0.1429
CRM0001673,2026-08-28,C001673,15,1,8,0.0667
CRM0001674,2026-08-28,C001674,18,4,7,0.2222
CRM0001675,2026-08-28,C001675,10,3,5,0.3
CRM0001676,2026-08-28,C001676,41,4,12,0.0976
CRM0001677,2026-08-28,C001677,37,5,15,0.1351
CRM0001678,2026-08-28,C001678,23,4,6,0.1739
CRM0001679,2026-08-28,C001679,16,3,7,0.1875
CRM0001680,2026-08-28,C001680,33,6,7,0.1818
CRM0001681,2026-08-28,C001681,19,3,7,0.1579
CRM0001682,2026-08-28,C001682,33,2,7,0.0606
CRM0001683,2026-08-28,C001683,31,2,8,0.0645
CRM0001684,2026-08-28,C001684,27,10,8,0.3704
CRM0001685,2026-08-28,C001685,40,6,12,0.15
CRM0001686,2026-08-28,C001686,34,2,10,0.0588
CRM0001687,2026-08-28,C001687,25,6,9,0.24
CRM0001688,2026-08-28,C001688,27,3,10,0.1111
CRM0001689,2026-08-28,C001689,17,2,6,0.1176
CRM0001690,2026-08-28,C001690,8,2,4,0.25
CRM0001691,2026-08-28,C001691,20,2,8,0.1
CRM0001692,2026-08-28,C001692,50,5,14,0.1
CRM0001693,2026-08-28,C001693,26,5,8,0.1923
CRM0001694,2026-08-28,C001694,23,5,9,0.2174
CRM0001695,2026-08-28,C001695,30,3,7,0.1
CRM0001696,2026-08-28,C001696,24,4,7,0.1667
CRM0001697,2026-08-28,C001697,25,3,9,0.12
CRM0001698,2026-08-28,C001698,29,1,10,0.0345
CRM0001699,2026-08-28,C001699,27,5,9,0.1852
CRM0001700,2026-08-28,C001700,18,4,6,0.2222
CRM0001701,2026-08-28,C001701,28,4,9,0.1429
CRM0001702,2026-08-28,C001702,26,3,11,0.1154
CRM0001703,2026-08-28,C001703,18,2,7,0.1111
CRM0001704,2026-08-28,C001704,14,0,5,0.0
CRM0001705,2026-08-28,C001705,16,2,6,0.125
CRM0001706,2026-08-28,C001706,38,5,12,0.1316
CRM0001707,2026-08-28,C001707,26,7,8,0.2692
CRM0001708,2026-08-28,C001708,23,4,8,0.1739
CRM0001709,2026-08-28,C001709,26,5,7,0.1923
CRM0001710,2026-08-28,C001710,30,4,9,0.1333
CRM0001711,2026-08-28,C001711,23,2,7,0.087
CRM0001712,2026-08-28,C001712,23,3,7,0.1304
CRM0001713,2026-08-28,C001713,27,4,7,0.1481
CRM0001714,2026-08-28,C001714,32,5,9,0.1562
CRM0001715,2026-08-28,C001715,16,1,7,0.0625
CRM0001716,2026-08-28,C001716,7,2,2,0.2857
CRM0001717,2026-08-28,C001717,39,9,11,0.2308
CRM0001718,2026-08-28,C001718,13,0,4,0.0
CRM0001719,2026-08-28,C001719,9,2,4,0.2222
CRM0001720,2026-08-28,C001720,32,6,13,0.1875
CRM0001721,2026-08-28,C001721,33,7,9,0.2121
CRM0001722,2026-08-28,C001722,24,3,8,0.125
CRM0001723,2026-08-28,C001723,37,7,13,0.1892
CRM0001724,2026-08-28,C001724,36,4,13,0.1111
CRM0001725,2026-08-28,C001725,31,6,10,0.1935
CRM0001726,2026-08-28,C001726,27,4,8,0.1481
CRM0001727,2026-08-28,C001727,43,2,12,0.0465
CRM0001728,2026-08-28,C001728,20,2,9,0.1
CRM0001729,2026-08-28,C001729,27,2,7,0.0741
CRM0001730,2026-08-28,C001730,55,11,14,0.2
CRM0001731,2026-08-28,C001731,23,5,5,0.2174
CRM0001732,2026-08-28,C001732,15,1,7,0.0667
CRM0001733,2026-08-28,C001733,31,6,9,0.1935
CRM0001734,2026-08-28,C001734,13,2,5,0.1538
CRM0001735,2026-08-28,C001735,36,6,9,0.1667
CRM0001736,2026-08-28,C001736,37,7,12,0.1892
CRM0001737,2026-08-28,C001737,43,2,13,0.0465
CRM0001738,2026-08-28,C001738,25,4,8,0.16
CRM0001739,2026-08-28,C001739,37,2,10,0.0541
CRM0001740,2026-08-28,C001740,32,7,10,0.2188
CRM0001741,2026-08-28,C001741,5,1,2,0.2
CRM0001742,2026-08-28,C001742,26,5,8,0.1923
CRM0001743,2026-08-28,C001743,24,2,9,0.0833
CRM0001744,2026-08-28,C001744,40,7,10,0.175
CRM0001745,2026-08-28,C001745,36,5,12,0.1389
CRM0001746,2026-08-28,C001746,6,4,5,0.6667
CRM0001747,2026-08-28,C001747,33,8,9,0.2424
CRM0001748,2026-08-28,C001748,41,4,12,0.0976
CRM0001749,2026-08-28,C001749,23,2,8,0.087
CRM0001750,2026-08-28,C001750,22,1,7,0.0455
CRM0001751,2026-08-28,C001751,31,3,10,0.0968
CRM0001752,2026-08-28,C001752,23,1,7,0.0435
CRM0001753,2026-08-28,C001753,16,1,4,0.0625
CRM0001754,2026-08-28,C001754,43,4,10,0.093
CRM0001755,2026-08-28,C001755,38,4,10,0.1053
CRM0001756,2026-08-28,C001756,43,9,13,0.2093
CRM0001757,2026-08-28,C001757,20,3,9,0.15
CRM0001758,2026-08-28,C001758,28,5,6,0.1786
CRM0001759,2026-08-28,C001759,30,3,8,0.1
CRM0001760,2026-08-28,C001760,36,8,8,0.2222
CRM0001761,2026-08-28,C001761,27,2,9,0.0741
CRM0001762,2026-08-28,C001762,23,1,8,0.0435
CRM0001763,2026-08-28,C001763,21,0,6,0.0
CRM0001764,2026-08-28,C001764,28,1,9,0.0357
CRM0001765,2026-08-28,C001765,30,3,9,0.1
CRM0001766,2026-08-28,C001766,13,3,4,0.2308
CRM0001767,2026-08-28,C001767,19,3,5,0.1579
CRM0001768,2026-08-28,C001768,36,7,11,0.1944
CRM0001769,2026-08-28,C001769,32,3,12,0.0938
CRM0001770,2026-08-28,C001770,14,1,5,0.0714
CRM0001771,2026-08-28,C001771,40,0,11,0.0
CRM0001772,2026-08-28,C001772,37,8,8,0.2162
CRM0001773,2026-08-28,C001773,35,6,11,0.1714
CRM0001774,2026-08-28,C001774,46,5,14,0.1087
CRM0001775,2026-08-28,C001775,31,5,10,0.1613
CRM0001776,2026-08-28,C001776,17,2,4,0.1176
CRM0001777,2026-08-28,C001777,20,2,8,0.1
CRM0001778,2026-08-28,C001778,25,3,7,0.12
CRM0001779,2026-08-28,C001779,23,0,7,0.0
CRM0001780,2026-08-28,C001780,24,2,6,0.0833
CRM0001781,2026-08-28,C001781,24,1,6,0.0417
CRM0001782,2026-08-28,C001782,32,3,13,0.0938
CRM0001783,2026-08-28,C001783,20,2,6,0.1
CRM0001784,2026-08-28,C001784,36,7,10,0.1944
CRM0001785,2026-08-28,C001785,30,7,6,0.2333
CRM0001786,2026-08-28,C001786,19,2,5,0.1053
CRM0001787,2026-08-28,C001787,10,2,3,0.2
CRM0001788,2026-08-28,C001788,26,3,10,0.1154
CRM0001789,2026-08-28,C001789,41,5,11,0.122
CRM0001790,2026-08-28,C001790,25,3,9,0.12
CRM0001791,2026-08-28,C001791,51,13,16,0.2549
CRM0001792,2026-08-28,C001792,34,10,7,0.2941
CRM0001793,2026-08-28,C001793,38,2,13,0.0526
CRM0001794,2026-08-28,C001794,24,1,10,0.0417
CRM0001795,2026-08-28,C001795,38,1,11,0.0263
CRM0001796,2026-08-28,C001796,30,2,12,0.0667
CRM0001797,2026-08-28,C001797,18,2,5,0.1111
CRM0001798,2026-08-28,C001798,18,1,4,0.0556
CRM0001799,2026-08-28,C001799,36,2,11,0.0556
CRM0001800,2026-08-28,C001800,19,1,11,0.0526
