creator_id,creator_name,creator_level,joined_at,creator_status
C000001,创作者00001,成熟,2024-09-28 11:58:24,active
C000002,创作者00002,成长,2025-08-11 04:10:10,active
C000003,创作者00003,新星,2025-08-29 14:39:00,active
C000004,创作者00004,成长,2025-03-04 00:00:58,active
C000005,创作者00005,新星,2026-01-14 05:37:53,active
C000006,创作者00006,新星,2025-03-07 04:21:04,active
C000007,创作者00007,新星,2026-02-18 11:57:57,active
C000008,创作者00008,成长,2025-11-16 09:01:49,active
C000009,创作者00009,新星,2025-09-27 19:21:29,active
C000010,创作者00010,新星,2025-11-12 10:01:19,active
C000011,创作者00011,新星,2025-12-22 07:41:48,active
C000012,创作者00012,新星,2025-02-18 22:45:04,active
C000013,创作者00013,成长,2026-03-16 06:17:15,active
C000014,创作者00014,新星,2026-03-08 23:12:51,active
C000015,创作者00015,成长,2025-05-28 03:15:20,active
C000016,创作者00016,成长,2024-11-19 18:42:50,active
C000017,创作者00017,新星,2025-10-13 17:35:52,active
C000018,创作者00018,新星,2026-08-21 05:46:38,active
C000019,创作者00019,成长,2026-01-29 05:40:14,active
C000020,创作者00020,成熟,2024-09-08 14:01:48,active
C000021,创作者00021,新星,2025-10-12 21:26:37,inactive
C000022,创作者00022,头部,2026-02-14 21:50:25,active
C000023,创作者00023,成长,2024-09-14 19:23:33,active
C000024,创作者00024,成长,2025-02-26 08:29:58,active
C000025,创作者00025,成长,2025-09-02 13:56:52,inactive
C000026,创作者00026,成长,2025-06-30 05:39:58,active
C000027,创作者00027,新星,2024-11-02 01:26:40,active
C000028,创作者00028,成长,2024-08-25 00:59:42,active
C000029,创作者00029,新星,2025-07-23 08:19:35,active
C000030,创作者00030,新星,2025-02-03 08:14:00,active
C000031,创作者00031,新星,2026-03-24 07:31:26,active
C000032,创作者00032,成长,2024-12-05 00:42:39,active
C000033,创作者00033,新星,2026-01-13 17:03:55,active
C000034,创作者00034,成熟,2025-08-19 23:00:30,active
C000035,创作者00035,新星,2024-11-03 07:50:16,active
C000036,创作者00036,成长,2024-12-20 04:44:29,active
C000037,创作者00037,成长,2025-01-06 18:32:07,active
C000038,创作者00038,成长,2025-08-17 00:26:33,active
C000039,创作者00039,头部,2024-09-22 09:10:59,active
C000040,创作者00040,新星,2025-10-04 10:05:11,active
C000041,创作者00041,新星,2025-12-26 10:57:23,active
C000042,创作者00042,成长,2025-01-06 04:05:21,active
C000043,创作者00043,成熟,2025-10-28 02:21:04,inactive
C000044,创作者00044,头部,2026-05-09 01:34:52,active
C000045,创作者00045,新星,2025-05-02 17:02:22,active
C000046,创作者00046,成长,2026-02-12 18:08:53,active
C000047,创作者00047,成长,2026-05-15 16:27:45,active
C000048,创作者00048,新星,2026-07-14 06:32:33,inactive
C000049,创作者00049,新星,2024-11-19 06:04:19,active
C000050,创作者00050,新星,2026-01-20 03:02:15,active
C000051,创作者00051,新星,2024-11-26 08:32:49,active
C000052,创作者00052,新星,2024-08-21 06:19:54,inactive
C000053,创作者00053,头部,2024-11-26 15:20:41,active
C000054,创作者00054,成长,2025-01-16 09:52:25,active
C000055,创作者00055,成长,2024-12-28 22:31:08,active
C000056,创作者00056,新星,2025-02-16 14:22:19,active
C000057,创作者00057,头部,2026-05-01 14:46:09,active
C000058,创作者00058,成长,2026-08-12 15:04:32,active
C000059,创作者00059,成长,2025-04-29 06:10:33,active
C000060,创作者00060,新星,2025-07-05 02:23:24,active
C000061,创作者00061,成长,2024-10-15 19:57:05,active
C000062,创作者00062,新星,2025-01-23 10:28:03,active
C000063,创作者00063,新星,2025-07-24 08:51:31,active
C000064,创作者00064,成熟,2024-09-05 23:12:45,active
C000065,创作者00065,新星,2026-02-04 13:44:01,active
C000066,创作者00066,成长,2026-04-15 03:30:23,active
C000067,创作者00067,成长,2025-02-25 15:50:26,active
C000068,创作者00068,新星,2025-08-31 04:10:57,active
C000069,创作者00069,成熟,2025-09-24 01:10:33,active
C000070,创作者00070,新星,2025-02-23 21:33:19,active
C000071,创作者00071,新星,2025-02-09 13:32:59,active
C000072,创作者00072,新星,2024-11-03 19:48:03,active
C000073,创作者00073,成长,2025-02-18 22:03:31,active
C000074,创作者00074,新星,2025-02-22 15:47:47,active
C000075,创作者00075,新星,2025-02-12 16:58:21,active
C000076,创作者00076,新星,2024-11-23 12:00:33,active
C000077,创作者00077,成熟,2024-10-20 11:24:37,active
C000078,创作者00078,成熟,2025-12-01 01:25:17,active
C000079,创作者00079,新星,2025-12-12 10:55:34,active
C000080,创作者00080,新星,2026-03-20 00:56:14,active
C000081,创作者00081,新星,2026-08-01 08:39:37,active
C000082,创作者00082,成长,2025-11-25 22:10:34,active
C000083,创作者00083,新星,2026-03-11 13:20:47,active
C000084,创作者00084,成长,2025-10-07 10:16:47,active
C000085,创作者00085,成长,2026-06-15 18:07:39,active
C000086,创作者00086,成长,2025-01-13 10:31:52,active
C000087,创作者00087,成长,2024-10-29 07:00:28,active
C000088,创作者00088,新星,2025-08-09 02:56:57,inactive
C000089,创作者00089,新星,2026-01-29 05:49:58,inactive
C000090,创作者00090,新星,2025-09-14 01:40:20,active
C000091,创作者00091,新星,2024-09-03 18:47:57,active
C000092,创作者00092,新星,2025-12-14 02:42:05,active
C000093,创作者00093,成长,2025-05-02 12:14:36,active
C000094,创作者00094,新星,2025-02-27 11:05:33,active
C000095,创作者00095,头部,2025-12-21 14:05:33,active
C000096,创作者00096,新星,2025-05-03 23:01:08,active
C000097,创作者00097,新星,2025-11-28 20:39:48,active
C000098,创作者00098,新星,2025-05-31 18:43:24,active
C000099,创作者00099,成长,2024-11-29 16:43:12,active
C000100,创作者00100,成长,2025-07-25 13:48:27,active
C000101,创作者00101,新星,2024-12-15 06:44:23,inactive
C000102,创作者00102,新星,2025-02-26 03:24:43,active
C000103,创作者00103,成长,2025-02-23 02:49:39,active
C000104,创作者00104,成熟,2025-11-16 07:52:24,active
C000105,创作者00105,头部,2026-01-16 03:37:21,active
C000106,创作者00106,成长,2026-06-03 17:53:16,inactive
C000107,创作者00107,成长,2026-05-08 13:09:21,active
C000108,创作者00108,新星,2025-12-06 08:48:02,active
C000109,创作者00109,新星,2026-02-08 02:43:55,active
C000110,创作者00110,成熟,2025-02-16 06:13:47,restricted
C000111,创作者00111,成长,2025-03-22 10:25:15,active
C000112,创作者00112,成长,2026-06-30 23:37:20,active
C000113,创作者00113,头部,2025-11-05 08:29:40,active
C000114,创作者00114,新星,2024-10-20 15:25:45,active
C000115,创作者00115,成长,2026-08-12 10:58:38,inactive
C000116,创作者00116,新星,2024-08-20 16:57:22,inactive
C000117,创作者00117,新星,2024-09-10 06:10:38,active
C000118,创作者00118,成长,2025-03-23 18:54:18,active
C000119,创作者00119,成长,2025-09-13 07:15:13,active
C000120,创作者00120,新星,2026-06-23 02:43:57,active
C000121,创作者00121,成长,2026-07-22 19:25:08,active
C000122,创作者00122,成长,2026-03-03 00:43:50,active
C000123,创作者00123,新星,2026-03-25 01:20:09,active
C000124,创作者00124,成长,2025-08-07 06:27:22,active
C000125,创作者00125,成长,2026-02-02 16:06:32,active
C000126,创作者00126,头部,2026-07-05 12:14:10,active
C000127,创作者00127,成长,2024-10-25 09:28:57,active
C000128,创作者00128,成熟,2025-03-25 16:37:07,active
C000129,创作者00129,成熟,2025-07-27 03:08:46,active
C000130,创作者00130,新星,2025-01-19 12:33:34,active
C000131,创作者00131,成长,2026-08-04 04:17:06,active
C000132,创作者00132,成熟,2026-01-31 04:55:55,active
C000133,创作者00133,成熟,2024-11-16 04:55:42,active
C000134,创作者00134,成长,2024-12-30 20:20:53,active
C000135,创作者00135,成熟,2025-06-20 00:11:33,active
C000136,创作者00136,新星,2026-01-04 05:38:12,active
C000137,创作者00137,成长,2025-10-19 05:26:09,active
C000138,创作者00138,新星,2025-11-24 10:24:06,active
C000139,创作者00139,新星,2024-11-16 15:43:57,active
C000140,创作者00140,成熟,2025-07-12 16:31:24,active
C000141,创作者00141,新星,2024-11-03 19:00:56,active
C000142,创作者00142,成长,2026-02-09 15:23:42,restricted
C000143,创作者00143,成熟,2025-09-23 01:27:27,inactive
C000144,创作者00144,新星,2025-11-12 06:04:41,active
C000145,创作者00145,头部,2026-06-10 02:26:01,active
C000146,创作者00146,成长,2025-02-05 12:08:59,active
C000147,创作者00147,成长,2026-02-11 19:56:28,active
C000148,创作者00148,成熟,2024-12-28 09:14:00,active
C000149,创作者00149,成长,2025-05-16 18:53:05,active
C000150,创作者00150,成长,2026-07-03 00:43:41,active
C000151,创作者00151,新星,2026-02-10 06:31:46,active
C000152,创作者00152,成熟,2026-03-04 04:42:06,active
C000153,创作者00153,头部,2025-03-25 14:45:45,active
C000154,创作者00154,成长,2025-08-22 03:24:56,active
C000155,创作者00155,新星,2025-08-29 22:23:24,active
C000156,创作者00156,新星,2025-09-25 07:58:03,active
C000157,创作者00157,成长,2024-10-09 21:54:00,active
C000158,创作者00158,成长,2024-09-11 08:23:44,active
C000159,创作者00159,新星,2024-09-30 08:37:15,active
C000160,创作者00160,新星,2024-08-19 12:16:33,active
C000161,创作者00161,新星,2026-05-26 07:50:58,active
C000162,创作者00162,成熟,2024-10-04 23:21:44,active
C000163,创作者00163,新星,2025-10-19 03:15:22,active
C000164,创作者00164,新星,2026-01-16 15:04:39,active
C000165,创作者00165,新星,2024-10-08 07:29:37,active
C000166,创作者00166,成长,2025-08-17 23:05:15,active
C000167,创作者00167,新星,2025-09-14 14:03:47,active
C000168,创作者00168,成长,2025-06-19 03:10:18,active
C000169,创作者00169,新星,2024-10-12 00:23:43,active
C000170,创作者00170,成熟,2025-11-10 15:07:21,active
C000171,创作者00171,成长,2025-02-27 18:11:46,active
C000172,创作者00172,成熟,2026-06-21 06:24:48,active
C000173,创作者00173,成长,2025-09-08 05:39:09,active
C000174,创作者00174,成长,2025-12-11 10:34:47,active
C000175,创作者00175,成长,2026-06-08 20:59:03,active
C000176,创作者00176,成熟,2026-05-22 15:56:49,active
C000177,创作者00177,成长,2024-08-19 15:20:44,active
C000178,创作者00178,成熟,2026-07-16 07:52:33,active
C000179,创作者00179,新星,2024-11-12 22:49:17,active
C000180,创作者00180,头部,2025-02-28 15:31:44,active
C000181,创作者00181,新星,2026-08-21 16:38:10,inactive
C000182,创作者00182,新星,2025-12-02 10:26:28,active
C000183,创作者00183,成长,2024-10-08 04:31:51,active
C000184,创作者00184,成熟,2024-12-25 07:31:39,active
C000185,创作者00185,成长,2025-10-29 07:50:17,active
C000186,创作者00186,新星,2025-09-25 18:42:42,active
C000187,创作者00187,新星,2026-05-22 09:21:14,active
C000188,创作者00188,新星,2024-09-24 10:27:36,active
C000189,创作者00189,成长,2025-06-12 12:14:47,active
C000190,创作者00190,成长,2024-10-14 08:36:40,active
C000191,创作者00191,成长,2026-05-01 22:08:50,active
C000192,创作者00192,新星,2025-03-03 10:00:21,active
C000193,创作者00193,成长,2025-12-27 18:15:58,active
C000194,创作者00194,新星,2026-01-27 10:41:43,active
C000195,创作者00195,成长,2026-02-06 00:12:33,active
C000196,创作者00196,新星,2026-02-19 23:44:26,active
C000197,创作者00197,新星,2026-02-10 11:29:46,restricted
C000198,创作者00198,新星,2025-05-14 13:22:43,active
C000199,创作者00199,新星,2025-10-02 06:02:44,active
C000200,创作者00200,成长,2024-12-30 05:04:43,active
C000201,创作者00201,成长,2026-04-13 10:46:11,active
C000202,创作者00202,头部,2026-07-10 02:18:16,active
C000203,创作者00203,成长,2025-12-05 07:04:23,active
C000204,创作者00204,成长,2026-04-26 13:42:21,active
C000205,创作者00205,头部,2026-02-22 16:39:01,active
C000206,创作者00206,新星,2024-12-19 10:18:41,active
C000207,创作者00207,成熟,2026-07-11 09:26:45,active
C000208,创作者00208,新星,2026-06-05 09:11:14,active
C000209,创作者00209,新星,2025-10-17 05:16:49,active
C000210,创作者00210,成熟,2026-05-07 12:30:15,active
C000211,创作者00211,成熟,2026-08-19 16:20:32,active
C000212,创作者00212,新星,2025-11-07 11:26:54,active
C000213,创作者00213,成长,2025-04-03 03:07:41,active
C000214,创作者00214,成长,2026-03-29 02:37:20,active
C000215,创作者00215,成长,2026-07-11 09:16:08,active
C000216,创作者00216,新星,2025-07-18 09:56:40,active
C000217,创作者00217,新星,2026-02-21 16:34:53,active
C000218,创作者00218,新星,2024-11-18 15:03:22,active
C000219,创作者00219,成长,2026-02-28 08:58:33,active
C000220,创作者00220,新星,2026-06-05 13:38:29,active
C000221,创作者00221,成熟,2025-04-27 22:18:35,active
C000222,创作者00222,成长,2025-05-26 08:17:58,active
C000223,创作者00223,新星,2025-05-13 20:59:53,active
C000224,创作者00224,成长,2024-09-02 03:15:59,active
C000225,创作者00225,新星,2025-12-13 13:03:27,inactive
C000226,创作者00226,成熟,2024-11-06 22:37:51,active
C000227,创作者00227,成熟,2024-12-15 23:34:30,inactive
C000228,创作者00228,头部,2025-10-21 08:47:44,active
C000229,创作者00229,成熟,2024-10-24 09:14:55,active
C000230,创作者00230,成长,2025-07-11 06:34:02,active
C000231,创作者00231,成熟,2025-10-02 07:29:17,active
C000232,创作者00232,新星,2026-05-04 18:24:53,active
C000233,创作者00233,成熟,2025-03-30 08:46:19,active
C000234,创作者00234,新星,2025-11-24 06:27:59,active
C000235,创作者00235,成长,2026-06-01 14:53:28,inactive
C000236,创作者00236,成长,2026-04-11 19:56:31,active
C000237,创作者00237,成长,2025-07-22 09:37:06,active
C000238,创作者00238,新星,2025-11-01 20:23:26,active
C000239,创作者00239,成长,2025-04-10 01:30:22,active
C000240,创作者00240,新星,2024-10-16 18:03:54,active
C000241,创作者00241,成长,2025-07-05 17:01:13,active
C000242,创作者00242,新星,2025-12-05 22:26:18,active
C000243,创作者00243,新星,2026-03-17 10:53:18,active
C000244,创作者00244,成熟,2024-12-20 09:22:45,active
C000245,创作者00245,新星,2025-06-13 11:45:08,active
C000246,创作者00246,新星,2025-11-15 03:49:07,active
C000247,创作者00247,成长,2024-09-18 06:40:50,active
C000248,创作者00248,新星,2026-08-26 15:46:39,active
C000249,创作者00249,成熟,2025-02-26 22:06:39,restricted
C000250,创作者00250,成长,2025-05-23 19:24:54,inactive
C000251,创作者00251,成熟,2026-04-26 00:54:11,active
C000252,创作者00252,新星,2024-11-18 23:19:25,active
C000253,创作者00253,成长,2026-04-10 22:24:23,active
C000254,创作者00254,成熟,2024-11-28 11:34:34,active
C000255,创作者00255,成熟,2026-01-17 21:59:20,active
C000256,创作者00256,成长,2025-01-19 15:52:49,active
C000257,创作者00257,新星,2026-08-03 08:49:17,active
C000258,创作者00258,新星,2026-01-03 19:19:08,active
C000259,创作者00259,新星,2024-12-08 20:12:05,active
C000260,创作者00260,新星,2025-03-12 13:41:48,active
C000261,创作者00261,头部,2026-04-23 10:51:23,active
C000262,创作者00262,成长,2025-09-13 02:10:31,active
C000263,创作者00263,成长,2026-05-06 09:11:19,inactive
C000264,创作者00264,新星,2025-01-19 05:21:08,active
C000265,创作者00265,成长,2025-06-09 20:08:28,active
C000266,创作者00266,新星,2026-03-05 04:57:55,active
C000267,创作者00267,新星,2026-04-23 10:39:12,active
C000268,创作者00268,新星,2025-05-28 21:58:37,active
C000269,创作者00269,成长,2025-10-24 12:23:37,active
C000270,创作者00270,新星,2024-11-25 11:42:07,active
C000271,创作者00271,新星,2025-06-03 12:06:03,active
C000272,创作者00272,新星,2025-07-18 13:45:12,active
C000273,创作者00273,新星,2025-04-14 06:09:47,active
C000274,创作者00274,成长,2025-03-04 00:37:45,active
C000275,创作者00275,成长,2024-11-07 06:25:36,active
C000276,创作者00276,成熟,2025-01-16 00:48:10,active
C000277,创作者00277,头部,2026-05-19 16:24:55,active
C000278,创作者00278,头部,2025-06-26 22:34:53,active
C000279,创作者00279,新星,2025-12-23 00:49:03,active
C000280,创作者00280,成熟,2026-08-24 02:10:09,active
C000281,创作者00281,成长,2025-07-03 05:49:22,active
C000282,创作者00282,成长,2025-03-19 23:20:49,active
C000283,创作者00283,新星,2025-10-31 13:30:25,active
C000284,创作者00284,成长,2024-11-13 11:15:43,active
C000285,创作者00285,新星,2026-08-10 17:29:37,active
C000286,创作者00286,成熟,2025-03-30 07:28:54,active
C000287,创作者00287,成长,2026-04-21 21:28:24,active
C000288,创作者00288,成长,2024-11-25 21:20:38,active
C000289,创作者00289,成熟,2026-03-30 12:10:14,active
C000290,创作者00290,成熟,2025-09-06 22:33:02,active
C000291,创作者00291,成长,2025-03-29 14:43:43,active
C000292,创作者00292,新星,2026-03-16 18:25:44,active
C000293,创作者00293,成长,2026-02-20 20:59:50,active
C000294,创作者00294,新星,2025-11-03 22:15:49,active
C000295,创作者00295,新星,2025-01-02 13:18:39,active
C000296,创作者00296,新星,2026-01-05 11:15:43,active
C000297,创作者00297,成熟,2025-11-17 23:44:52,active
C000298,创作者00298,成长,2025-09-26 01:30:23,active
C000299,创作者00299,成长,2025-01-14 20:56:04,active
C000300,创作者00300,成熟,2025-10-26 22:49:22,active
C000301,创作者00301,成长,2026-07-04 01:18:45,active
C000302,创作者00302,新星,2025-03-27 01:26:36,active
C000303,创作者00303,新星,2026-06-21 19:44:12,active
C000304,创作者00304,成熟,2025-05-22 07:03:11,active
C000305,创作者00305,新星,2026-04-20 22:44:44,active
C000306,创作者00306,头部,2026-05-11 10:09:58,active
C000307,创作者00307,成熟,2024-12-24 01:47:45,active
C000308,创作者00308,新星,2025-12-31 17:00:04,active
C000309,创作者00309,成长,2026-05-26 22:25:49,active
C000310,创作者00310,成长,2025-03-23 07:07:54,active
C000311,创作者00311,成长,2025-03-11 10:00:37,active
C000312,创作者00312,新星,2026-06-08 17:30:03,active
C000313,创作者00313,新星,2025-01-16 05:18:06,active
C000314,创作者00314,成熟,2025-05-22 10:02:09,active
C000315,创作者00315,成长,2025-05-17 03:31:31,active
C000316,创作者00316,新星,2025-03-31 18:40:45,active
C000317,创作者00317,新星,2025-11-17 21:19:19,active
C000318,创作者00318,头部,2025-03-04 13:51:13,active
C000319,创作者00319,成熟,2026-03-02 02:25:28,active
C000320,创作者00320,新星,2025-12-17 08:48:04,active
C000321,创作者00321,成长,2026-03-11 14:10:22,active
C000322,创作者00322,成长,2025-09-04 16:09:04,active
C000323,创作者00323,头部,2026-04-15 17:08:23,inactive
C000324,创作者00324,成长,2026-02-08 06:28:05,active
C000325,创作者00325,成熟,2025-09-21 17:32:59,active
C000326,创作者00326,成熟,2026-03-03 12:57:44,active
C000327,创作者00327,新星,2025-04-23 01:20:51,active
C000328,创作者00328,新星,2026-08-17 16:26:11,active
C000329,创作者00329,成熟,2025-10-31 06:34:20,active
C000330,创作者00330,成长,2026-02-08 04:03:57,active
C000331,创作者00331,成熟,2025-07-01 17:32:56,active
C000332,创作者00332,新星,2024-11-12 19:33:44,active
C000333,创作者00333,新星,2025-06-24 12:50:14,active
C000334,创作者00334,成熟,2026-02-16 17:56:03,active
C000335,创作者00335,成长,2025-10-01 09:28:46,active
C000336,创作者00336,新星,2026-08-26 15:29:51,active
C000337,创作者00337,新星,2025-02-14 05:00:36,active
C000338,创作者00338,新星,2024-11-09 05:45:10,active
C000339,创作者00339,新星,2025-04-30 22:39:36,active
C000340,创作者00340,成熟,2024-10-28 23:16:45,active
C000341,创作者00341,新星,2024-10-04 02:03:04,active
C000342,创作者00342,成熟,2026-01-09 07:02:45,active
C000343,创作者00343,新星,2026-07-16 06:48:08,active
C000344,创作者00344,新星,2024-11-13 10:34:15,active
C000345,创作者00345,新星,2025-05-20 02:41:33,active
C000346,创作者00346,成长,2025-09-25 23:01:27,active
C000347,创作者00347,新星,2025-03-30 13:00:53,active
C000348,创作者00348,新星,2025-06-18 11:33:21,active
C000349,创作者00349,成熟,2025-01-12 10:40:04,active
C000350,创作者00350,新星,2024-11-02 23:37:55,active
C000351,创作者00351,新星,2025-02-19 06:40:07,active
C000352,创作者00352,成长,2025-11-10 09:38:35,active
C000353,创作者00353,新星,2024-11-29 06:23:49,active
C000354,创作者00354,头部,2026-04-23 01:24:03,active
C000355,创作者00355,成长,2025-07-27 16:21:42,active
C000356,创作者00356,新星,2025-07-22 23:42:19,active
C000357,创作者00357,新星,2025-02-09 13:18:59,active
C000358,创作者00358,新星,2025-03-06 14:35:29,active
C000359,创作者00359,头部,2026-02-01 15:28:02,active
C000360,创作者00360,头部,2026-05-13 00:48:58,active
C000361,创作者00361,新星,2024-11-12 09:25:39,active
C000362,创作者00362,新星,2024-10-25 23:35:18,active
C000363,创作者00363,新星,2025-01-18 13:50:36,active
C000364,创作者00364,成长,2025-01-01 02:53:21,active
C000365,创作者00365,成熟,2025-03-02 09:12:19,active
C000366,创作者00366,新星,2025-05-29 14:11:35,active
C000367,创作者00367,成长,2025-02-25 10:13:47,active
C000368,创作者00368,新星,2025-12-10 18:09:22,active
C000369,创作者00369,成长,2025-05-25 14:22:47,active
C000370,创作者00370,新星,2025-06-10 11:12:38,active
C000371,创作者00371,新星,2026-08-04 15:36:52,active
C000372,创作者00372,头部,2025-03-31 22:14:02,active
C000373,创作者00373,成熟,2025-04-20 15:54:06,inactive
C000374,创作者00374,新星,2025-10-20 01:09:32,active
C000375,创作者00375,新星,2025-11-03 16:09:13,active
C000376,创作者00376,头部,2026-01-09 03:10:11,active
C000377,创作者00377,成熟,2025-05-07 16:56:16,active
C000378,创作者00378,新星,2025-08-10 14:46:43,active
C000379,创作者00379,新星,2026-07-13 14:58:42,inactive
C000380,创作者00380,成熟,2025-07-19 03:02:42,active
C000381,创作者00381,新星,2026-02-13 09:52:48,active
C000382,创作者00382,成长,2026-05-14 07:37:41,active
C000383,创作者00383,成长,2026-04-15 09:58:18,active
C000384,创作者00384,新星,2024-10-25 11:56:16,active
C000385,创作者00385,成长,2026-05-08 06:21:14,active
C000386,创作者00386,新星,2024-10-03 10:40:22,active
C000387,创作者00387,新星,2026-08-24 15:29:59,active
C000388,创作者00388,新星,2026-05-13 13:53:39,active
C000389,创作者00389,新星,2026-03-10 12:27:44,active
C000390,创作者00390,新星,2025-01-06 20:35:08,inactive
C000391,创作者00391,成长,2024-09-29 09:29:36,active
C000392,创作者00392,头部,2025-10-07 16:10:34,active
C000393,创作者00393,成长,2025-02-27 20:46:08,active
C000394,创作者00394,新星,2025-05-16 12:27:54,active
C000395,创作者00395,成长,2025-03-26 17:18:16,active
C000396,创作者00396,新星,2024-09-17 16:08:03,active
C000397,创作者00397,新星,2024-09-22 12:00:04,active
C000398,创作者00398,新星,2026-06-02 13:31:30,active
C000399,创作者00399,成熟,2025-11-12 03:37:13,active
C000400,创作者00400,新星,2026-08-11 00:43:14,active
C000401,创作者00401,成熟,2024-11-03 07:02:51,active
C000402,创作者00402,成长,2025-03-22 06:24:28,active
C000403,创作者00403,成熟,2025-11-28 21:21:39,active
C000404,创作者00404,成熟,2025-12-13 17:37:41,active
C000405,创作者00405,头部,2025-11-30 11:20:39,active
C000406,创作者00406,新星,2025-12-14 10:54:46,active
C000407,创作者00407,新星,2025-11-06 12:52:15,active
C000408,创作者00408,新星,2026-03-11 18:28:50,active
C000409,创作者00409,成熟,2026-07-26 12:41:31,active
C000410,创作者00410,新星,2025-11-11 07:06:40,active
C000411,创作者00411,成长,2026-01-22 23:15:20,active
C000412,创作者00412,新星,2025-01-02 01:50:23,active
C000413,创作者00413,成长,2025-03-05 21:55:28,active
C000414,创作者00414,头部,2026-05-30 15:13:30,active
C000415,创作者00415,新星,2025-09-04 09:01:03,active
C000416,创作者00416,成熟,2025-09-27 01:53:35,active
C000417,创作者00417,成长,2025-04-16 03:08:57,active
C000418,创作者00418,成熟,2025-05-10 07:40:08,active
C000419,创作者00419,成长,2025-05-18 06:51:52,active
C000420,创作者00420,新星,2024-08-29 22:16:24,active
C000421,创作者00421,新星,2026-06-20 02:47:10,active
C000422,创作者00422,成长,2025-02-03 01:16:56,active
C000423,创作者00423,成熟,2025-10-02 17:35:58,active
C000424,创作者00424,新星,2025-01-11 23:31:47,active
C000425,创作者00425,新星,2025-03-14 02:51:18,active
C000426,创作者00426,成熟,2025-07-27 21:26:16,active
C000427,创作者00427,成熟,2026-03-12 18:59:51,restricted
C000428,创作者00428,新星,2025-02-27 14:11:31,active
C000429,创作者00429,成长,2025-08-25 19:14:03,active
C000430,创作者00430,新星,2025-09-06 03:59:22,active
C000431,创作者00431,新星,2025-07-23 11:34:54,active
C000432,创作者00432,新星,2025-08-31 13:34:57,active
C000433,创作者00433,成长,2025-08-30 17:33:14,active
C000434,创作者00434,头部,2025-12-30 17:10:54,active
C000435,创作者00435,成长,2025-12-12 19:19:52,active
C000436,创作者00436,成熟,2024-12-14 22:07:46,active
C000437,创作者00437,新星,2026-06-13 22:15:40,active
C000438,创作者00438,成熟,2025-08-18 02:52:27,active
C000439,创作者00439,新星,2025-11-11 00:52:44,active
C000440,创作者00440,成熟,2025-09-30 02:38:01,active
C000441,创作者00441,新星,2024-12-05 17:05:33,active
C000442,创作者00442,成熟,2026-01-20 11:10:28,active
C000443,创作者00443,成熟,2025-12-04 20:11:09,active
C000444,创作者00444,新星,2026-07-08 07:45:15,active
C000445,创作者00445,新星,2025-08-28 13:42:50,active
C000446,创作者00446,新星,2024-10-29 20:24:22,active
C000447,创作者00447,成长,2025-09-08 16:55:07,active
C000448,创作者00448,成熟,2026-01-29 17:04:23,active
C000449,创作者00449,新星,2024-08-25 08:23:05,active
C000450,创作者00450,成长,2025-02-07 14:31:11,active
C000451,创作者00451,新星,2025-03-29 13:05:44,active
C000452,创作者00452,新星,2026-02-04 21:19:22,active
C000453,创作者00453,成长,2024-12-13 14:26:17,active
C000454,创作者00454,新星,2026-07-10 19:47:08,active
C000455,创作者00455,新星,2024-10-11 06:31:10,active
C000456,创作者00456,新星,2025-07-09 08:07:08,active
C000457,创作者00457,头部,2025-10-09 07:58:23,active
C000458,创作者00458,成长,2026-02-11 21:38:55,inactive
C000459,创作者00459,新星,2025-10-23 02:25:16,active
C000460,创作者00460,成长,2024-09-08 06:14:14,active
C000461,创作者00461,新星,2024-08-27 19:33:46,active
C000462,创作者00462,新星,2025-06-17 10:45:25,active
C000463,创作者00463,成长,2025-12-28 03:13:33,active
C000464,创作者00464,成长,2024-12-14 02:48:50,active
C000465,创作者00465,新星,2026-03-31 07:38:04,active
C000466,创作者00466,头部,2025-08-27 19:35:09,active
C000467,创作者00467,新星,2025-09-26 22:51:40,active
C000468,创作者00468,成长,2025-10-12 12:26:08,active
C000469,创作者00469,成长,2025-01-15 11:46:31,active
C000470,创作者00470,成长,2025-07-03 01:19:24,active
C000471,创作者00471,新星,2026-04-02 01:54:59,active
C000472,创作者00472,新星,2025-07-09 04:19:33,inactive
C000473,创作者00473,新星,2026-06-16 02:54:35,active
C000474,创作者00474,成长,2025-08-26 21:49:49,active
C000475,创作者00475,新星,2025-02-05 23:05:03,active
C000476,创作者00476,头部,2026-03-10 20:30:14,active
C000477,创作者00477,成长,2026-03-18 21:57:00,active
C000478,创作者00478,成熟,2026-02-19 21:25:52,active
C000479,创作者00479,成长,2026-05-11 00:52:00,active
C000480,创作者00480,新星,2026-06-18 15:42:54,active
C000481,创作者00481,新星,2025-04-25 01:52:11,active
C000482,创作者00482,新星,2024-09-10 17:08:02,active
C000483,创作者00483,新星,2024-11-25 13:44:13,active
C000484,创作者00484,新星,2025-04-27 20:23:06,active
C000485,创作者00485,新星,2025-05-04 07:13:30,active
C000486,创作者00486,新星,2025-10-04 12:24:58,active
C000487,创作者00487,头部,2026-02-11 02:22:51,active
C000488,创作者00488,新星,2026-07-31 18:10:58,active
C000489,创作者00489,头部,2024-08-21 00:47:24,inactive
C000490,创作者00490,新星,2025-08-22 20:58:46,active
C000491,创作者00491,新星,2024-10-12 04:38:46,active
C000492,创作者00492,成熟,2026-01-03 13:42:16,active
C000493,创作者00493,成熟,2025-06-28 14:45:28,active
C000494,创作者00494,成熟,2025-08-13 19:11:38,active
C000495,创作者00495,成长,2024-12-20 01:47:19,active
C000496,创作者00496,成长,2026-02-23 20:11:53,inactive
C000497,创作者00497,新星,2024-12-27 12:24:21,active
C000498,创作者00498,成熟,2025-03-02 06:28:30,active
C000499,创作者00499,成长,2025-07-12 02:28:32,active
C000500,创作者00500,新星,2026-08-24 03:15:45,inactive
C000501,创作者00501,新星,2026-03-18 00:50:44,active
C000502,创作者00502,成熟,2025-01-11 07:31:40,active
C000503,创作者00503,成熟,2025-06-12 00:00:04,active
C000504,创作者00504,成长,2026-08-09 08:12:14,active
C000505,创作者00505,新星,2025-06-29 09:05:26,active
C000506,创作者00506,成长,2024-09-23 06:05:36,active
C000507,创作者00507,新星,2025-11-28 11:10:01,active
C000508,创作者00508,新星,2025-06-08 20:21:49,active
C000509,创作者00509,新星,2026-02-03 14:29:12,active
C000510,创作者00510,成熟,2026-05-26 11:51:44,active
C000511,创作者00511,新星,2025-08-25 19:36:51,active
C000512,创作者00512,成长,2025-06-22 06:50:52,active
C000513,创作者00513,成长,2025-08-11 06:55:50,active
C000514,创作者00514,成熟,2024-12-19 15:36:50,active
C000515,创作者00515,成熟,2025-08-31 10:47:00,active
C000516,创作者00516,成长,2026-03-23 22:50:03,active
C000517,创作者00517,成长,2024-12-19 16:03:18,active
C000518,创作者00518,新星,2024-11-04 02:38:36,active
C000519,创作者00519,成熟,2026-05-26 10:01:09,inactive
C000520,创作者00520,成长,2026-02-13 02:00:38,active
C000521,创作者00521,新星,2025-08-29 23:15:28,inactive
C000522,创作者00522,新星,2025-04-01 19:57:09,active
C000523,创作者00523,新星,2026-06-04 18:03:39,active
C000524,创作者00524,新星,2026-05-06 10:42:57,active
C000525,创作者00525,新星,2026-03-22 10:25:09,active
C000526,创作者00526,头部,2024-11-10 17:12:40,active
C000527,创作者00527,成长,2025-07-19 01:44:51,active
C000528,创作者00528,新星,2025-03-28 01:19:20,active
C000529,创作者00529,成长,2026-01-07 23:30:26,active
C000530,创作者00530,成长,2025-12-13 02:35:56,active
C000531,创作者00531,成长,2026-04-17 09:02:33,restricted
C000532,创作者00532,成熟,2026-04-02 13:11:39,active
C000533,创作者00533,新星,2025-01-27 10:45:01,active
C000534,创作者00534,成长,2026-03-15 01:42:43,active
C000535,创作者00535,新星,2025-10-12 12:32:02,active
C000536,创作者00536,成熟,2026-04-05 22:06:17,active
C000537,创作者00537,成长,2025-06-26 02:32:27,active
C000538,创作者00538,新星,2024-12-05 20:14:09,active
C000539,创作者00539,新星,2025-08-07 20:58:01,active
C000540,创作者00540,新星,2026-04-04 06:19:08,inactive
C000541,创作者00541,成长,2024-10-28 16:39:27,active
C000542,创作者00542,成长,2026-08-21 08:49:59,active
C000543,创作者00543,成长,2025-08-21 10:27:14,active
C000544,创作者00544,成长,2025-09-14 16:59:03,active
C000545,创作者00545,成长,2025-05-05 13:48:28,active
C000546,创作者00546,新星,2025-11-29 03:03:30,active
C000547,创作者00547,新星,2025-08-27 01:11:40,inactive
C000548,创作者00548,头部,2025-03-25 18:06:09,active
C000549,创作者00549,新星,2025-08-31 16:38:55,active
C000550,创作者00550,新星,2026-02-07 02:01:20,active
C000551,创作者00551,成长,2026-03-06 03:00:16,active
C000552,创作者00552,成熟,2025-01-07 01:10:01,inactive
C000553,创作者00553,新星,2024-09-01 03:32:55,inactive
C000554,创作者00554,新星,2025-11-13 16:09:47,active
C000555,创作者00555,成长,2025-11-17 07:51:40,active
C000556,创作者00556,新星,2025-09-26 13:30:53,active
C000557,创作者00557,成长,2024-09-04 06:23:00,active
C000558,创作者00558,新星,2024-10-11 01:31:57,active
C000559,创作者00559,成长,2024-12-15 02:35:58,active
C000560,创作者00560,成熟,2025-11-02 01:11:57,active
C000561,创作者00561,新星,2026-02-27 03:53:58,active
C000562,创作者00562,成熟,2025-12-26 23:55:34,active
C000563,创作者00563,新星,2026-05-11 11:51:17,active
C000564,创作者00564,成熟,2026-02-11 02:04:33,active
C000565,创作者00565,新星,2025-12-26 19:09:30,inactive
C000566,创作者00566,新星,2025-08-05 09:14:15,active
C000567,创作者00567,成熟,2025-10-13 09:04:36,active
C000568,创作者00568,新星,2026-05-14 11:17:02,active
C000569,创作者00569,新星,2026-07-24 19:27:10,active
C000570,创作者00570,成长,2025-04-03 14:06:25,active
C000571,创作者00571,新星,2026-02-04 10:08:47,active
C000572,创作者00572,成熟,2025-04-17 20:23:52,active
C000573,创作者00573,成熟,2026-05-19 08:37:01,active
C000574,创作者00574,新星,2025-12-15 03:15:14,active
C000575,创作者00575,成长,2026-02-01 02:58:19,restricted
C000576,创作者00576,新星,2026-03-19 12:36:31,active
C000577,创作者00577,新星,2025-03-13 11:53:18,active
C000578,创作者00578,成长,2025-11-01 14:40:00,active
C000579,创作者00579,新星,2025-08-24 17:31:30,active
C000580,创作者00580,新星,2024-12-08 09:28:32,active
C000581,创作者00581,新星,2025-09-10 07:00:43,active
C000582,创作者00582,成熟,2025-05-23 09:32:19,active
C000583,创作者00583,头部,2025-12-18 10:13:19,active
C000584,创作者00584,成长,2024-12-29 15:08:35,active
C000585,创作者00585,新星,2025-02-20 08:51:43,active
C000586,创作者00586,新星,2025-02-01 21:02:51,active
C000587,创作者00587,成长,2024-10-20 13:24:38,active
C000588,创作者00588,成熟,2025-10-12 02:52:41,active
C000589,创作者00589,头部,2025-11-25 02:45:55,active
C000590,创作者00590,成熟,2026-02-27 05:57:42,active
C000591,创作者00591,新星,2025-12-07 08:50:21,active
C000592,创作者00592,成长,2025-09-22 01:27:46,active
C000593,创作者00593,新星,2025-05-01 02:10:50,active
C000594,创作者00594,成熟,2026-05-18 07:33:47,active
C000595,创作者00595,新星,2025-05-14 08:31:57,active
C000596,创作者00596,成长,2026-07-03 01:22:52,active
C000597,创作者00597,成长,2025-03-07 22:06:05,active
C000598,创作者00598,成熟,2024-11-07 12:04:45,active
C000599,创作者00599,新星,2026-07-15 17:38:08,active
C000600,创作者00600,新星,2024-10-02 23:32:58,active
C000601,创作者00601,成长,2024-12-05 01:32:35,active
C000602,创作者00602,新星,2026-01-07 01:53:33,active
C000603,创作者00603,新星,2025-04-29 00:53:19,active
C000604,创作者00604,新星,2025-11-06 20:16:00,active
C000605,创作者00605,新星,2025-06-27 13:28:33,active
C000606,创作者00606,成长,2026-03-29 21:46:05,active
C000607,创作者00607,新星,2025-01-20 06:22:44,active
C000608,创作者00608,新星,2025-12-06 10:37:23,active
C000609,创作者00609,成熟,2024-11-08 05:30:05,active
C000610,创作者00610,新星,2025-08-24 18:13:25,active
C000611,创作者00611,新星,2026-02-21 00:36:07,active
C000612,创作者00612,成长,2025-10-18 22:38:29,inactive
C000613,创作者00613,成熟,2026-07-12 01:35:01,active
C000614,创作者00614,新星,2025-11-01 13:31:58,active
C000615,创作者00615,成长,2025-01-20 04:11:49,active
C000616,创作者00616,成长,2026-05-20 10:37:40,active
C000617,创作者00617,成长,2025-04-24 03:10:44,active
C000618,创作者00618,新星,2025-06-30 06:16:25,active
C000619,创作者00619,头部,2024-11-01 15:17:02,active
C000620,创作者00620,成长,2024-12-16 10:15:28,active
C000621,创作者00621,头部,2025-11-12 13:22:54,active
C000622,创作者00622,新星,2025-05-14 03:40:39,active
C000623,创作者00623,新星,2025-03-06 13:02:24,active
C000624,创作者00624,新星,2026-06-23 13:16:38,active
C000625,创作者00625,成长,2025-04-02 14:01:42,active
C000626,创作者00626,新星,2026-02-22 20:44:12,active
C000627,创作者00627,成长,2026-04-09 16:37:11,active
C000628,创作者00628,成熟,2024-11-22 00:40:46,active
C000629,创作者00629,成长,2026-02-26 08:52:56,active
C000630,创作者00630,新星,2026-04-15 15:45:28,active
C000631,创作者00631,成熟,2026-01-05 05:17:30,active
C000632,创作者00632,新星,2024-12-09 12:42:03,active
C000633,创作者00633,新星,2026-03-13 09:13:13,active
C000634,创作者00634,新星,2025-06-20 08:37:07,active
C000635,创作者00635,新星,2024-12-01 22:59:29,active
C000636,创作者00636,成长,2025-07-02 18:53:37,active
C000637,创作者00637,新星,2025-04-02 17:05:04,active
C000638,创作者00638,新星,2026-01-23 08:42:03,active
C000639,创作者00639,成长,2025-07-24 01:44:14,active
C000640,创作者00640,成熟,2025-02-08 19:39:06,active
C000641,创作者00641,新星,2025-06-25 01:30:42,active
C000642,创作者00642,新星,2025-06-03 05:39:18,active
C000643,创作者00643,成长,2026-06-29 18:21:31,active
C000644,创作者00644,新星,2024-12-24 04:11:28,active
C000645,创作者00645,新星,2025-11-05 00:19:36,active
C000646,创作者00646,成长,2024-12-28 13:49:19,active
C000647,创作者00647,新星,2025-03-25 07:16:13,active
C000648,创作者00648,成长,2026-04-06 21:26:27,active
C000649,创作者00649,成熟,2024-10-21 04:38:51,active
C000650,创作者00650,成熟,2024-12-16 11:53:37,active
C000651,创作者00651,成熟,2026-07-19 14:01:43,active
C000652,创作者00652,新星,2024-09-28 15:22:48,active
C000653,创作者00653,成熟,2025-01-22 02:10:21,active
C000654,创作者00654,新星,2026-05-27 02:22:27,active
C000655,创作者00655,新星,2024-11-14 15:57:29,active
C000656,创作者00656,新星,2025-01-11 09:26:44,active
C000657,创作者00657,新星,2025-07-05 23:34:00,active
C000658,创作者00658,成长,2026-03-10 03:27:06,active
C000659,创作者00659,成熟,2026-04-23 07:16:56,active
C000660,创作者00660,成熟,2026-02-22 20:50:27,active
C000661,创作者00661,新星,2026-08-09 00:41:54,inactive
C000662,创作者00662,成熟,2025-08-08 14:09:54,active
C000663,创作者00663,成长,2026-07-23 20:06:02,active
C000664,创作者00664,新星,2024-12-14 10:43:05,active
C000665,创作者00665,新星,2026-04-19 13:55:55,active
C000666,创作者00666,成长,2025-07-01 06:58:31,active
C000667,创作者00667,成熟,2025-10-29 03:50:31,active
C000668,创作者00668,成长,2025-09-04 12:28:57,active
C000669,创作者00669,成长,2024-11-20 07:59:45,active
C000670,创作者00670,新星,2025-04-20 18:21:55,active
C000671,创作者00671,成熟,2025-05-01 08:59:17,active
C000672,创作者00672,新星,2025-06-29 02:30:35,inactive
C000673,创作者00673,头部,2025-09-17 12:27:48,active
C000674,创作者00674,成长,2025-09-27 01:13:16,active
C000675,创作者00675,成长,2026-02-11 04:57:46,active
C000676,创作者00676,新星,2026-03-19 00:15:34,active
C000677,创作者00677,新星,2026-08-03 05:53:14,inactive
C000678,创作者00678,新星,2024-10-15 17:09:15,active
C000679,创作者00679,新星,2024-12-26 06:07:03,active
C000680,创作者00680,新星,2025-04-16 23:55:14,active
C000681,创作者00681,新星,2026-08-26 14:50:12,active
C000682,创作者00682,新星,2025-04-04 10:27:43,active
C000683,创作者00683,成熟,2025-05-05 07:01:37,active
C000684,创作者00684,成长,2024-09-29 15:31:02,inactive
C000685,创作者00685,成长,2024-11-09 19:32:42,active
C000686,创作者00686,成长,2025-11-27 08:02:05,active
C000687,创作者00687,成熟,2024-12-10 00:48:46,active
C000688,创作者00688,新星,2025-04-23 20:17:06,active
C000689,创作者00689,成熟,2025-04-27 09:48:03,active
C000690,创作者00690,成长,2026-04-19 03:25:48,active
C000691,创作者00691,新星,2026-04-27 07:23:23,active
C000692,创作者00692,新星,2025-01-29 05:00:35,active
C000693,创作者00693,成长,2025-05-26 02:09:58,active
C000694,创作者00694,头部,2026-04-18 06:41:50,active
C000695,创作者00695,新星,2025-04-16 19:50:47,active
C000696,创作者00696,成长,2026-04-01 00:45:35,active
C000697,创作者00697,成熟,2025-02-20 10:00:28,active
C000698,创作者00698,新星,2026-07-22 05:01:13,active
C000699,创作者00699,新星,2025-04-26 15:33:35,active
C000700,创作者00700,新星,2026-03-30 10:24:08,active
C000701,创作者00701,成长,2025-05-15 16:51:42,active
C000702,创作者00702,成长,2026-06-13 23:21:19,active
C000703,创作者00703,成长,2026-03-28 05:46:36,active
C000704,创作者00704,成长,2026-07-29 21:31:22,active
C000705,创作者00705,成熟,2024-10-04 12:04:09,active
C000706,创作者00706,成熟,2026-04-19 04:38:24,active
C000707,创作者00707,成熟,2025-06-16 10:42:46,active
C000708,创作者00708,成长,2024-12-03 22:37:12,active
C000709,创作者00709,成长,2025-05-10 08:19:02,active
C000710,创作者00710,成长,2025-07-13 06:07:12,restricted
C000711,创作者00711,成长,2026-08-18 00:16:34,active
C000712,创作者00712,新星,2024-09-27 21:31:21,inactive
C000713,创作者00713,成长,2026-06-04 23:05:56,active
C000714,创作者00714,成长,2026-03-27 12:42:35,active
C000715,创作者00715,新星,2025-11-08 01:59:00,inactive
C000716,创作者00716,新星,2026-07-06 13:16:23,active
C000717,创作者00717,新星,2025-03-30 05:29:02,active
C000718,创作者00718,新星,2025-09-10 08:07:32,active
C000719,创作者00719,成长,2025-02-06 07:43:40,active
C000720,创作者00720,头部,2025-12-09 13:33:07,inactive
C000721,创作者00721,成熟,2026-03-25 19:57:21,active
C000722,创作者00722,成熟,2026-08-27 14:48:54,active
C000723,创作者00723,成长,2025-03-06 21:28:45,active
C000724,创作者00724,成长,2026-06-01 21:09:02,active
C000725,创作者00725,新星,2025-02-27 01:58:57,active
C000726,创作者00726,成长,2025-04-17 09:35:32,active
C000727,创作者00727,成熟,2026-06-27 04:49:00,active
C000728,创作者00728,成长,2025-06-29 13:38:11,inactive
C000729,创作者00729,成熟,2025-06-22 16:27:07,active
C000730,创作者00730,新星,2026-06-25 05:19:47,active
C000731,创作者00731,头部,2024-09-10 19:13:20,active
C000732,创作者00732,新星,2024-10-16 01:29:15,active
C000733,创作者00733,新星,2026-03-19 10:04:50,inactive
C000734,创作者00734,成长,2026-03-06 11:45:31,active
C000735,创作者00735,新星,2026-05-16 03:46:09,active
C000736,创作者00736,新星,2024-09-05 06:12:03,active
C000737,创作者00737,成长,2026-02-28 22:09:18,active
C000738,创作者00738,成长,2025-09-01 00:15:41,restricted
C000739,创作者00739,成熟,2025-09-27 09:52:10,active
C000740,创作者00740,成长,2025-03-28 09:27:56,active
C000741,创作者00741,成长,2024-11-01 07:01:59,active
C000742,创作者00742,新星,2024-11-01 02:24:40,active
C000743,创作者00743,新星,2024-09-03 02:56:12,active
C000744,创作者00744,新星,2026-05-16 00:59:52,active
C000745,创作者00745,成熟,2025-08-26 05:39:52,active
C000746,创作者00746,新星,2025-01-06 09:07:34,active
C000747,创作者00747,新星,2025-08-31 06:29:31,active
C000748,创作者00748,成熟,2025-07-19 15:29:41,active
C000749,创作者00749,成长,2026-03-21 22:16:35,active
C000750,创作者00750,新星,2026-03-20 01:38:36,active
C000751,创作者00751,新星,2026-06-09 23:27:27,active
C000752,创作者00752,成长,2026-02-12 16:18:14,active
C000753,创作者00753,成熟,2026-02-23 22:54:12,active
C000754,创作者00754,成长,2025-01-29 18:46:41,inactive
C000755,创作者00755,新星,2025-04-07 08:56:50,active
C000756,创作者00756,新星,2025-09-11 10:53:47,active
C000757,创作者00757,成长,2025-06-11 13:52:26,active
C000758,创作者00758,新星,2025-05-05 10:19:00,active
C000759,创作者00759,新星,2024-12-09 06:59:01,active
C000760,创作者00760,成长,2024-08-27 07:26:08,active
C000761,创作者00761,成长,2025-03-03 05:08:51,active
C000762,创作者00762,新星,2025-10-28 21:15:11,active
C000763,创作者00763,新星,2024-10-30 19:10:37,active
C000764,创作者00764,新星,2025-09-19 10:20:24,active
C000765,创作者00765,新星,2025-07-25 20:52:53,active
C000766,创作者00766,新星,2024-09-17 05:04:31,active
C000767,创作者00767,成长,2026-02-03 20:09:05,active
C000768,创作者00768,成长,2025-12-11 01:58:39,active
C000769,创作者00769,成长,2026-05-30 09:00:14,active
C000770,创作者00770,成长,2026-06-21 03:03:44,active
C000771,创作者00771,新星,2026-05-20 10:29:05,active
C000772,创作者00772,成长,2025-03-26 00:23:22,active
C000773,创作者00773,新星,2026-03-10 19:56:21,inactive
C000774,创作者00774,新星,2024-08-21 16:48:35,active
C000775,创作者00775,成长,2025-05-19 18:47:59,active
C000776,创作者00776,成熟,2026-06-24 10:51:58,active
C000777,创作者00777,新星,2025-01-24 23:52:20,active
C000778,创作者00778,成长,2025-02-09 18:18:42,active
C000779,创作者00779,新星,2026-05-25 08:53:38,active
C000780,创作者00780,新星,2025-06-15 01:09:40,active
C000781,创作者00781,新星,2025-09-07 11:18:03,active
C000782,创作者00782,新星,2026-08-20 12:02:13,active
C000783,创作者00783,成长,2026-08-04 04:45:22,active
C000784,创作者00784,成熟,2025-06-25 22:35:18,active
C000785,创作者00785,成长,2025-06-24 03:24:48,active
C000786,创作者00786,成长,2026-06-27 06:49:36,inactive
C000787,创作者00787,成长,2024-10-02 13:24:29,inactive
C000788,创作者00788,成长,2025-04-11 05:21:39,active
C000789,创作者00789,成熟,2025-06-12 19:12:02,active
C000790,创作者00790,成熟,2026-07-12 07:59:47,inactive
C000791,创作者00791,新星,2025-01-26 23:40:09,active
C000792,创作者00792,新星,2025-12-15 22:26:18,active
C000793,创作者00793,头部,2025-08-03 01:55:24,active
C000794,创作者00794,成熟,2024-09-08 03:07:17,active
C000795,创作者00795,成熟,2025-06-27 19:28:51,active
C000796,创作者00796,成熟,2024-09-27 11:54:58,active
C000797,创作者00797,成长,2026-03-03 16:53:13,inactive
C000798,创作者00798,新星,2026-07-13 13:37:17,active
C000799,创作者00799,新星,2025-07-02 05:22:40,active
C000800,创作者00800,头部,2024-10-31 23:23:06,active
C000801,创作者00801,新星,2024-09-11 04:46:23,active
C000802,创作者00802,新星,2026-04-18 22:35:57,inactive
C000803,创作者00803,成熟,2025-02-07 04:03:45,active
C000804,创作者00804,成长,2026-08-09 19:38:30,active
C000805,创作者00805,新星,2025-12-12 17:24:40,active
C000806,创作者00806,成长,2025-08-18 14:20:53,active
C000807,创作者00807,新星,2025-10-15 19:32:53,inactive
C000808,创作者00808,成长,2024-10-31 03:43:45,active
C000809,创作者00809,新星,2026-05-24 11:35:34,active
C000810,创作者00810,头部,2025-07-22 18:16:50,inactive
C000811,创作者00811,新星,2025-09-29 05:30:28,active
C000812,创作者00812,成长,2026-05-07 19:30:26,active
C000813,创作者00813,成长,2025-05-18 03:57:10,active
C000814,创作者00814,新星,2025-04-04 21:20:51,active
C000815,创作者00815,新星,2024-12-19 03:46:34,active
C000816,创作者00816,成长,2026-06-10 08:44:46,active
C000817,创作者00817,新星,2024-10-31 22:54:12,active
C000818,创作者00818,成长,2024-09-19 11:03:44,active
C000819,创作者00819,成长,2025-11-29 20:59:55,active
C000820,创作者00820,成长,2026-08-01 05:48:53,restricted
C000821,创作者00821,新星,2024-12-28 05:41:23,inactive
C000822,创作者00822,新星,2026-08-28 19:03:43,active
C000823,创作者00823,新星,2026-06-22 08:13:43,active
C000824,创作者00824,新星,2025-05-21 18:45:44,active
C000825,创作者00825,成长,2025-12-18 20:08:50,active
C000826,创作者00826,成长,2025-07-02 01:57:39,active
C000827,创作者00827,新星,2025-09-17 20:27:04,inactive
C000828,创作者00828,新星,2025-03-28 09:14:06,active
C000829,创作者00829,新星,2026-03-24 00:29:25,inactive
C000830,创作者00830,新星,2026-06-10 03:17:24,active
C000831,创作者00831,头部,2026-07-18 06:19:22,active
C000832,创作者00832,成长,2026-02-18 07:23:50,active
C000833,创作者00833,成长,2026-08-08 20:41:09,active
C000834,创作者00834,新星,2025-12-23 08:33:41,active
C000835,创作者00835,新星,2026-06-20 15:52:53,active
C000836,创作者00836,成长,2025-12-22 11:21:11,active
C000837,创作者00837,头部,2025-05-05 01:41:14,active
C000838,创作者00838,新星,2024-11-29 13:41:04,active
C000839,创作者00839,成长,2025-12-01 00:41:47,active
C000840,创作者00840,新星,2024-09-08 05:28:14,active
C000841,创作者00841,成长,2025-04-04 07:20:27,active
C000842,创作者00842,成长,2026-04-10 23:23:54,active
C000843,创作者00843,成长,2026-06-11 02:25:44,active
C000844,创作者00844,成长,2025-07-21 15:31:24,active
C000845,创作者00845,成熟,2025-04-07 05:32:52,active
C000846,创作者00846,成长,2025-04-04 19:09:15,active
C000847,创作者00847,新星,2025-04-27 05:21:06,active
C000848,创作者00848,新星,2024-10-09 15:42:39,active
C000849,创作者00849,新星,2026-05-21 02:29:50,active
C000850,创作者00850,成长,2025-11-03 04:07:24,active
C000851,创作者00851,新星,2025-02-28 14:05:37,active
C000852,创作者00852,新星,2025-04-05 13:08:53,active
C000853,创作者00853,成长,2026-07-18 18:56:13,active
C000854,创作者00854,成熟,2025-03-04 18:38:05,active
C000855,创作者00855,新星,2026-08-04 07:57:23,active
C000856,创作者00856,成熟,2024-12-24 23:11:24,active
C000857,创作者00857,成熟,2025-09-10 11:04:23,active
C000858,创作者00858,成熟,2025-09-24 06:14:35,active
C000859,创作者00859,成长,2025-11-27 19:19:18,active
C000860,创作者00860,成熟,2025-03-14 20:40:38,restricted
C000861,创作者00861,成长,2026-06-03 06:27:22,active
C000862,创作者00862,成熟,2026-04-29 01:56:13,active
C000863,创作者00863,新星,2026-04-13 20:16:18,active
C000864,创作者00864,成长,2026-04-04 15:18:35,active
C000865,创作者00865,新星,2025-08-14 17:05:54,active
C000866,创作者00866,头部,2024-12-07 05:58:07,active
C000867,创作者00867,成长,2025-12-30 13:09:39,active
C000868,创作者00868,新星,2026-01-23 20:21:01,active
C000869,创作者00869,成长,2026-05-04 05:36:12,active
C000870,创作者00870,成长,2025-04-06 17:11:08,active
C000871,创作者00871,新星,2026-05-02 23:50:22,active
C000872,创作者00872,成长,2025-12-04 07:40:22,active
C000873,创作者00873,新星,2025-01-10 10:35:18,active
C000874,创作者00874,新星,2025-09-10 13:53:40,active
C000875,创作者00875,新星,2026-05-22 01:58:30,active
C000876,创作者00876,头部,2026-06-09 10:39:17,inactive
C000877,创作者00877,新星,2026-05-01 06:24:39,inactive
C000878,创作者00878,成长,2026-08-26 08:05:35,active
C000879,创作者00879,新星,2025-05-23 12:04:13,active
C000880,创作者00880,成长,2026-05-30 06:25:29,active
C000881,创作者00881,新星,2025-12-25 17:55:57,inactive
C000882,创作者00882,新星,2025-01-12 20:40:42,active
C000883,创作者00883,新星,2026-05-02 07:42:15,active
C000884,创作者00884,成长,2025-07-08 03:11:15,active
C000885,创作者00885,成长,2026-04-05 18:12:58,active
C000886,创作者00886,新星,2025-02-21 01:15:38,active
C000887,创作者00887,成长,2025-10-21 01:18:45,active
C000888,创作者00888,成长,2026-02-15 13:29:59,inactive
C000889,创作者00889,成长,2026-08-14 17:11:03,active
C000890,创作者00890,成长,2026-01-28 09:02:28,active
C000891,创作者00891,成长,2025-08-30 15:02:20,active
C000892,创作者00892,成长,2026-05-27 08:50:20,active
C000893,创作者00893,成长,2024-12-28 09:45:37,active
C000894,创作者00894,新星,2025-09-04 13:00:47,active
C000895,创作者00895,新星,2025-10-21 18:08:40,active
C000896,创作者00896,成长,2025-04-15 00:19:46,active
C000897,创作者00897,成长,2026-01-01 22:02:08,restricted
C000898,创作者00898,成长,2026-03-25 05:15:59,active
C000899,创作者00899,新星,2026-04-30 16:18:18,active
C000900,创作者00900,成长,2026-05-05 04:28:02,active
C000901,创作者00901,成熟,2025-09-05 00:56:32,active
C000902,创作者00902,成熟,2026-05-24 22:13:46,active
C000903,创作者00903,成长,2025-10-18 15:28:16,active
C000904,创作者00904,成长,2025-11-25 14:49:45,inactive
C000905,创作者00905,成长,2025-08-05 04:32:02,active
C000906,创作者00906,头部,2026-03-26 16:33:58,active
C000907,创作者00907,新星,2026-01-30 10:27:42,active
C000908,创作者00908,头部,2025-11-29 18:59:32,active
C000909,创作者00909,成熟,2025-12-25 08:16:23,active
C000910,创作者00910,成长,2025-12-01 09:12:04,active
C000911,创作者00911,新星,2026-05-08 17:16:57,active
C000912,创作者00912,成熟,2025-07-12 05:59:56,active
C000913,创作者00913,新星,2024-12-16 02:54:31,active
C000914,创作者00914,成熟,2026-01-15 14:05:47,active
C000915,创作者00915,新星,2024-12-11 23:19:10,active
C000916,创作者00916,成熟,2025-04-09 20:22:07,active
C000917,创作者00917,成长,2024-09-26 23:13:12,active
C000918,创作者00918,头部,2026-04-03 03:10:46,active
C000919,创作者00919,成熟,2024-10-23 19:43:44,inactive
C000920,创作者00920,新星,2025-01-29 19:19:46,active
C000921,创作者00921,新星,2025-11-01 06:49:18,active
C000922,创作者00922,新星,2025-03-12 06:56:20,active
C000923,创作者00923,新星,2025-08-08 02:40:47,active
C000924,创作者00924,成长,2026-07-16 16:06:37,active
C000925,创作者00925,成熟,2026-03-12 05:14:17,active
C000926,创作者00926,新星,2026-02-08 12:56:51,active
C000927,创作者00927,成长,2025-09-06 06:27:42,active
C000928,创作者00928,成熟,2026-04-28 13:45:35,active
C000929,创作者00929,成熟,2024-10-05 21:41:30,active
C000930,创作者00930,成长,2026-07-09 08:48:34,active
C000931,创作者00931,新星,2025-02-02 21:45:04,active
C000932,创作者00932,成熟,2024-11-13 14:42:57,active
C000933,创作者00933,成长,2024-11-30 00:38:22,active
C000934,创作者00934,成长,2025-11-12 05:44:07,active
C000935,创作者00935,成熟,2024-12-12 19:49:16,active
C000936,创作者00936,成熟,2026-05-15 07:09:24,inactive
C000937,创作者00937,成长,2025-02-06 04:33:07,active
C000938,创作者00938,新星,2026-08-21 06:07:46,active
C000939,创作者00939,新星,2025-02-25 04:01:30,active
C000940,创作者00940,新星,2026-07-24 10:15:39,active
C000941,创作者00941,新星,2025-08-25 21:27:18,inactive
C000942,创作者00942,头部,2024-09-15 07:51:58,active
C000943,创作者00943,新星,2026-06-04 10:49:39,active
C000944,创作者00944,头部,2025-12-26 18:11:50,active
C000945,创作者00945,新星,2025-10-29 15:00:12,active
C000946,创作者00946,新星,2025-04-20 16:46:53,active
C000947,创作者00947,成熟,2025-07-11 05:43:50,inactive
C000948,创作者00948,成熟,2025-02-03 03:28:22,active
C000949,创作者00949,新星,2026-02-01 22:54:21,active
C000950,创作者00950,新星,2026-03-22 14:06:17,active
C000951,创作者00951,成长,2026-03-28 14:58:05,active
C000952,创作者00952,新星,2025-11-05 03:59:54,active
C000953,创作者00953,成长,2024-10-14 05:32:25,active
C000954,创作者00954,新星,2025-01-15 19:05:16,active
C000955,创作者00955,成熟,2026-02-16 13:25:31,active
C000956,创作者00956,新星,2025-02-13 22:41:14,active
C000957,创作者00957,成熟,2025-08-18 11:04:04,inactive
C000958,创作者00958,成熟,2025-11-18 13:20:02,active
C000959,创作者00959,新星,2026-01-30 10:22:17,active
C000960,创作者00960,成长,2024-11-09 18:21:11,active
C000961,创作者00961,头部,2025-08-06 15:06:44,active
C000962,创作者00962,新星,2026-08-11 14:24:11,active
C000963,创作者00963,新星,2025-12-14 22:12:19,active
C000964,创作者00964,成长,2024-08-31 20:03:45,active
C000965,创作者00965,新星,2025-10-02 05:08:42,active
C000966,创作者00966,成长,2025-03-05 04:41:51,active
C000967,创作者00967,新星,2026-06-03 07:48:14,active
C000968,创作者00968,新星,2025-01-17 06:33:21,active
C000969,创作者00969,成长,2025-08-07 00:09:03,active
C000970,创作者00970,新星,2026-08-05 02:52:22,active
C000971,创作者00971,新星,2025-12-11 19:05:15,active
C000972,创作者00972,新星,2026-03-30 13:19:42,active
C000973,创作者00973,成长,2024-09-20 11:27:55,active
C000974,创作者00974,成熟,2024-09-12 03:29:48,active
C000975,创作者00975,成熟,2025-04-25 23:36:57,active
C000976,创作者00976,成熟,2026-05-08 17:31:47,active
C000977,创作者00977,成熟,2026-02-02 22:42:40,active
C000978,创作者00978,新星,2025-03-12 10:36:07,active
C000979,创作者00979,成长,2025-08-23 12:20:38,active
C000980,创作者00980,新星,2024-10-30 03:47:21,active
C000981,创作者00981,新星,2026-06-23 17:14:39,inactive
C000982,创作者00982,头部,2024-10-13 20:59:48,active
C000983,创作者00983,成长,2025-01-30 21:28:57,active
C000984,创作者00984,成长,2025-04-09 17:52:27,active
C000985,创作者00985,成长,2025-09-13 10:58:54,active
C000986,创作者00986,新星,2026-07-08 06:37:31,inactive
C000987,创作者00987,成长,2025-12-27 03:17:03,active
C000988,创作者00988,头部,2026-01-12 22:43:09,active
C000989,创作者00989,成长,2024-10-08 12:21:34,active
C000990,创作者00990,成长,2026-04-02 18:29:53,active
C000991,创作者00991,新星,2025-09-13 21:14:51,active
C000992,创作者00992,成长,2024-10-21 01:11:25,active
C000993,创作者00993,成熟,2025-10-14 09:06:51,active
C000994,创作者00994,新星,2026-03-03 06:49:25,active
C000995,创作者00995,新星,2025-11-24 15:30:08,active
C000996,创作者00996,成长,2026-03-21 13:11:57,active
C000997,创作者00997,成熟,2025-09-07 08:44:00,active
C000998,创作者00998,新星,2024-12-21 00:15:31,active
C000999,创作者00999,成熟,2025-12-02 20:38:50,active
C001000,创作者01000,新星,2025-09-24 12:01:18,active
C001001,创作者01001,成长,2026-08-15 21:23:06,restricted
C001002,创作者01002,成长,2025-03-03 04:05:08,active
C001003,创作者01003,新星,2025-02-02 09:55:26,restricted
C001004,创作者01004,成长,2026-07-02 08:05:19,active
C001005,创作者01005,新星,2025-02-04 06:31:52,active
C001006,创作者01006,新星,2025-07-23 13:22:57,active
C001007,创作者01007,成熟,2026-02-23 15:09:36,active
C001008,创作者01008,成长,2025-02-14 14:52:05,active
C001009,创作者01009,新星,2025-04-26 06:04:31,active
C001010,创作者01010,成熟,2025-09-09 02:33:47,active
C001011,创作者01011,成长,2026-03-06 21:31:59,active
C001012,创作者01012,新星,2026-06-01 14:07:47,active
C001013,创作者01013,成长,2026-06-07 08:57:44,active
C001014,创作者01014,成熟,2024-10-30 05:13:51,active
C001015,创作者01015,头部,2026-06-16 05:23:19,active
C001016,创作者01016,新星,2026-07-04 03:40:15,active
C001017,创作者01017,成熟,2025-05-24 06:20:26,active
C001018,创作者01018,成长,2025-01-24 17:11:17,restricted
C001019,创作者01019,成熟,2025-09-07 02:01:49,active
C001020,创作者01020,成长,2026-06-14 03:31:52,active
C001021,创作者01021,新星,2025-04-28 14:26:34,active
C001022,创作者01022,成长,2025-07-05 16:42:30,active
C001023,创作者01023,头部,2025-03-31 18:21:57,active
C001024,创作者01024,成长,2025-04-24 06:51:30,active
C001025,创作者01025,成熟,2026-08-13 11:40:56,active
C001026,创作者01026,成长,2025-01-20 10:48:30,active
C001027,创作者01027,成长,2024-08-31 02:48:06,active
C001028,创作者01028,成熟,2026-01-19 11:49:25,active
C001029,创作者01029,新星,2026-06-09 14:35:09,active
C001030,创作者01030,新星,2025-11-08 17:22:08,active
C001031,创作者01031,新星,2025-11-26 07:48:05,active
C001032,创作者01032,头部,2024-11-08 09:39:43,active
C001033,创作者01033,新星,2025-01-17 11:24:14,active
C001034,创作者01034,新星,2024-12-31 05:52:34,active
C001035,创作者01035,成长,2024-12-21 08:09:39,active
C001036,创作者01036,新星,2024-12-10 14:01:52,active
C001037,创作者01037,新星,2025-08-31 09:31:47,active
C001038,创作者01038,成熟,2025-08-04 20:15:44,active
C001039,创作者01039,新星,2026-07-16 20:26:40,active
C001040,创作者01040,成长,2025-04-24 17:46:23,active
C001041,创作者01041,成长,2025-04-12 18:57:59,active
C001042,创作者01042,新星,2025-06-16 04:26:13,active
C001043,创作者01043,成长,2025-12-17 08:20:47,active
C001044,创作者01044,新星,2025-12-25 09:25:46,active
C001045,创作者01045,新星,2026-03-30 22:13:09,inactive
C001046,创作者01046,成长,2026-02-19 08:03:50,active
C001047,创作者01047,成熟,2026-07-13 01:55:44,active
C001048,创作者01048,成长,2025-06-30 06:50:44,active
C001049,创作者01049,新星,2025-07-10 18:47:04,active
C001050,创作者01050,成熟,2024-10-19 05:56:28,restricted
C001051,创作者01051,新星,2024-10-02 00:01:44,active
C001052,创作者01052,头部,2025-10-14 09:33:33,inactive
C001053,创作者01053,新星,2025-10-15 23:57:34,active
C001054,创作者01054,新星,2026-03-28 09:56:04,active
C001055,创作者01055,新星,2026-07-24 23:37:40,active
C001056,创作者01056,成熟,2025-06-09 10:09:08,active
C001057,创作者01057,成熟,2026-02-19 03:37:27,active
C001058,创作者01058,新星,2025-06-07 13:56:14,active
C001059,创作者01059,成长,2025-06-05 17:23:29,active
C001060,创作者01060,新星,2025-09-04 03:38:58,active
C001061,创作者01061,新星,2024-09-09 17:11:43,active
C001062,创作者01062,成长,2025-03-12 04:09:04,active
C001063,创作者01063,新星,2025-11-15 05:53:05,active
C001064,创作者01064,成熟,2025-07-08 14:43:06,active
C001065,创作者01065,成长,2026-07-19 16:30:33,active
C001066,创作者01066,新星,2024-12-31 23:28:42,active
C001067,创作者01067,新星,2025-06-22 15:55:40,active
C001068,创作者01068,成长,2025-02-11 17:32:22,active
C001069,创作者01069,新星,2024-12-13 12:21:29,active
C001070,创作者01070,新星,2026-08-23 03:32:23,active
C001071,创作者01071,新星,2025-01-10 16:59:28,active
C001072,创作者01072,成熟,2026-05-21 03:10:36,restricted
C001073,创作者01073,成熟,2025-10-18 13:04:31,active
C001074,创作者01074,新星,2026-07-29 21:16:11,active
C001075,创作者01075,成长,2024-09-17 09:15:03,active
C001076,创作者01076,新星,2025-07-08 02:13:42,active
C001077,创作者01077,新星,2025-03-14 10:14:06,active
C001078,创作者01078,新星,2026-03-11 22:53:15,active
C001079,创作者01079,成熟,2026-01-09 06:17:31,active
C001080,创作者01080,成熟,2025-11-22 00:08:25,active
C001081,创作者01081,新星,2025-11-05 20:00:06,active
C001082,创作者01082,新星,2026-01-19 03:18:51,active
C001083,创作者01083,新星,2026-01-30 04:30:37,active
C001084,创作者01084,新星,2024-12-29 21:18:41,active
C001085,创作者01085,新星,2026-07-02 14:04:26,active
C001086,创作者01086,新星,2025-05-24 17:16:22,active
C001087,创作者01087,新星,2024-12-18 17:13:07,active
C001088,创作者01088,成长,2025-09-10 23:37:27,inactive
C001089,创作者01089,新星,2025-06-25 20:16:03,active
C001090,创作者01090,成熟,2025-07-26 09:27:12,active
C001091,创作者01091,成熟,2025-05-10 21:41:50,active
C001092,创作者01092,成长,2025-02-06 04:36:04,active
C001093,创作者01093,新星,2024-12-12 09:27:01,active
C001094,创作者01094,成长,2024-10-28 02:59:30,active
C001095,创作者01095,新星,2024-09-28 19:45:00,active
C001096,创作者01096,成长,2025-05-04 09:05:34,active
C001097,创作者01097,成长,2026-06-21 21:56:40,active
C001098,创作者01098,新星,2026-06-27 16:42:09,active
C001099,创作者01099,新星,2024-12-28 15:56:37,active
C001100,创作者01100,成熟,2025-12-05 19:34:05,active
C001101,创作者01101,新星,2025-07-02 16:49:18,active
C001102,创作者01102,新星,2025-02-08 02:22:09,active
C001103,创作者01103,新星,2025-08-11 18:02:58,active
C001104,创作者01104,成熟,2025-01-17 12:35:08,active
C001105,创作者01105,成长,2026-06-29 10:27:40,active
C001106,创作者01106,成长,2025-03-07 17:13:12,active
C001107,创作者01107,成长,2025-10-22 07:02:27,active
C001108,创作者01108,成长,2026-02-28 00:46:43,active
C001109,创作者01109,新星,2026-01-29 08:55:21,active
C001110,创作者01110,新星,2026-05-01 17:30:49,active
C001111,创作者01111,新星,2024-11-15 23:01:40,active
C001112,创作者01112,成长,2026-06-26 07:36:53,active
C001113,创作者01113,成长,2026-06-15 20:29:29,active
C001114,创作者01114,新星,2025-08-28 18:25:10,active
C001115,创作者01115,新星,2026-04-29 11:01:35,active
C001116,创作者01116,新星,2025-11-23 09:21:56,active
C001117,创作者01117,新星,2025-12-18 18:29:08,active
C001118,创作者01118,成长,2025-05-05 14:08:04,active
C001119,创作者01119,新星,2025-08-26 19:25:58,active
C001120,创作者01120,成长,2026-05-14 00:43:11,active
C001121,创作者01121,新星,2026-04-09 22:40:17,active
C001122,创作者01122,新星,2024-11-14 10:34:01,inactive
C001123,创作者01123,新星,2025-02-18 17:19:01,active
C001124,创作者01124,成熟,2025-10-16 07:21:37,active
C001125,创作者01125,成长,2025-12-31 08:37:28,inactive
C001126,创作者01126,成熟,2024-10-24 06:25:12,active
C001127,创作者01127,新星,2025-03-23 03:02:33,active
C001128,创作者01128,成长,2025-11-05 21:57:34,active
C001129,创作者01129,新星,2026-05-15 03:33:05,active
C001130,创作者01130,成长,2026-08-15 18:45:40,inactive
C001131,创作者01131,成熟,2025-11-04 14:20:09,active
C001132,创作者01132,成熟,2026-05-02 04:43:15,active
C001133,创作者01133,新星,2024-12-25 06:56:52,active
C001134,创作者01134,成熟,2024-11-13 20:02:07,active
C001135,创作者01135,新星,2026-02-27 11:44:43,active
C001136,创作者01136,成长,2025-07-02 08:12:08,active
C001137,创作者01137,成长,2025-01-22 11:57:35,active
C001138,创作者01138,成长,2024-10-30 06:21:25,active
C001139,创作者01139,成长,2024-11-08 00:28:39,active
C001140,创作者01140,新星,2026-06-20 08:43:25,active
C001141,创作者01141,成熟,2025-08-07 04:02:21,active
C001142,创作者01142,新星,2025-08-06 12:05:56,active
C001143,创作者01143,新星,2025-09-13 15:20:44,active
C001144,创作者01144,新星,2024-12-17 23:05:10,active
C001145,创作者01145,头部,2025-11-29 17:56:14,active
C001146,创作者01146,成长,2026-03-09 01:49:14,active
C001147,创作者01147,新星,2026-08-12 15:38:25,active
C001148,创作者01148,成熟,2025-06-13 13:08:07,active
C001149,创作者01149,新星,2025-03-20 15:59:11,inactive
C001150,创作者01150,新星,2025-07-07 22:41:33,active
C001151,创作者01151,成熟,2024-09-19 11:45:56,active
C001152,创作者01152,成熟,2025-04-23 21:00:03,active
C001153,创作者01153,成熟,2026-07-02 22:35:33,active
C001154,创作者01154,成长,2025-03-26 21:55:40,active
C001155,创作者01155,成熟,2025-01-11 18:37:20,inactive
C001156,创作者01156,新星,2026-08-17 00:48:58,inactive
C001157,创作者01157,新星,2026-08-03 05:59:54,active
C001158,创作者01158,新星,2024-10-05 21:28:12,active
C001159,创作者01159,新星,2025-01-10 05:30:24,active
C001160,创作者01160,成长,2024-11-14 08:06:05,active
C001161,创作者01161,成长,2024-12-27 15:37:11,active
C001162,创作者01162,成长,2025-08-24 09:30:34,active
C001163,创作者01163,成长,2025-04-15 03:06:21,active
C001164,创作者01164,成长,2025-12-07 06:15:22,active
C001165,创作者01165,新星,2025-05-21 04:54:32,active
C001166,创作者01166,成长,2024-10-06 17:48:39,active
C001167,创作者01167,新星,2025-09-22 12:41:53,active
C001168,创作者01168,新星,2024-11-08 17:30:11,active
C001169,创作者01169,新星,2026-07-08 07:36:59,active
C001170,创作者01170,新星,2025-12-18 06:35:42,active
C001171,创作者01171,成长,2025-10-14 02:10:15,active
C001172,创作者01172,成熟,2025-08-26 02:05:40,active
C001173,创作者01173,新星,2024-10-17 14:31:09,active
C001174,创作者01174,新星,2026-08-19 17:37:58,active
C001175,创作者01175,新星,2026-06-26 12:14:35,active
C001176,创作者01176,新星,2025-11-16 02:26:17,active
C001177,创作者01177,新星,2025-04-04 12:52:18,active
C001178,创作者01178,新星,2025-04-12 18:07:22,active
C001179,创作者01179,新星,2024-10-03 23:34:09,active
C001180,创作者01180,成熟,2025-06-21 10:22:02,active
C001181,创作者01181,头部,2026-02-09 01:38:45,active
C001182,创作者01182,成熟,2024-10-22 13:55:36,active
C001183,创作者01183,新星,2026-04-14 05:15:03,active
C001184,创作者01184,新星,2025-01-14 08:16:02,active
C001185,创作者01185,成长,2025-07-04 08:05:05,active
C001186,创作者01186,新星,2026-03-21 02:23:25,active
C001187,创作者01187,成长,2026-02-02 05:51:48,active
C001188,创作者01188,新星,2024-12-21 23:37:22,active
C001189,创作者01189,成长,2025-11-22 14:37:17,active
C001190,创作者01190,头部,2026-06-09 05:12:00,active
C001191,创作者01191,成熟,2025-01-29 11:18:37,active
C001192,创作者01192,成长,2026-01-23 00:17:29,active
C001193,创作者01193,成熟,2025-04-16 00:02:59,active
C001194,创作者01194,成熟,2025-01-27 14:43:56,active
C001195,创作者01195,新星,2026-05-03 12:18:28,active
C001196,创作者01196,成长,2025-02-24 03:24:43,active
C001197,创作者01197,新星,2025-09-04 21:46:14,active
C001198,创作者01198,新星,2025-10-23 03:38:40,active
C001199,创作者01199,新星,2026-07-21 18:20:34,active
C001200,创作者01200,成长,2024-08-19 22:29:05,active
C001201,创作者01201,成长,2025-11-09 01:24:26,active
C001202,创作者01202,成熟,2024-12-27 10:55:57,active
C001203,创作者01203,成长,2024-11-11 00:18:50,active
C001204,创作者01204,新星,2026-03-11 12:40:15,active
C001205,创作者01205,新星,2025-10-14 20:37:57,active
C001206,创作者01206,成长,2024-12-10 19:01:35,active
C001207,创作者01207,成长,2025-01-24 04:36:55,active
C001208,创作者01208,新星,2025-06-02 09:31:00,active
C001209,创作者01209,新星,2025-05-20 17:13:57,active
C001210,创作者01210,新星,2025-11-13 04:24:24,active
C001211,创作者01211,成长,2025-03-24 17:01:21,inactive
C001212,创作者01212,新星,2026-01-02 04:37:46,active
C001213,创作者01213,新星,2024-08-22 10:26:10,active
C001214,创作者01214,新星,2026-04-10 17:54:59,active
C001215,创作者01215,成长,2026-05-12 10:14:45,active
C001216,创作者01216,成熟,2026-02-22 14:11:10,active
C001217,创作者01217,新星,2026-04-14 02:00:42,active
C001218,创作者01218,成熟,2025-03-31 19:17:42,active
C001219,创作者01219,新星,2025-10-21 12:35:07,restricted
C001220,创作者01220,成熟,2026-04-30 10:46:17,active
C001221,创作者01221,新星,2025-10-05 01:20:26,active
C001222,创作者01222,成长,2024-10-03 00:44:07,active
C001223,创作者01223,新星,2026-04-14 22:59:08,active
C001224,创作者01224,成长,2026-03-27 08:05:02,active
C001225,创作者01225,新星,2025-01-31 10:38:39,active
C001226,创作者01226,成长,2025-01-11 23:03:14,active
C001227,创作者01227,成长,2026-04-23 18:12:14,active
C001228,创作者01228,头部,2026-08-05 18:48:55,active
C001229,创作者01229,成长,2025-07-28 02:24:58,active
C001230,创作者01230,成熟,2025-07-04 03:01:58,active
C001231,创作者01231,新星,2025-09-26 22:19:18,active
C001232,创作者01232,新星,2026-08-20 17:07:20,active
C001233,创作者01233,成长,2026-02-01 14:50:20,active
C001234,创作者01234,新星,2024-09-29 13:08:07,active
C001235,创作者01235,新星,2025-03-06 14:11:26,active
C001236,创作者01236,成熟,2025-02-11 17:40:53,active
C001237,创作者01237,成长,2026-06-15 20:58:29,active
C001238,创作者01238,新星,2024-10-30 00:46:51,active
C001239,创作者01239,成长,2025-11-14 01:46:44,active
C001240,创作者01240,头部,2025-10-11 11:12:57,active
C001241,创作者01241,新星,2025-10-18 23:47:34,active
C001242,创作者01242,成长,2025-04-30 08:54:59,inactive
C001243,创作者01243,成长,2024-10-13 15:13:58,active
C001244,创作者01244,新星,2025-02-28 11:40:49,active
C001245,创作者01245,新星,2026-07-14 09:12:48,active
C001246,创作者01246,新星,2025-02-15 16:13:43,active
C001247,创作者01247,成长,2025-06-13 07:11:06,active
C001248,创作者01248,成熟,2025-08-25 16:42:28,active
C001249,创作者01249,成长,2025-04-21 18:15:28,active
C001250,创作者01250,新星,2025-06-12 06:00:07,active
C001251,创作者01251,新星,2025-06-03 21:55:48,active
C001252,创作者01252,新星,2024-11-11 06:20:49,active
C001253,创作者01253,新星,2025-03-21 23:18:09,inactive
C001254,创作者01254,成熟,2024-09-08 03:24:41,active
C001255,创作者01255,成长,2025-01-30 09:41:41,active
C001256,创作者01256,新星,2025-11-25 10:41:10,active
C001257,创作者01257,新星,2026-07-04 01:01:35,active
C001258,创作者01258,头部,2025-12-28 19:15:34,active
C001259,创作者01259,成长,2026-02-05 05:21:19,active
C001260,创作者01260,新星,2026-05-25 03:13:43,active
C001261,创作者01261,成熟,2025-11-13 11:48:13,active
C001262,创作者01262,成长,2026-01-13 00:40:22,active
C001263,创作者01263,新星,2026-06-09 10:47:34,active
C001264,创作者01264,成长,2025-06-23 17:57:45,active
C001265,创作者01265,成长,2026-04-19 04:59:50,active
C001266,创作者01266,新星,2025-05-03 08:32:03,active
C001267,创作者01267,新星,2025-04-19 03:18:12,active
C001268,创作者01268,成熟,2025-06-30 00:05:19,active
C001269,创作者01269,成长,2025-07-01 18:40:04,active
C001270,创作者01270,成长,2026-01-31 12:33:19,active
C001271,创作者01271,成熟,2024-08-21 17:51:43,active
C001272,创作者01272,成长,2025-07-13 12:10:12,active
C001273,创作者01273,头部,2025-09-28 19:24:42,active
C001274,创作者01274,成长,2025-11-16 18:02:46,active
C001275,创作者01275,新星,2025-07-28 21:28:24,active
C001276,创作者01276,新星,2026-07-29 20:31:17,active
C001277,创作者01277,成熟,2025-02-26 09:19:37,active
C001278,创作者01278,成长,2025-06-13 04:11:40,active
C001279,创作者01279,成长,2025-10-23 04:55:40,active
C001280,创作者01280,新星,2025-12-03 21:20:29,active
C001281,创作者01281,成长,2025-05-17 15:42:13,inactive
C001282,创作者01282,新星,2025-10-28 22:16:21,active
C001283,创作者01283,新星,2024-12-25 19:20:25,active
C001284,创作者01284,成长,2025-11-26 21:16:40,active
C001285,创作者01285,新星,2026-06-18 21:31:15,active
C001286,创作者01286,成熟,2025-03-06 03:17:18,active
C001287,创作者01287,成熟,2025-02-01 11:11:21,active
C001288,创作者01288,成长,2025-11-04 10:22:26,active
C001289,创作者01289,新星,2024-11-10 10:20:25,active
C001290,创作者01290,成长,2026-04-13 09:39:01,active
C001291,创作者01291,新星,2025-09-20 09:55:28,active
C001292,创作者01292,头部,2024-12-07 00:53:00,active
C001293,创作者01293,成长,2025-11-04 21:38:54,active
C001294,创作者01294,新星,2026-06-28 21:31:33,active
C001295,创作者01295,成熟,2025-01-29 15:17:47,active
C001296,创作者01296,成熟,2025-04-15 21:20:34,active
C001297,创作者01297,成长,2026-02-24 01:26:53,active
C001298,创作者01298,成熟,2024-12-16 22:36:14,active
C001299,创作者01299,新星,2026-07-31 19:05:37,active
C001300,创作者01300,成长,2024-12-25 13:18:32,active
C001301,创作者01301,成熟,2024-10-16 17:51:09,active
C001302,创作者01302,新星,2026-02-23 04:19:45,active
C001303,创作者01303,成长,2025-10-20 09:45:55,active
C001304,创作者01304,新星,2026-08-26 03:35:38,active
C001305,创作者01305,成长,2025-11-03 19:28:19,active
C001306,创作者01306,成长,2025-08-06 15:56:20,active
C001307,创作者01307,成长,2025-06-17 18:45:32,active
C001308,创作者01308,新星,2024-12-01 03:56:54,active
C001309,创作者01309,成长,2024-09-23 18:29:58,active
C001310,创作者01310,成长,2025-02-22 06:05:46,active
C001311,创作者01311,成长,2026-04-04 06:07:29,active
C001312,创作者01312,成长,2026-01-17 04:48:48,active
C001313,创作者01313,新星,2026-02-08 12:38:30,active
C001314,创作者01314,新星,2026-07-13 20:40:33,active
C001315,创作者01315,成长,2024-12-18 08:03:05,active
C001316,创作者01316,成熟,2026-06-02 05:28:17,active
C001317,创作者01317,成长,2025-12-01 03:18:31,active
C001318,创作者01318,新星,2024-10-12 05:33:30,active
C001319,创作者01319,新星,2026-02-16 12:11:48,restricted
C001320,创作者01320,成熟,2024-11-12 04:14:56,active
C001321,创作者01321,成长,2024-09-10 12:55:38,active
C001322,创作者01322,成长,2025-07-20 08:40:58,active
C001323,创作者01323,新星,2026-06-10 20:42:52,active
C001324,创作者01324,新星,2025-11-05 09:54:19,active
C001325,创作者01325,成熟,2025-03-22 09:38:16,inactive
C001326,创作者01326,成长,2024-09-22 16:00:37,active
C001327,创作者01327,新星,2026-06-23 10:50:00,active
C001328,创作者01328,成长,2026-06-20 06:46:26,active
C001329,创作者01329,成长,2025-03-30 17:27:05,active
C001330,创作者01330,成长,2024-09-24 23:07:42,active
C001331,创作者01331,新星,2025-05-09 08:43:53,active
C001332,创作者01332,新星,2025-09-04 19:10:26,active
C001333,创作者01333,新星,2025-07-06 21:35:51,active
C001334,创作者01334,成长,2026-01-16 03:28:34,active
C001335,创作者01335,新星,2025-07-04 15:54:45,active
C001336,创作者01336,成长,2025-09-09 03:36:30,active
C001337,创作者01337,成长,2026-02-16 21:42:47,active
C001338,创作者01338,成长,2024-10-04 09:26:26,active
C001339,创作者01339,新星,2026-04-12 14:57:47,active
C001340,创作者01340,成长,2024-10-18 20:04:27,inactive
C001341,创作者01341,新星,2026-08-28 18:32:34,active
C001342,创作者01342,新星,2026-08-11 17:49:55,active
C001343,创作者01343,新星,2026-05-03 06:12:04,active
C001344,创作者01344,新星,2026-03-07 01:22:31,active
C001345,创作者01345,头部,2025-04-23 20:00:14,inactive
C001346,创作者01346,新星,2025-09-10 11:14:39,active
C001347,创作者01347,新星,2026-03-25 22:41:38,active
C001348,创作者01348,成长,2025-08-03 19:57:46,active
C001349,创作者01349,新星,2026-01-17 12:20:07,active
C001350,创作者01350,新星,2024-11-02 14:58:48,active
C001351,创作者01351,新星,2026-05-12 09:49:27,active
C001352,创作者01352,新星,2024-09-22 14:00:02,active
C001353,创作者01353,新星,2026-01-27 01:01:01,active
C001354,创作者01354,新星,2026-01-24 03:23:40,active
C001355,创作者01355,头部,2025-08-14 13:17:58,active
C001356,创作者01356,新星,2024-10-10 13:11:32,active
C001357,创作者01357,新星,2024-08-21 04:20:57,active
C001358,创作者01358,新星,2024-09-09 00:03:32,active
C001359,创作者01359,头部,2024-11-19 16:10:13,active
C001360,创作者01360,新星,2025-11-22 17:46:51,active
C001361,创作者01361,成长,2025-03-23 06:26:18,active
C001362,创作者01362,成长,2025-02-27 08:55:32,active
C001363,创作者01363,新星,2025-09-08 00:48:06,active
C001364,创作者01364,成长,2025-02-07 04:07:30,active
C001365,创作者01365,成熟,2024-10-29 22:42:19,active
C001366,创作者01366,成熟,2024-12-11 01:11:00,active
C001367,创作者01367,新星,2026-05-13 23:40:30,active
C001368,创作者01368,新星,2025-09-25 14:29:06,active
C001369,创作者01369,新星,2024-10-13 08:18:25,active
C001370,创作者01370,成熟,2026-07-15 09:22:32,active
C001371,创作者01371,头部,2025-06-02 07:07:08,active
C001372,创作者01372,成熟,2025-11-16 01:05:06,active
C001373,创作者01373,成长,2025-09-25 00:36:14,active
C001374,创作者01374,成长,2025-11-16 11:27:43,active
C001375,创作者01375,新星,2026-03-09 19:17:25,active
C001376,创作者01376,成熟,2026-02-25 19:18:27,active
C001377,创作者01377,头部,2026-07-15 05:09:09,active
C001378,创作者01378,头部,2025-10-21 13:37:33,active
C001379,创作者01379,新星,2025-04-09 10:49:21,restricted
C001380,创作者01380,成熟,2025-04-02 10:51:42,active
C001381,创作者01381,新星,2026-02-08 06:57:13,active
C001382,创作者01382,成长,2026-02-03 02:48:42,inactive
C001383,创作者01383,新星,2026-01-25 17:33:19,active
C001384,创作者01384,成熟,2026-08-09 04:51:52,active
C001385,创作者01385,成长,2026-07-23 04:42:32,active
C001386,创作者01386,新星,2026-08-10 19:48:41,active
C001387,创作者01387,成熟,2025-05-30 21:52:41,active
C001388,创作者01388,新星,2025-11-29 06:17:38,inactive
C001389,创作者01389,新星,2024-09-10 12:55:46,active
C001390,创作者01390,新星,2025-03-06 10:16:21,active
C001391,创作者01391,成熟,2025-02-05 01:43:32,active
C001392,创作者01392,新星,2026-07-09 14:33:03,active
C001393,创作者01393,头部,2026-05-29 15:40:14,restricted
C001394,创作者01394,新星,2024-12-01 19:59:10,active
C001395,创作者01395,新星,2025-10-14 01:45:22,inactive
C001396,创作者01396,新星,2025-10-22 12:49:00,active
C001397,创作者01397,成长,2025-08-29 16:07:00,restricted
C001398,创作者01398,成长,2024-10-12 04:57:51,active
C001399,创作者01399,成长,2026-05-29 11:49:33,active
C001400,创作者01400,成长,2025-10-12 04:19:17,inactive
C001401,创作者01401,成长,2025-06-01 10:19:37,active
C001402,创作者01402,新星,2025-10-13 17:34:47,active
C001403,创作者01403,头部,2025-03-16 21:50:11,active
C001404,创作者01404,新星,2026-01-16 10:02:08,active
C001405,创作者01405,成长,2026-01-16 08:07:29,active
C001406,创作者01406,成熟,2025-01-01 03:01:53,active
C001407,创作者01407,新星,2025-05-30 02:11:46,active
C001408,创作者01408,新星,2025-03-14 07:46:10,active
C001409,创作者01409,新星,2025-10-17 08:31:53,active
C001410,创作者01410,新星,2025-07-19 04:59:48,active
C001411,创作者01411,新星,2026-05-20 22:13:03,active
C001412,创作者01412,新星,2025-08-16 18:45:54,active
C001413,创作者01413,成长,2025-01-18 02:04:49,active
C001414,创作者01414,成熟,2026-05-27 16:58:52,active
C001415,创作者01415,成长,2024-11-07 21:15:52,active
C001416,创作者01416,新星,2024-12-17 00:03:51,active
C001417,创作者01417,成熟,2025-05-01 07:04:50,inactive
C001418,创作者01418,成熟,2026-03-22 17:17:27,active
C001419,创作者01419,成熟,2024-11-17 04:43:10,active
C001420,创作者01420,头部,2025-09-19 17:09:52,active
C001421,创作者01421,新星,2024-11-14 01:25:08,active
C001422,创作者01422,头部,2025-10-25 12:26:42,active
C001423,创作者01423,成长,2024-12-20 23:04:33,active
C001424,创作者01424,新星,2025-12-23 20:49:51,active
C001425,创作者01425,头部,2025-05-30 21:34:50,active
C001426,创作者01426,成长,2026-03-02 22:07:04,active
C001427,创作者01427,成长,2026-05-14 15:50:31,active
C001428,创作者01428,成长,2025-07-30 01:20:11,active
C001429,创作者01429,新星,2025-01-16 05:26:16,active
C001430,创作者01430,成长,2024-10-18 22:58:28,active
C001431,创作者01431,新星,2026-07-01 01:14:53,active
C001432,创作者01432,成长,2026-01-17 05:07:43,active
C001433,创作者01433,新星,2025-12-05 23:00:58,active
C001434,创作者01434,成熟,2024-11-28 16:50:55,active
C001435,创作者01435,头部,2026-05-05 20:34:54,active
C001436,创作者01436,成熟,2026-02-13 22:25:55,active
C001437,创作者01437,成熟,2025-11-10 20:27:55,active
C001438,创作者01438,新星,2026-08-27 02:57:31,active
C001439,创作者01439,成长,2025-05-07 21:29:32,active
C001440,创作者01440,成长,2026-08-19 18:19:24,active
C001441,创作者01441,成熟,2025-06-26 01:29:19,active
C001442,创作者01442,成长,2026-05-02 17:10:03,active
C001443,创作者01443,新星,2025-04-10 18:04:34,active
C001444,创作者01444,新星,2025-07-01 22:14:27,active
C001445,创作者01445,成长,2024-11-07 23:14:55,active
C001446,创作者01446,新星,2024-11-22 10:09:44,active
C001447,创作者01447,成长,2024-12-08 06:25:06,active
C001448,创作者01448,新星,2026-07-05 11:53:55,active
C001449,创作者01449,成长,2024-09-02 15:31:58,active
C001450,创作者01450,成长,2025-02-01 18:30:30,restricted
C001451,创作者01451,新星,2024-11-08 08:05:09,inactive
C001452,创作者01452,成长,2025-10-20 00:41:22,active
C001453,创作者01453,新星,2025-01-21 20:24:55,active
C001454,创作者01454,新星,2026-07-29 11:09:03,active
C001455,创作者01455,成熟,2025-04-20 18:18:18,active
C001456,创作者01456,新星,2025-10-27 05:56:05,active
C001457,创作者01457,成长,2026-08-08 05:56:10,active
C001458,创作者01458,成长,2025-11-09 02:01:28,active
C001459,创作者01459,头部,2025-12-14 21:29:58,active
C001460,创作者01460,头部,2026-07-26 10:42:00,active
C001461,创作者01461,新星,2024-09-12 12:02:57,active
C001462,创作者01462,新星,2025-03-29 01:06:29,active
C001463,创作者01463,成长,2026-03-06 14:06:17,active
C001464,创作者01464,成熟,2025-05-09 22:25:07,active
C001465,创作者01465,头部,2025-02-18 07:13:56,active
C001466,创作者01466,新星,2025-06-22 01:08:12,active
C001467,创作者01467,新星,2026-04-24 16:22:25,active
C001468,创作者01468,新星,2025-09-08 23:12:35,active
C001469,创作者01469,成熟,2026-08-23 23:44:18,active
C001470,创作者01470,新星,2026-01-04 04:38:06,active
C001471,创作者01471,头部,2026-06-20 01:30:59,active
C001472,创作者01472,成长,2026-03-06 06:07:44,active
C001473,创作者01473,成长,2025-06-13 16:28:41,active
C001474,创作者01474,新星,2026-07-29 22:09:16,inactive
C001475,创作者01475,头部,2025-10-08 20:31:49,active
C001476,创作者01476,成长,2026-06-03 12:52:40,active
C001477,创作者01477,新星,2024-12-01 19:51:01,active
C001478,创作者01478,新星,2024-09-26 12:10:06,active
C001479,创作者01479,成长,2026-05-26 04:31:17,active
C001480,创作者01480,成长,2025-11-19 10:03:32,active
C001481,创作者01481,新星,2024-11-15 17:46:46,active
C001482,创作者01482,头部,2024-12-11 20:23:23,active
C001483,创作者01483,新星,2025-04-04 03:13:54,active
C001484,创作者01484,成长,2025-04-05 18:41:26,active
C001485,创作者01485,新星,2026-07-15 15:59:08,active
C001486,创作者01486,成熟,2025-10-10 06:54:31,active
C001487,创作者01487,成熟,2026-06-12 17:10:53,active
C001488,创作者01488,新星,2024-11-09 00:12:45,active
C001489,创作者01489,新星,2025-04-08 22:14:07,active
C001490,创作者01490,成长,2025-03-31 16:27:47,active
C001491,创作者01491,成长,2026-05-21 01:28:14,active
C001492,创作者01492,成长,2025-03-23 03:37:07,inactive
C001493,创作者01493,成熟,2026-05-28 19:28:26,active
C001494,创作者01494,新星,2025-02-08 15:28:57,active
C001495,创作者01495,头部,2024-10-14 06:46:47,active
C001496,创作者01496,新星,2025-08-29 21:26:42,active
C001497,创作者01497,成长,2025-09-26 19:12:05,inactive
C001498,创作者01498,成熟,2026-01-29 14:29:20,active
C001499,创作者01499,成熟,2025-08-31 13:01:33,inactive
C001500,创作者01500,新星,2026-08-12 14:22:08,inactive
C001501,创作者01501,新星,2024-08-30 00:17:29,active
C001502,创作者01502,成熟,2025-01-27 06:18:26,active
C001503,创作者01503,新星,2025-07-13 19:15:33,inactive
C001504,创作者01504,新星,2025-12-12 12:01:44,active
C001505,创作者01505,成熟,2025-09-30 14:04:56,active
C001506,创作者01506,新星,2025-10-04 21:12:07,active
C001507,创作者01507,新星,2024-12-23 02:54:38,active
C001508,创作者01508,成长,2025-07-17 04:46:32,active
C001509,创作者01509,新星,2024-12-24 22:20:50,active
C001510,创作者01510,新星,2025-03-03 10:46:11,restricted
C001511,创作者01511,成长,2025-05-04 03:34:10,active
C001512,创作者01512,新星,2025-02-17 15:30:35,active
C001513,创作者01513,头部,2025-07-31 08:22:26,active
C001514,创作者01514,成长,2025-09-22 18:47:37,active
C001515,创作者01515,成长,2024-09-10 10:23:35,active
C001516,创作者01516,新星,2026-08-18 09:13:30,active
C001517,创作者01517,成长,2025-05-31 02:19:31,active
C001518,创作者01518,新星,2026-06-05 11:14:40,active
C001519,创作者01519,新星,2025-02-11 14:05:59,active
C001520,创作者01520,新星,2025-06-27 19:52:49,active
C001521,创作者01521,新星,2025-11-23 17:11:44,active
C001522,创作者01522,成熟,2025-03-05 19:55:00,active
C001523,创作者01523,成熟,2026-05-25 11:40:31,active
C001524,创作者01524,成长,2026-02-10 16:02:57,active
C001525,创作者01525,新星,2024-09-09 04:10:35,active
C001526,创作者01526,新星,2025-04-27 12:31:50,active
C001527,创作者01527,新星,2025-11-16 01:41:19,active
C001528,创作者01528,新星,2025-02-02 02:38:18,active
C001529,创作者01529,新星,2025-04-07 15:14:25,active
C001530,创作者01530,成长,2025-05-16 03:56:05,active
C001531,创作者01531,成熟,2025-08-30 09:54:01,active
C001532,创作者01532,成长,2026-08-08 05:16:47,active
C001533,创作者01533,成长,2026-06-15 21:00:30,active
C001534,创作者01534,成长,2024-11-26 01:59:17,active
C001535,创作者01535,成熟,2026-02-08 20:59:18,active
C001536,创作者01536,新星,2025-11-13 04:51:34,active
C001537,创作者01537,成熟,2024-10-31 17:07:57,active
C001538,创作者01538,新星,2026-02-18 23:37:43,active
C001539,创作者01539,新星,2024-10-06 17:14:13,active
C001540,创作者01540,新星,2026-03-25 17:43:46,active
C001541,创作者01541,新星,2026-05-22 14:32:05,active
C001542,创作者01542,新星,2025-05-01 12:43:40,active
C001543,创作者01543,新星,2025-03-26 03:36:58,active
C001544,创作者01544,成熟,2024-12-28 19:50:33,inactive
C001545,创作者01545,成长,2025-07-20 21:56:09,active
C001546,创作者01546,新星,2024-10-30 00:39:55,active
C001547,创作者01547,新星,2026-01-18 09:59:32,active
C001548,创作者01548,成熟,2025-01-29 22:57:52,active
C001549,创作者01549,成长,2026-02-25 22:45:33,inactive
C001550,创作者01550,新星,2025-03-30 00:47:25,active
C001551,创作者01551,新星,2025-08-18 20:41:26,active
C001552,创作者01552,成熟,2025-05-20 19:50:06,active
C001553,创作者01553,成长,2024-12-26 11:16:44,active
C001554,创作者01554,头部,2025-11-04 16:55:34,active
C001555,创作者01555,成长,2025-02-26 01:15:42,active
C001556,创作者01556,新星,2024-12-10 08:43:32,active
C001557,创作者01557,新星,2026-07-02 09:27:25,inactive
C001558,创作者01558,成长,2026-01-27 04:20:40,active
C001559,创作者01559,成长,2025-12-23 22:55:00,active
C001560,创作者01560,成熟,2024-12-06 14:39:23,active
C001561,创作者01561,成熟,2026-05-23 00:54:37,active
C001562,创作者01562,成熟,2026-03-21 00:25:22,active
C001563,创作者01563,新星,2026-01-12 06:22:41,inactive
C001564,创作者01564,新星,2024-09-03 09:10:35,active
C001565,创作者01565,成熟,2024-10-23 01:09:06,active
C001566,创作者01566,成长,2026-06-10 10:15:21,active
C001567,创作者01567,成长,2025-12-07 16:35:29,active
C001568,创作者01568,新星,2025-02-09 17:25:39,active
C001569,创作者01569,新星,2025-07-17 10:39:24,active
C001570,创作者01570,成长,2024-09-03 08:21:13,active
C001571,创作者01571,新星,2024-12-31 06:20:31,inactive
C001572,创作者01572,成熟,2025-09-10 18:49:20,active
C001573,创作者01573,新星,2026-08-04 16:48:52,active
C001574,创作者01574,成长,2026-01-06 09:46:12,active
C001575,创作者01575,成长,2024-10-31 15:44:40,active
C001576,创作者01576,新星,2024-11-03 10:31:49,active
C001577,创作者01577,成长,2025-12-28 13:25:31,active
C001578,创作者01578,成长,2026-02-03 12:21:56,inactive
C001579,创作者01579,成长,2024-09-05 08:16:07,active
C001580,创作者01580,新星,2025-05-12 10:25:43,active
C001581,创作者01581,新星,2025-10-23 16:53:18,active
C001582,创作者01582,新星,2026-05-24 05:53:08,active
C001583,创作者01583,成长,2025-06-25 23:08:44,restricted
C001584,创作者01584,新星,2025-02-13 23:36:29,active
C001585,创作者01585,新星,2026-03-29 23:12:59,active
C001586,创作者01586,成长,2025-06-23 22:55:19,active
C001587,创作者01587,成熟,2026-03-16 15:53:56,active
C001588,创作者01588,成长,2025-10-13 05:55:24,active
C001589,创作者01589,成长,2026-06-20 07:27:19,active
C001590,创作者01590,新星,2026-06-08 17:20:08,active
C001591,创作者01591,成长,2024-08-21 11:54:52,active
C001592,创作者01592,成长,2025-12-14 22:01:52,active
C001593,创作者01593,新星,2025-10-03 18:47:38,active
C001594,创作者01594,新星,2026-05-16 04:42:43,active
C001595,创作者01595,成长,2026-05-01 03:56:37,active
C001596,创作者01596,成长,2024-09-04 08:39:10,active
C001597,创作者01597,成长,2026-05-05 21:12:59,active
C001598,创作者01598,头部,2026-04-09 19:39:35,active
C001599,创作者01599,新星,2024-11-17 02:46:18,active
C001600,创作者01600,成熟,2025-06-28 09:54:21,active
C001601,创作者01601,成熟,2026-07-01 05:39:51,inactive
C001602,创作者01602,成长,2025-05-05 02:52:22,active
C001603,创作者01603,新星,2024-08-20 11:15:13,active
C001604,创作者01604,成熟,2026-06-30 04:15:08,active
C001605,创作者01605,成长,2025-12-09 07:46:58,inactive
C001606,创作者01606,新星,2024-08-28 07:06:55,active
C001607,创作者01607,成长,2026-08-17 03:43:18,active
C001608,创作者01608,成长,2026-02-25 18:59:45,inactive
C001609,创作者01609,成长,2026-04-06 14:54:46,active
C001610,创作者01610,成长,2025-10-06 03:54:04,inactive
C001611,创作者01611,成熟,2025-02-28 03:33:29,active
C001612,创作者01612,新星,2026-04-22 11:13:35,active
C001613,创作者01613,头部,2026-07-27 09:33:23,active
C001614,创作者01614,成长,2025-01-25 05:19:31,active
C001615,创作者01615,新星,2025-09-29 14:19:55,active
C001616,创作者01616,成熟,2026-05-19 17:32:25,active
C001617,创作者01617,新星,2026-04-22 11:31:19,active
C001618,创作者01618,新星,2025-02-28 11:47:30,active
C001619,创作者01619,新星,2026-07-24 00:21:38,active
C001620,创作者01620,成熟,2026-01-25 00:52:47,active
C001621,创作者01621,成熟,2025-07-13 02:37:21,active
C001622,创作者01622,成长,2025-04-21 10:50:50,inactive
C001623,创作者01623,成熟,2025-01-05 23:02:54,active
C001624,创作者01624,成长,2025-05-24 19:20:44,active
C001625,创作者01625,新星,2025-11-21 14:45:19,active
C001626,创作者01626,成长,2026-04-28 09:50:09,active
C001627,创作者01627,成熟,2025-08-23 11:07:51,active
C001628,创作者01628,新星,2025-12-19 17:24:14,active
C001629,创作者01629,新星,2026-01-08 10:09:19,active
C001630,创作者01630,成长,2026-04-12 20:23:59,active
C001631,创作者01631,新星,2025-11-22 05:29:05,active
C001632,创作者01632,成长,2025-10-22 11:00:05,active
C001633,创作者01633,新星,2025-02-09 20:22:31,active
C001634,创作者01634,成熟,2025-07-29 00:02:27,active
C001635,创作者01635,新星,2025-03-04 12:27:17,active
C001636,创作者01636,新星,2026-08-28 03:58:21,active
C001637,创作者01637,成熟,2026-07-11 08:48:19,active
C001638,创作者01638,成长,2026-07-21 23:29:25,active
C001639,创作者01639,头部,2024-10-25 02:24:18,inactive
C001640,创作者01640,成长,2024-11-27 19:52:30,active
C001641,创作者01641,成长,2024-11-16 00:29:54,active
C001642,创作者01642,成熟,2025-01-01 17:10:59,active
C001643,创作者01643,成长,2026-01-21 10:24:16,active
C001644,创作者01644,新星,2025-05-20 13:27:18,active
C001645,创作者01645,新星,2025-11-17 07:24:06,active
C001646,创作者01646,新星,2025-03-26 14:10:28,active
C001647,创作者01647,成熟,2025-02-20 22:49:18,active
C001648,创作者01648,成熟,2025-07-15 19:01:03,active
C001649,创作者01649,新星,2025-03-22 15:17:44,active
C001650,创作者01650,成长,2025-01-17 22:10:57,active
C001651,创作者01651,新星,2026-02-09 23:36:46,active
C001652,创作者01652,成长,2026-05-03 15:16:25,active
C001653,创作者01653,成长,2026-02-23 15:41:45,active
C001654,创作者01654,新星,2025-06-11 11:41:59,active
C001655,创作者01655,成长,2025-06-08 16:27:03,active
C001656,创作者01656,新星,2026-05-27 23:35:32,active
C001657,创作者01657,成长,2025-09-15 13:59:20,active
C001658,创作者01658,新星,2026-05-27 07:53:25,active
C001659,创作者01659,成长,2025-05-18 17:28:55,active
C001660,创作者01660,新星,2026-04-19 13:08:45,active
C001661,创作者01661,新星,2025-06-21 00:01:26,active
C001662,创作者01662,新星,2025-10-18 09:50:01,active
C001663,创作者01663,新星,2026-08-19 16:44:41,active
C001664,创作者01664,头部,2026-02-10 22:00:07,active
C001665,创作者01665,新星,2025-10-07 17:58:18,active
C001666,创作者01666,新星,2026-04-10 13:39:20,active
C001667,创作者01667,成熟,2026-06-05 16:13:41,active
C001668,创作者01668,成熟,2024-12-14 02:56:39,active
C001669,创作者01669,成熟,2026-08-15 00:48:51,active
C001670,创作者01670,成长,2025-02-20 06:02:29,active
C001671,创作者01671,新星,2025-12-14 13:35:31,active
C001672,创作者01672,头部,2025-10-03 14:02:43,inactive
C001673,创作者01673,成熟,2024-12-30 07:33:58,active
C001674,创作者01674,成长,2026-06-26 21:03:34,active
C001675,创作者01675,成熟,2026-08-12 22:25:30,active
C001676,创作者01676,新星,2025-03-22 23:35:45,active
C001677,创作者01677,新星,2024-10-30 05:02:45,active
C001678,创作者01678,成熟,2025-12-25 11:14:15,active
C001679,创作者01679,成长,2025-04-17 10:58:06,restricted
C001680,创作者01680,成长,2024-11-26 23:23:30,active
C001681,创作者01681,新星,2025-05-14 22:17:00,active
C001682,创作者01682,成长,2025-09-19 13:34:49,active
C001683,创作者01683,成长,2024-10-24 17:43:40,active
C001684,创作者01684,成长,2025-11-06 13:48:21,active
C001685,创作者01685,新星,2025-05-27 06:35:01,active
C001686,创作者01686,成熟,2024-09-30 06:26:57,active
C001687,创作者01687,头部,2025-12-04 06:37:50,active
C001688,创作者01688,新星,2026-08-01 02:41:44,active
C001689,创作者01689,成长,2025-11-12 04:45:39,active
C001690,创作者01690,新星,2026-04-12 07:56:35,active
C001691,创作者01691,新星,2024-09-10 06:51:17,active
C001692,创作者01692,成长,2024-10-15 01:56:23,active
C001693,创作者01693,头部,2026-07-05 11:24:51,active
C001694,创作者01694,新星,2024-09-27 06:30:36,active
C001695,创作者01695,成长,2024-11-11 04:40:49,active
C001696,创作者01696,新星,2025-10-07 03:55:03,active
C001697,创作者01697,新星,2025-12-27 06:14:01,active
C001698,创作者01698,新星,2025-09-27 22:28:02,active
C001699,创作者01699,成长,2025-08-05 09:06:35,active
C001700,创作者01700,新星,2025-02-12 15:24:12,active
C001701,创作者01701,新星,2024-09-08 17:53:38,active
C001702,创作者01702,成长,2024-09-04 22:23:25,active
C001703,创作者01703,成熟,2025-10-06 22:34:22,active
C001704,创作者01704,新星,2025-05-06 04:56:42,active
C001705,创作者01705,新星,2026-05-08 16:32:54,active
C001706,创作者01706,成长,2025-10-02 16:19:20,active
C001707,创作者01707,新星,2026-04-04 03:00:04,active
C001708,创作者01708,成长,2024-12-01 14:40:08,active
C001709,创作者01709,新星,2024-08-24 05:43:31,active
C001710,创作者01710,成长,2026-01-11 00:24:00,active
C001711,创作者01711,成熟,2026-06-25 03:57:21,active
C001712,创作者01712,成熟,2025-05-02 04:25:17,active
C001713,创作者01713,成熟,2025-05-09 22:15:41,active
C001714,创作者01714,新星,2026-08-10 14:25:49,active
C001715,创作者01715,成长,2026-06-30 05:59:22,active
C001716,创作者01716,新星,2026-04-13 09:32:58,active
C001717,创作者01717,新星,2026-03-03 23:39:00,active
C001718,创作者01718,新星,2025-03-01 00:27:02,active
C001719,创作者01719,新星,2026-07-21 16:07:13,active
C001720,创作者01720,新星,2025-08-10 22:36:35,active
C001721,创作者01721,成长,2025-03-17 00:13:13,active
C001722,创作者01722,新星,2024-10-31 18:45:28,active
C001723,创作者01723,成长,2025-07-22 11:06:58,active
C001724,创作者01724,新星,2026-04-24 06:10:43,active
C001725,创作者01725,成熟,2026-04-01 21:20:36,active
C001726,创作者01726,成长,2025-09-05 10:33:48,active
C001727,创作者01727,新星,2026-07-04 12:46:53,active
C001728,创作者01728,成长,2025-05-01 03:53:44,active
C001729,创作者01729,新星,2024-10-01 01:09:35,active
C001730,创作者01730,成熟,2024-10-30 09:47:20,active
C001731,创作者01731,成长,2024-09-10 19:41:28,active
C001732,创作者01732,新星,2025-07-11 21:36:04,active
C001733,创作者01733,新星,2025-10-07 23:35:52,active
C001734,创作者01734,新星,2025-09-09 17:23:02,active
C001735,创作者01735,新星,2025-03-04 17:21:46,inactive
C001736,创作者01736,新星,2026-06-06 22:11:23,active
C001737,创作者01737,成长,2025-12-07 05:47:00,active
C001738,创作者01738,新星,2025-11-21 00:10:46,active
C001739,创作者01739,头部,2026-06-17 10:32:39,active
C001740,创作者01740,成熟,2026-07-27 00:35:22,active
C001741,创作者01741,成长,2024-09-07 04:58:40,active
C001742,创作者01742,新星,2024-10-26 21:24:29,active
C001743,创作者01743,成长,2025-12-13 14:44:12,inactive
C001744,创作者01744,成长,2025-09-07 03:58:34,active
C001745,创作者01745,新星,2025-09-17 20:28:12,active
C001746,创作者01746,成长,2025-09-05 14:31:49,active
C001747,创作者01747,头部,2025-12-27 15:32:05,inactive
C001748,创作者01748,成长,2024-12-06 19:34:36,inactive
C001749,创作者01749,成长,2024-12-17 22:19:08,inactive
C001750,创作者01750,头部,2025-02-22 18:14:36,active
C001751,创作者01751,新星,2026-06-08 13:59:14,active
C001752,创作者01752,新星,2025-04-29 07:33:06,active
C001753,创作者01753,新星,2025-01-06 20:50:56,active
C001754,创作者01754,成熟,2025-05-21 01:46:25,active
C001755,创作者01755,成长,2025-06-18 06:06:11,active
C001756,创作者01756,成长,2026-06-14 05:48:57,active
C001757,创作者01757,新星,2025-10-13 11:48:36,active
C001758,创作者01758,新星,2025-01-26 03:50:52,active
C001759,创作者01759,成熟,2026-05-15 10:24:23,active
C001760,创作者01760,成熟,2026-08-26 01:41:52,active
C001761,创作者01761,新星,2024-12-21 20:06:24,active
C001762,创作者01762,成长,2025-03-08 08:03:55,active
C001763,创作者01763,成长,2025-10-27 18:56:09,active
C001764,创作者01764,成熟,2026-07-18 08:26:32,active
C001765,创作者01765,成长,2026-01-23 19:49:59,active
C001766,创作者01766,新星,2024-08-27 10:34:45,active
C001767,创作者01767,成熟,2026-08-07 23:00:48,active
C001768,创作者01768,成长,2025-08-16 15:00:50,active
C001769,创作者01769,新星,2025-07-10 08:07:09,active
C001770,创作者01770,新星,2025-05-28 03:28:06,active
C001771,创作者01771,新星,2024-09-19 11:23:50,active
C001772,创作者01772,成熟,2024-12-11 12:28:23,active
C001773,创作者01773,成长,2025-04-11 03:15:16,active
C001774,创作者01774,新星,2024-12-31 11:07:49,active
C001775,创作者01775,成长,2025-04-28 08:01:44,active
C001776,创作者01776,新星,2025-04-02 23:27:26,active
C001777,创作者01777,新星,2025-03-23 10:43:14,active
C001778,创作者01778,新星,2026-08-05 23:30:41,active
C001779,创作者01779,新星,2026-05-23 22:45:38,active
C001780,创作者01780,新星,2025-02-11 10:45:36,active
C001781,创作者01781,成熟,2026-05-27 23:42:52,active
C001782,创作者01782,成熟,2026-05-11 15:21:42,inactive
C001783,创作者01783,新星,2024-09-08 19:47:07,active
C001784,创作者01784,新星,2024-10-30 11:29:35,active
C001785,创作者01785,头部,2024-11-20 03:03:17,active
C001786,创作者01786,新星,2025-04-09 10:05:21,active
C001787,创作者01787,成长,2024-09-15 07:50:18,active
C001788,创作者01788,新星,2024-09-06 09:56:09,inactive
C001789,创作者01789,成长,2025-10-08 00:43:16,active
C001790,创作者01790,新星,2025-06-30 12:43:12,active
C001791,创作者01791,成熟,2025-07-13 04:45:21,active
C001792,创作者01792,头部,2025-06-24 13:39:07,active
C001793,创作者01793,成长,2025-08-22 13:22:21,active
C001794,创作者01794,新星,2025-04-18 11:39:52,active
C001795,创作者01795,新星,2025-02-13 08:27:49,active
C001796,创作者01796,新星,2024-12-23 11:50:39,active
C001797,创作者01797,成熟,2026-05-11 21:47:44,active
C001798,创作者01798,成长,2025-08-14 16:09:18,active
C001799,创作者01799,成熟,2025-01-24 08:34:05,active
C001800,创作者01800,新星,2025-08-01 22:38:37,active
