metric_id,metric_date,channel_id,new_users,activated_users,day1_retained_users,day7_retained_users,daily_active_users
GM00000001,2026-01-01,CH01,15,13,6,6,0
GM00000002,2026-01-01,CH02,3,1,1,1,0
GM00000003,2026-01-01,CH03,5,3,2,1,1
GM00000004,2026-01-01,CH04,6,4,0,1,0
GM00000005,2026-01-01,CH05,5,5,0,0,0
GM00000006,2026-01-01,CH06,1,1,0,0,0
GM00000007,2026-01-01,CH07,6,5,1,2,1
GM00000008,2026-01-01,CH08,5,4,2,2,0
GM00000009,2026-01-01,CH09,2,1,0,0,0
GM00000010,2026-01-01,CH10,1,0,0,0,0
GM00000011,2026-01-02,CH01,12,12,5,6,6
GM00000012,2026-01-02,CH02,6,5,1,1,1
GM00000013,2026-01-02,CH03,11,9,3,2,3
GM00000014,2026-01-02,CH04,8,6,2,4,2
GM00000015,2026-01-02,CH05,4,4,2,1,0
GM00000016,2026-01-02,CH06,7,5,0,2,0
GM00000017,2026-01-02,CH07,6,3,3,5,1
GM00000018,2026-01-02,CH08,4,4,2,1,2
GM00000019,2026-01-02,CH09,0,0,0,0,0
GM00000020,2026-01-02,CH10,2,2,0,1,0
GM00000021,2026-01-03,CH01,8,7,3,3,6
GM00000022,2026-01-03,CH02,10,10,2,0,1
GM00000023,2026-01-03,CH03,6,5,4,2,3
GM00000024,2026-01-03,CH04,5,5,1,1,4
GM00000025,2026-01-03,CH05,2,2,1,0,3
GM00000026,2026-01-03,CH06,4,3,0,0,0
GM00000027,2026-01-03,CH07,4,2,0,1,3
GM00000028,2026-01-03,CH08,1,1,1,0,2
GM00000029,2026-01-03,CH09,1,1,0,0,0
GM00000030,2026-01-03,CH10,1,0,0,0,0
GM00000031,2026-01-04,CH01,7,6,5,3,11
GM00000032,2026-01-04,CH02,7,3,3,3,4
GM00000033,2026-01-04,CH03,10,6,2,1,5
GM00000034,2026-01-04,CH04,5,2,3,3,3
GM00000035,2026-01-04,CH05,3,1,0,0,5
GM00000036,2026-01-04,CH06,5,5,2,0,0
GM00000037,2026-01-04,CH07,5,4,2,2,6
GM00000038,2026-01-04,CH08,5,3,2,2,3
GM00000039,2026-01-04,CH09,3,3,0,0,1
GM00000040,2026-01-04,CH10,0,0,0,0,0
GM00000041,2026-01-05,CH01,9,9,2,5,11
GM00000042,2026-01-05,CH02,6,6,1,2,3
GM00000043,2026-01-05,CH03,7,6,2,1,5
GM00000044,2026-01-05,CH04,6,5,1,1,10
GM00000045,2026-01-05,CH05,4,4,1,2,2
GM00000046,2026-01-05,CH06,3,2,1,0,5
GM00000047,2026-01-05,CH07,9,9,6,2,7
GM00000048,2026-01-05,CH08,0,0,0,0,3
GM00000049,2026-01-05,CH09,0,0,0,0,0
GM00000050,2026-01-05,CH10,1,1,0,0,1
GM00000051,2026-01-06,CH01,6,5,1,2,8
GM00000052,2026-01-06,CH02,3,2,0,2,7
GM00000053,2026-01-06,CH03,3,2,1,2,6
GM00000054,2026-01-06,CH04,1,0,1,0,4
GM00000055,2026-01-06,CH05,6,4,4,2,3
GM00000056,2026-01-06,CH06,4,3,0,0,2
GM00000057,2026-01-06,CH07,3,3,3,2,8
GM00000058,2026-01-06,CH08,3,3,2,3,0
GM00000059,2026-01-06,CH09,0,0,0,0,1
GM00000060,2026-01-06,CH10,0,0,0,0,1
GM00000061,2026-01-07,CH01,6,5,2,2,5
GM00000062,2026-01-07,CH02,8,7,3,3,4
GM00000063,2026-01-07,CH03,12,8,5,3,2
GM00000064,2026-01-07,CH04,10,5,2,3,1
GM00000065,2026-01-07,CH05,7,6,2,1,6
GM00000066,2026-01-07,CH06,5,5,1,3,4
GM00000067,2026-01-07,CH07,5,3,4,1,10
GM00000068,2026-01-07,CH08,4,3,2,1,6
GM00000069,2026-01-07,CH09,2,2,2,1,1
GM00000070,2026-01-07,CH10,1,0,0,0,0
GM00000071,2026-01-08,CH01,8,7,2,3,15
GM00000072,2026-01-08,CH02,5,3,0,1,6
GM00000073,2026-01-08,CH03,11,7,3,2,9
GM00000074,2026-01-08,CH04,5,4,2,1,9
GM00000075,2026-01-08,CH05,5,5,1,2,3
GM00000076,2026-01-08,CH06,1,0,1,0,2
GM00000077,2026-01-08,CH07,9,9,1,1,9
GM00000078,2026-01-08,CH08,2,1,1,0,6
GM00000079,2026-01-08,CH09,1,1,0,0,2
GM00000080,2026-01-08,CH10,3,1,0,2,0
GM00000081,2026-01-09,CH01,8,8,2,2,11
GM00000082,2026-01-09,CH02,8,6,4,2,5
GM00000083,2026-01-09,CH03,10,8,2,3,6
GM00000084,2026-01-09,CH04,7,4,3,2,6
GM00000085,2026-01-09,CH05,7,5,1,1,6
GM00000086,2026-01-09,CH06,2,1,2,0,4
GM00000087,2026-01-09,CH07,4,1,2,2,9
GM00000088,2026-01-09,CH08,2,2,1,1,3
GM00000089,2026-01-09,CH09,2,1,0,0,1
GM00000090,2026-01-09,CH10,2,2,0,1,1
GM00000091,2026-01-10,CH01,6,6,1,3,9
GM00000092,2026-01-10,CH02,3,3,1,0,5
GM00000093,2026-01-10,CH03,13,9,2,2,7
GM00000094,2026-01-10,CH04,4,3,1,2,8
GM00000095,2026-01-10,CH05,5,4,0,0,5
GM00000096,2026-01-10,CH06,1,0,0,1,3
GM00000097,2026-01-10,CH07,8,8,3,3,7
GM00000098,2026-01-10,CH08,2,2,0,2,1
GM00000099,2026-01-10,CH09,1,1,0,0,1
GM00000100,2026-01-10,CH10,1,0,0,0,0
GM00000101,2026-01-11,CH01,10,8,4,5,12
GM00000102,2026-01-11,CH02,5,5,1,2,6
GM00000103,2026-01-11,CH03,6,5,3,4,9
GM00000104,2026-01-11,CH04,4,2,1,1,9
GM00000105,2026-01-11,CH05,4,2,1,0,5
GM00000106,2026-01-11,CH06,3,2,0,0,1
GM00000107,2026-01-11,CH07,6,5,4,1,10
GM00000108,2026-01-11,CH08,2,2,2,0,6
GM00000109,2026-01-11,CH09,0,0,0,0,1
GM00000110,2026-01-11,CH10,1,1,0,1,2
GM00000111,2026-01-12,CH01,8,8,4,4,12
GM00000112,2026-01-12,CH02,3,3,1,1,8
GM00000113,2026-01-12,CH03,8,6,1,0,8
GM00000114,2026-01-12,CH04,3,1,2,2,7
GM00000115,2026-01-12,CH05,3,3,0,1,7
GM00000116,2026-01-12,CH06,3,2,1,1,2
GM00000117,2026-01-12,CH07,5,4,3,2,10
GM00000118,2026-01-12,CH08,4,4,1,0,3
GM00000119,2026-01-12,CH09,0,0,0,0,1
GM00000120,2026-01-12,CH10,2,0,0,0,0
GM00000121,2026-01-13,CH01,3,3,0,1,12
GM00000122,2026-01-13,CH02,1,1,0,0,6
GM00000123,2026-01-13,CH03,8,4,3,4,7
GM00000124,2026-01-13,CH04,2,2,1,1,5
GM00000125,2026-01-13,CH05,2,2,1,1,3
GM00000126,2026-01-13,CH06,2,1,0,0,4
GM00000127,2026-01-13,CH07,4,4,1,2,11
GM00000128,2026-01-13,CH08,4,2,3,1,7
GM00000129,2026-01-13,CH09,2,2,0,1,1
GM00000130,2026-01-13,CH10,0,0,0,0,3
GM00000131,2026-01-14,CH01,6,5,4,1,9
GM00000132,2026-01-14,CH02,6,6,2,2,9
GM00000133,2026-01-14,CH03,10,6,3,1,11
GM00000134,2026-01-14,CH04,4,3,2,0,6
GM00000135,2026-01-14,CH05,5,3,3,1,7
GM00000136,2026-01-14,CH06,3,2,1,1,6
GM00000137,2026-01-14,CH07,3,2,2,3,7
GM00000138,2026-01-14,CH08,4,3,3,3,6
GM00000139,2026-01-14,CH09,2,1,1,0,2
GM00000140,2026-01-14,CH10,1,1,0,0,0
GM00000141,2026-01-15,CH01,11,9,4,2,17
GM00000142,2026-01-15,CH02,3,3,1,1,8
GM00000143,2026-01-15,CH03,6,5,4,1,9
GM00000144,2026-01-15,CH04,4,2,0,1,5
GM00000145,2026-01-15,CH05,4,2,1,2,12
GM00000146,2026-01-15,CH06,3,1,0,1,2
GM00000147,2026-01-15,CH07,9,9,6,3,16
GM00000148,2026-01-15,CH08,4,4,1,1,6
GM00000149,2026-01-15,CH09,4,3,1,0,1
GM00000150,2026-01-15,CH10,1,1,0,0,2
GM00000151,2026-01-16,CH01,6,5,1,1,18
GM00000152,2026-01-16,CH02,10,5,1,2,6
GM00000153,2026-01-16,CH03,16,10,7,3,16
GM00000154,2026-01-16,CH04,5,4,0,2,8
GM00000155,2026-01-16,CH05,9,7,6,3,3
GM00000156,2026-01-16,CH06,3,3,2,1,3
GM00000157,2026-01-16,CH07,8,8,3,4,16
GM00000158,2026-01-16,CH08,3,3,1,0,7
GM00000159,2026-01-16,CH09,2,2,0,1,3
GM00000160,2026-01-16,CH10,3,1,0,0,3
GM00000161,2026-01-17,CH01,8,7,3,1,13
GM00000162,2026-01-17,CH02,8,6,2,1,5
GM00000163,2026-01-17,CH03,7,7,4,1,20
GM00000164,2026-01-17,CH04,1,1,0,0,4
GM00000165,2026-01-17,CH05,8,8,3,3,10
GM00000166,2026-01-17,CH06,2,2,1,0,4
GM00000167,2026-01-17,CH07,2,2,2,1,14
GM00000168,2026-01-17,CH08,2,2,0,0,5
GM00000169,2026-01-17,CH09,4,2,1,0,1
GM00000170,2026-01-17,CH10,1,0,1,0,0
GM00000171,2026-01-18,CH01,10,7,2,4,18
GM00000172,2026-01-18,CH02,4,2,1,1,9
GM00000173,2026-01-18,CH03,4,4,1,1,14
GM00000174,2026-01-18,CH04,5,3,4,0,4
GM00000175,2026-01-18,CH05,10,8,4,4,6
GM00000176,2026-01-18,CH06,6,4,2,0,4
GM00000177,2026-01-18,CH07,4,4,2,2,7
GM00000178,2026-01-18,CH08,5,4,1,2,5
GM00000179,2026-01-18,CH09,3,2,1,0,1
GM00000180,2026-01-18,CH10,0,0,0,0,3
GM00000181,2026-01-19,CH01,4,4,3,2,20
GM00000182,2026-01-19,CH02,11,10,2,3,8
GM00000183,2026-01-19,CH03,9,7,2,2,13
GM00000184,2026-01-19,CH04,3,2,1,0,11
GM00000185,2026-01-19,CH05,6,5,1,1,17
GM00000186,2026-01-19,CH06,2,1,2,0,3
GM00000187,2026-01-19,CH07,5,4,3,2,10
GM00000188,2026-01-19,CH08,3,2,1,3,3
GM00000189,2026-01-19,CH09,2,1,1,1,2
GM00000190,2026-01-19,CH10,1,0,0,0,0
GM00000191,2026-01-20,CH01,8,8,4,4,16
GM00000192,2026-01-20,CH02,4,4,0,2,6
GM00000193,2026-01-20,CH03,7,4,2,2,15
GM00000194,2026-01-20,CH04,7,3,4,4,3
GM00000195,2026-01-20,CH05,8,6,3,3,9
GM00000196,2026-01-20,CH06,2,1,1,0,3
GM00000197,2026-01-20,CH07,0,0,0,0,10
GM00000198,2026-01-20,CH08,3,3,2,1,9
GM00000199,2026-01-20,CH09,4,2,1,3,2
GM00000200,2026-01-20,CH10,3,3,1,2,0
GM00000201,2026-01-21,CH01,12,12,2,5,18
GM00000202,2026-01-21,CH02,4,2,1,2,9
GM00000203,2026-01-21,CH03,9,7,3,0,14
GM00000204,2026-01-21,CH04,3,1,1,1,11
GM00000205,2026-01-21,CH05,9,7,1,4,11
GM00000206,2026-01-21,CH06,2,1,0,0,9
GM00000207,2026-01-21,CH07,5,4,2,1,7
GM00000208,2026-01-21,CH08,2,2,0,0,13
GM00000209,2026-01-21,CH09,5,3,2,1,2
GM00000210,2026-01-21,CH10,3,2,1,1,3
GM00000211,2026-01-22,CH01,9,9,5,3,13
GM00000212,2026-01-22,CH02,2,1,0,0,10
GM00000213,2026-01-22,CH03,11,7,3,3,15
GM00000214,2026-01-22,CH04,7,6,1,2,7
GM00000215,2026-01-22,CH05,6,5,3,1,12
GM00000216,2026-01-22,CH06,1,1,0,0,4
GM00000217,2026-01-22,CH07,3,2,0,2,18
GM00000218,2026-01-22,CH08,4,4,2,2,5
GM00000219,2026-01-22,CH09,2,1,0,0,3
GM00000220,2026-01-22,CH10,2,1,0,0,1
GM00000221,2026-01-23,CH01,11,8,5,4,16
GM00000222,2026-01-23,CH02,7,4,3,3,5
GM00000223,2026-01-23,CH03,9,8,2,0,12
GM00000224,2026-01-23,CH04,5,4,0,2,8
GM00000225,2026-01-23,CH05,7,7,5,3,12
GM00000226,2026-01-23,CH06,6,3,2,1,3
GM00000227,2026-01-23,CH07,3,2,0,1,11
GM00000228,2026-01-23,CH08,5,5,3,0,6
GM00000229,2026-01-23,CH09,1,1,0,0,2
GM00000230,2026-01-23,CH10,2,2,0,1,3
GM00000231,2026-01-24,CH01,7,6,1,1,17
GM00000232,2026-01-24,CH02,3,2,1,0,7
GM00000233,2026-01-24,CH03,6,5,1,0,10
GM00000234,2026-01-24,CH04,13,10,4,2,4
GM00000235,2026-01-24,CH05,5,4,3,2,17
GM00000236,2026-01-24,CH06,2,2,1,0,7
GM00000237,2026-01-24,CH07,6,5,1,2,9
GM00000238,2026-01-24,CH08,2,1,0,0,8
GM00000239,2026-01-24,CH09,2,2,0,0,1
GM00000240,2026-01-24,CH10,2,1,0,0,1
GM00000241,2026-01-25,CH01,4,4,1,2,21
GM00000242,2026-01-25,CH02,4,4,0,1,8
GM00000243,2026-01-25,CH03,9,7,1,1,14
GM00000244,2026-01-25,CH04,6,6,1,2,11
GM00000245,2026-01-25,CH05,10,6,3,1,12
GM00000246,2026-01-25,CH06,4,1,2,1,1
GM00000247,2026-01-25,CH07,5,4,3,1,9
GM00000248,2026-01-25,CH08,3,3,0,2,5
GM00000249,2026-01-25,CH09,6,4,2,1,2
GM00000250,2026-01-25,CH10,0,0,0,0,0
GM00000251,2026-01-26,CH01,7,5,3,5,20
GM00000252,2026-01-26,CH02,10,7,3,4,10
GM00000253,2026-01-26,CH03,7,5,2,3,17
GM00000254,2026-01-26,CH04,8,5,4,3,8
GM00000255,2026-01-26,CH05,12,10,6,4,9
GM00000256,2026-01-26,CH06,5,1,0,1,6
GM00000257,2026-01-26,CH07,5,5,1,4,11
GM00000258,2026-01-26,CH08,1,1,0,1,10
GM00000259,2026-01-26,CH09,2,2,1,1,4
GM00000260,2026-01-26,CH10,1,1,0,0,0
GM00000261,2026-01-27,CH01,6,6,2,1,17
GM00000262,2026-01-27,CH02,8,3,1,1,12
GM00000263,2026-01-27,CH03,10,8,2,3,17
GM00000264,2026-01-27,CH04,5,3,0,1,15
GM00000265,2026-01-27,CH05,9,7,2,3,17
GM00000266,2026-01-27,CH06,8,5,2,3,4
GM00000267,2026-01-27,CH07,9,8,3,6,4
GM00000268,2026-01-27,CH08,2,2,2,0,9
GM00000269,2026-01-27,CH09,1,1,0,0,5
GM00000270,2026-01-27,CH10,0,0,0,0,4
GM00000271,2026-01-28,CH01,5,2,2,1,12
GM00000272,2026-01-28,CH02,5,4,1,0,8
GM00000273,2026-01-28,CH03,8,7,1,3,11
GM00000274,2026-01-28,CH04,10,9,3,6,9
GM00000275,2026-01-28,CH05,7,7,3,3,17
GM00000276,2026-01-28,CH06,5,4,0,0,6
GM00000277,2026-01-28,CH07,7,7,4,3,13
GM00000278,2026-01-28,CH08,5,4,1,1,5
GM00000279,2026-01-28,CH09,2,2,0,0,4
GM00000280,2026-01-28,CH10,1,0,0,0,1
GM00000281,2026-01-29,CH01,7,6,3,2,24
GM00000282,2026-01-29,CH02,3,2,2,1,10
GM00000283,2026-01-29,CH03,9,7,2,3,14
GM00000284,2026-01-29,CH04,6,3,1,2,11
GM00000285,2026-01-29,CH05,6,5,2,5,13
GM00000286,2026-01-29,CH06,6,4,1,1,4
GM00000287,2026-01-29,CH07,8,7,5,4,17
GM00000288,2026-01-29,CH08,7,6,3,3,7
GM00000289,2026-01-29,CH09,0,0,0,0,5
GM00000290,2026-01-29,CH10,1,1,0,0,0
GM00000291,2026-01-30,CH01,13,10,4,4,20
GM00000292,2026-01-30,CH02,4,3,2,1,14
GM00000293,2026-01-30,CH03,6,5,1,0,20
GM00000294,2026-01-30,CH04,3,2,0,1,9
GM00000295,2026-01-30,CH05,7,5,2,2,20
GM00000296,2026-01-30,CH06,4,2,1,2,10
GM00000297,2026-01-30,CH07,6,5,1,3,17
GM00000298,2026-01-30,CH08,6,3,2,0,8
GM00000299,2026-01-30,CH09,0,0,0,0,0
GM00000300,2026-01-30,CH10,2,1,1,0,2
GM00000301,2026-01-31,CH01,9,7,1,3,20
GM00000302,2026-01-31,CH02,4,3,2,1,14
GM00000303,2026-01-31,CH03,5,3,1,2,13
GM00000304,2026-01-31,CH04,7,6,0,2,11
GM00000305,2026-01-31,CH05,7,7,2,4,15
GM00000306,2026-01-31,CH06,1,0,0,0,6
GM00000307,2026-01-31,CH07,9,9,3,1,14
GM00000308,2026-01-31,CH08,9,7,9,1,6
GM00000309,2026-01-31,CH09,3,3,0,0,6
GM00000310,2026-01-31,CH10,2,2,0,0,2
GM00000311,2026-02-01,CH01,8,4,2,5,19
GM00000312,2026-02-01,CH02,4,4,2,2,12
GM00000313,2026-02-01,CH03,7,4,1,0,17
GM00000314,2026-02-01,CH04,6,6,2,3,8
GM00000315,2026-02-01,CH05,5,4,1,1,15
GM00000316,2026-02-01,CH06,6,2,1,0,8
GM00000317,2026-02-01,CH07,6,6,3,1,22
GM00000318,2026-02-01,CH08,6,5,3,2,15
GM00000319,2026-02-01,CH09,4,1,2,0,5
GM00000320,2026-02-01,CH10,0,0,0,0,1
GM00000321,2026-02-02,CH01,7,5,3,3,24
GM00000322,2026-02-02,CH02,3,3,1,0,16
GM00000323,2026-02-02,CH03,6,6,2,1,12
GM00000324,2026-02-02,CH04,4,3,0,2,16
GM00000325,2026-02-02,CH05,2,1,0,1,25
GM00000326,2026-02-02,CH06,4,2,1,1,6
GM00000327,2026-02-02,CH07,9,7,1,3,21
GM00000328,2026-02-02,CH08,3,3,1,2,10
GM00000329,2026-02-02,CH09,0,0,0,0,11
GM00000330,2026-02-02,CH10,1,1,0,0,2
GM00000331,2026-02-03,CH01,9,8,3,0,17
GM00000332,2026-02-03,CH02,7,5,3,2,9
GM00000333,2026-02-03,CH03,7,6,3,1,12
GM00000334,2026-02-03,CH04,9,7,2,4,12
GM00000335,2026-02-03,CH05,4,3,2,1,16
GM00000336,2026-02-03,CH06,5,4,2,2,7
GM00000337,2026-02-03,CH07,5,4,1,2,16
GM00000338,2026-02-03,CH08,3,3,2,0,9
GM00000339,2026-02-03,CH09,3,2,0,0,2
GM00000340,2026-02-03,CH10,1,1,0,0,3
GM00000341,2026-02-04,CH01,8,7,5,4,15
GM00000342,2026-02-04,CH02,6,4,1,0,10
GM00000343,2026-02-04,CH03,9,6,1,3,15
GM00000344,2026-02-04,CH04,8,5,1,1,15
GM00000345,2026-02-04,CH05,6,4,2,4,24
GM00000346,2026-02-04,CH06,2,1,0,0,11
GM00000347,2026-02-04,CH07,3,3,1,0,15
GM00000348,2026-02-04,CH08,3,2,1,0,8
GM00000349,2026-02-04,CH09,3,3,0,1,1
GM00000350,2026-02-04,CH10,1,1,0,1,2
GM00000351,2026-02-05,CH01,3,3,2,2,22
GM00000352,2026-02-05,CH02,7,5,2,3,11
GM00000353,2026-02-05,CH03,5,2,3,0,10
GM00000354,2026-02-05,CH04,4,3,0,1,10
GM00000355,2026-02-05,CH05,5,3,3,1,14
GM00000356,2026-02-05,CH06,6,3,1,3,6
GM00000357,2026-02-05,CH07,6,6,2,3,21
GM00000358,2026-02-05,CH08,4,4,2,1,12
GM00000359,2026-02-05,CH09,3,2,0,1,5
GM00000360,2026-02-05,CH10,0,0,0,0,4
GM00000361,2026-02-06,CH01,9,8,3,5,23
GM00000362,2026-02-06,CH02,10,7,1,0,11
GM00000363,2026-02-06,CH03,8,7,2,3,18
GM00000364,2026-02-06,CH04,7,6,2,4,22
GM00000365,2026-02-06,CH05,7,6,3,1,19
GM00000366,2026-02-06,CH06,8,4,1,2,10
GM00000367,2026-02-06,CH07,4,3,1,2,13
GM00000368,2026-02-06,CH08,3,2,1,1,15
GM00000369,2026-02-06,CH09,4,3,1,1,4
GM00000370,2026-02-06,CH10,1,1,1,0,3
GM00000371,2026-02-07,CH01,9,8,3,2,21
GM00000372,2026-02-07,CH02,1,1,0,0,13
GM00000373,2026-02-07,CH03,14,12,2,2,16
GM00000374,2026-02-07,CH04,5,2,1,0,17
GM00000375,2026-02-07,CH05,2,2,0,2,19
GM00000376,2026-02-07,CH06,3,3,1,0,5
GM00000377,2026-02-07,CH07,3,3,1,0,17
GM00000378,2026-02-07,CH08,4,4,0,0,6
GM00000379,2026-02-07,CH09,0,0,0,0,4
GM00000380,2026-02-07,CH10,3,2,1,0,3
GM00000381,2026-02-08,CH01,9,9,4,5,22
GM00000382,2026-02-08,CH02,8,7,4,5,9
GM00000383,2026-02-08,CH03,8,5,2,2,15
GM00000384,2026-02-08,CH04,12,9,3,3,14
GM00000385,2026-02-08,CH05,7,6,4,3,16
GM00000386,2026-02-08,CH06,4,2,2,0,9
GM00000387,2026-02-08,CH07,4,2,3,2,7
GM00000388,2026-02-08,CH08,1,1,0,1,8
GM00000389,2026-02-08,CH09,2,0,0,0,2
GM00000390,2026-02-08,CH10,4,2,0,1,2
GM00000391,2026-02-09,CH01,8,6,5,3,20
GM00000392,2026-02-09,CH02,5,4,0,2,15
GM00000393,2026-02-09,CH03,5,4,1,2,20
GM00000394,2026-02-09,CH04,3,3,2,3,14
GM00000395,2026-02-09,CH05,5,3,1,2,19
GM00000396,2026-02-09,CH06,5,4,1,0,7
GM00000397,2026-02-09,CH07,6,5,3,2,19
GM00000398,2026-02-09,CH08,2,2,1,1,8
GM00000399,2026-02-09,CH09,0,0,0,0,4
GM00000400,2026-02-09,CH10,1,1,1,1,5
GM00000401,2026-02-10,CH01,6,6,3,2,23
GM00000402,2026-02-10,CH02,3,2,2,1,14
GM00000403,2026-02-10,CH03,6,5,2,0,13
GM00000404,2026-02-10,CH04,3,3,1,2,13
GM00000405,2026-02-10,CH05,8,5,3,2,12
GM00000406,2026-02-10,CH06,6,3,1,2,8
GM00000407,2026-02-10,CH07,5,4,2,3,16
GM00000408,2026-02-10,CH08,4,3,0,0,8
GM00000409,2026-02-10,CH09,3,1,2,0,4
GM00000410,2026-02-10,CH10,3,2,1,0,3
GM00000411,2026-02-11,CH01,5,2,2,2,23
GM00000412,2026-02-11,CH02,3,2,0,0,13
GM00000413,2026-02-11,CH03,7,5,1,1,22
GM00000414,2026-02-11,CH04,4,4,1,1,19
GM00000415,2026-02-11,CH05,7,6,1,1,19
GM00000416,2026-02-11,CH06,7,4,0,2,9
GM00000417,2026-02-11,CH07,8,7,6,3,21
GM00000418,2026-02-11,CH08,5,5,2,2,5
GM00000419,2026-02-11,CH09,3,3,0,0,7
GM00000420,2026-02-11,CH10,2,1,0,0,4
GM00000421,2026-02-12,CH01,12,9,6,4,20
GM00000422,2026-02-12,CH02,6,5,1,0,15
GM00000423,2026-02-12,CH03,8,5,1,1,13
GM00000424,2026-02-12,CH04,2,2,0,1,12
GM00000425,2026-02-12,CH05,2,2,0,1,11
GM00000426,2026-02-12,CH06,5,2,2,1,7
GM00000427,2026-02-12,CH07,5,5,2,2,24
GM00000428,2026-02-12,CH08,6,5,3,1,7
GM00000429,2026-02-12,CH09,2,1,0,0,1
GM00000430,2026-02-12,CH10,2,1,0,2,5
GM00000431,2026-02-13,CH01,4,4,2,3,29
GM00000432,2026-02-13,CH02,6,5,3,1,14
GM00000433,2026-02-13,CH03,9,7,3,1,19
GM00000434,2026-02-13,CH04,7,5,3,0,12
GM00000435,2026-02-13,CH05,5,5,4,2,12
GM00000436,2026-02-13,CH06,3,3,1,0,8
GM00000437,2026-02-13,CH07,3,3,1,1,16
GM00000438,2026-02-13,CH08,2,2,0,1,12
GM00000439,2026-02-13,CH09,2,1,0,0,4
GM00000440,2026-02-13,CH10,2,0,0,1,1
GM00000441,2026-02-14,CH01,9,8,4,4,18
GM00000442,2026-02-14,CH02,7,7,1,2,14
GM00000443,2026-02-14,CH03,10,7,2,5,18
GM00000444,2026-02-14,CH04,2,2,1,1,15
GM00000445,2026-02-14,CH05,7,5,1,3,20
GM00000446,2026-02-14,CH06,3,1,1,2,8
GM00000447,2026-02-14,CH07,1,0,0,0,20
GM00000448,2026-02-14,CH08,1,0,0,1,7
GM00000449,2026-02-14,CH09,1,1,0,0,6
GM00000450,2026-02-14,CH10,2,1,0,1,3
GM00000451,2026-02-15,CH01,5,5,2,1,34
GM00000452,2026-02-15,CH02,6,1,1,3,17
GM00000453,2026-02-15,CH03,13,9,1,4,16
GM00000454,2026-02-15,CH04,4,3,0,0,16
GM00000455,2026-02-15,CH05,10,9,2,3,13
GM00000456,2026-02-15,CH06,6,4,0,1,9
GM00000457,2026-02-15,CH07,5,4,1,1,15
GM00000458,2026-02-15,CH08,2,2,0,0,9
GM00000459,2026-02-15,CH09,2,2,0,0,4
GM00000460,2026-02-15,CH10,3,1,0,0,7
GM00000461,2026-02-16,CH01,8,7,4,3,22
GM00000462,2026-02-16,CH02,4,4,3,1,19
GM00000463,2026-02-16,CH03,9,6,5,0,16
GM00000464,2026-02-16,CH04,7,6,2,4,14
GM00000465,2026-02-16,CH05,5,5,2,1,13
GM00000466,2026-02-16,CH06,5,3,1,0,8
GM00000467,2026-02-16,CH07,11,10,5,3,13
GM00000468,2026-02-16,CH08,2,2,0,0,9
GM00000469,2026-02-16,CH09,0,0,0,0,3
GM00000470,2026-02-16,CH10,1,1,0,0,2
GM00000471,2026-02-17,CH01,10,10,4,3,25
GM00000472,2026-02-17,CH02,3,3,1,0,22
GM00000473,2026-02-17,CH03,10,7,1,3,25
GM00000474,2026-02-17,CH04,3,2,1,1,20
GM00000475,2026-02-17,CH05,11,9,5,5,17
GM00000476,2026-02-17,CH06,6,5,1,0,9
GM00000477,2026-02-17,CH07,5,4,3,2,19
GM00000478,2026-02-17,CH08,3,3,2,3,5
GM00000479,2026-02-17,CH09,0,0,0,0,4
GM00000480,2026-02-17,CH10,2,1,0,0,2
GM00000481,2026-02-18,CH01,7,7,3,3,22
GM00000482,2026-02-18,CH02,5,5,2,2,14
GM00000483,2026-02-18,CH03,8,5,1,2,22
GM00000484,2026-02-18,CH04,5,3,1,0,9
GM00000485,2026-02-18,CH05,5,3,3,2,25
GM00000486,2026-02-18,CH06,3,1,0,1,8
GM00000487,2026-02-18,CH07,4,3,2,2,13
GM00000488,2026-02-18,CH08,3,3,1,0,8
GM00000489,2026-02-18,CH09,3,1,1,1,1
GM00000490,2026-02-18,CH10,2,1,1,1,4
GM00000491,2026-02-19,CH01,11,6,7,4,29
GM00000492,2026-02-19,CH02,5,5,2,5,13
GM00000493,2026-02-19,CH03,14,9,5,2,20
GM00000494,2026-02-19,CH04,4,3,0,0,17
GM00000495,2026-02-19,CH05,5,4,2,2,14
GM00000496,2026-02-19,CH06,2,0,0,1,8
GM00000497,2026-02-19,CH07,2,2,2,1,15
GM00000498,2026-02-19,CH08,4,3,2,3,12
GM00000499,2026-02-19,CH09,3,2,0,0,3
GM00000500,2026-02-19,CH10,2,2,0,0,5
GM00000501,2026-02-20,CH01,11,5,1,5,28
GM00000502,2026-02-20,CH02,7,5,2,4,21
GM00000503,2026-02-20,CH03,7,4,3,0,30
GM00000504,2026-02-20,CH04,3,3,0,0,12
GM00000505,2026-02-20,CH05,4,3,1,1,30
GM00000506,2026-02-20,CH06,4,3,1,1,8
GM00000507,2026-02-20,CH07,6,5,4,4,20
GM00000508,2026-02-20,CH08,3,2,1,1,9
GM00000509,2026-02-20,CH09,2,0,0,1,0
GM00000510,2026-02-20,CH10,2,1,0,0,4
GM00000511,2026-02-21,CH01,11,8,5,4,25
GM00000512,2026-02-21,CH02,7,4,4,4,19
GM00000513,2026-02-21,CH03,14,10,4,2,33
GM00000514,2026-02-21,CH04,3,3,1,0,9
GM00000515,2026-02-21,CH05,10,8,3,5,19
GM00000516,2026-02-21,CH06,3,2,1,1,9
GM00000517,2026-02-21,CH07,2,1,2,0,13
GM00000518,2026-02-21,CH08,3,3,1,0,11
GM00000519,2026-02-21,CH09,3,3,3,1,4
GM00000520,2026-02-21,CH10,4,3,1,0,3
GM00000521,2026-02-22,CH01,6,5,3,3,23
GM00000522,2026-02-22,CH02,4,3,1,2,14
GM00000523,2026-02-22,CH03,9,5,2,4,26
GM00000524,2026-02-22,CH04,8,7,2,2,11
GM00000525,2026-02-22,CH05,6,5,2,1,27
GM00000526,2026-02-22,CH06,4,2,1,0,5
GM00000527,2026-02-22,CH07,9,7,3,5,12
GM00000528,2026-02-22,CH08,7,7,1,2,8
GM00000529,2026-02-22,CH09,1,0,1,0,8
GM00000530,2026-02-22,CH10,2,1,0,1,5
GM00000531,2026-02-23,CH01,4,2,2,1,34
GM00000532,2026-02-23,CH02,9,8,2,2,16
GM00000533,2026-02-23,CH03,11,6,4,2,10
GM00000534,2026-02-23,CH04,4,3,0,0,21
GM00000535,2026-02-23,CH05,6,5,2,3,17
GM00000536,2026-02-23,CH06,2,1,0,0,11
GM00000537,2026-02-23,CH07,12,8,6,6,21
GM00000538,2026-02-23,CH08,3,3,2,2,9
GM00000539,2026-02-23,CH09,3,0,0,0,5
GM00000540,2026-02-23,CH10,1,1,0,0,3
GM00000541,2026-02-24,CH01,8,7,5,3,36
GM00000542,2026-02-24,CH02,3,2,0,2,14
GM00000543,2026-02-24,CH03,7,7,1,2,28
GM00000544,2026-02-24,CH04,4,2,0,0,13
GM00000545,2026-02-24,CH05,5,4,1,1,26
GM00000546,2026-02-24,CH06,6,3,2,1,11
GM00000547,2026-02-24,CH07,7,7,1,4,30
GM00000548,2026-02-24,CH08,4,3,1,3,8
GM00000549,2026-02-24,CH09,4,3,1,0,7
GM00000550,2026-02-24,CH10,2,1,1,1,4
GM00000551,2026-02-25,CH01,10,10,3,5,29
GM00000552,2026-02-25,CH02,8,6,2,2,16
GM00000553,2026-02-25,CH03,15,10,2,4,29
GM00000554,2026-02-25,CH04,5,2,2,3,12
GM00000555,2026-02-25,CH05,5,4,1,2,15
GM00000556,2026-02-25,CH06,4,4,3,1,9
GM00000557,2026-02-25,CH07,4,4,1,2,25
GM00000558,2026-02-25,CH08,1,1,1,0,10
GM00000559,2026-02-25,CH09,3,1,2,1,6
GM00000560,2026-02-25,CH10,3,1,0,0,3
GM00000561,2026-02-26,CH01,7,4,4,2,23
GM00000562,2026-02-26,CH02,8,6,3,4,27
GM00000563,2026-02-26,CH03,14,11,2,2,23
GM00000564,2026-02-26,CH04,9,6,2,1,10
GM00000565,2026-02-26,CH05,7,4,2,3,16
GM00000566,2026-02-26,CH06,6,1,3,1,13
GM00000567,2026-02-26,CH07,2,2,2,0,22
GM00000568,2026-02-26,CH08,3,3,2,2,15
GM00000569,2026-02-26,CH09,2,0,0,0,8
GM00000570,2026-02-26,CH10,1,1,1,1,2
GM00000571,2026-02-27,CH01,15,12,8,5,26
GM00000572,2026-02-27,CH02,2,2,1,0,14
GM00000573,2026-02-27,CH03,12,7,3,3,24
GM00000574,2026-02-27,CH04,8,4,2,3,12
GM00000575,2026-02-27,CH05,6,5,0,4,21
GM00000576,2026-02-27,CH06,6,5,1,1,15
GM00000577,2026-02-27,CH07,9,7,3,3,27
GM00000578,2026-02-27,CH08,2,1,0,0,9
GM00000579,2026-02-27,CH09,2,1,0,0,2
GM00000580,2026-02-27,CH10,2,1,0,0,6
GM00000581,2026-02-28,CH01,8,7,4,1,25
GM00000582,2026-02-28,CH02,8,5,0,2,20
GM00000583,2026-02-28,CH03,9,5,1,2,22
GM00000584,2026-02-28,CH04,8,5,1,2,13
GM00000585,2026-02-28,CH05,2,2,0,0,21
GM00000586,2026-02-28,CH06,7,5,0,0,13
GM00000587,2026-02-28,CH07,5,5,2,2,19
GM00000588,2026-02-28,CH08,6,4,3,1,8
GM00000589,2026-02-28,CH09,2,2,1,1,4
GM00000590,2026-02-28,CH10,2,1,1,1,4
GM00000591,2026-03-01,CH01,4,2,1,1,31
GM00000592,2026-03-01,CH02,6,5,2,1,12
GM00000593,2026-03-01,CH03,10,5,3,2,31
GM00000594,2026-03-01,CH04,5,4,1,2,16
GM00000595,2026-03-01,CH05,8,5,4,5,18
GM00000596,2026-03-01,CH06,6,1,2,1,10
GM00000597,2026-03-01,CH07,3,3,2,2,21
GM00000598,2026-03-01,CH08,2,1,1,2,16
GM00000599,2026-03-01,CH09,2,2,2,0,5
GM00000600,2026-03-01,CH10,2,1,0,0,7
GM00000601,2026-03-02,CH01,6,5,2,2,30
GM00000602,2026-03-02,CH02,1,1,0,0,16
GM00000603,2026-03-02,CH03,12,5,4,2,24
GM00000604,2026-03-02,CH04,4,2,0,1,15
GM00000605,2026-03-02,CH05,4,3,1,1,27
GM00000606,2026-03-02,CH06,3,2,0,0,8
GM00000607,2026-03-02,CH07,11,11,6,2,24
GM00000608,2026-03-02,CH08,3,3,0,0,8
GM00000609,2026-03-02,CH09,2,1,1,0,8
GM00000610,2026-03-02,CH10,0,0,0,0,3
GM00000611,2026-03-03,CH01,5,4,3,1,24
GM00000612,2026-03-03,CH02,1,1,0,0,13
GM00000613,2026-03-03,CH03,9,7,1,1,30
GM00000614,2026-03-03,CH04,10,6,4,2,13
GM00000615,2026-03-03,CH05,10,8,2,4,12
GM00000616,2026-03-03,CH06,5,3,1,1,9
GM00000617,2026-03-03,CH07,4,4,2,4,41
GM00000618,2026-03-03,CH08,6,4,4,1,18
GM00000619,2026-03-03,CH09,4,2,1,0,7
GM00000620,2026-03-03,CH10,4,3,1,2,4
GM00000621,2026-03-04,CH01,5,5,2,3,23
GM00000622,2026-03-04,CH02,9,4,3,1,19
GM00000623,2026-03-04,CH03,8,7,1,4,23
GM00000624,2026-03-04,CH04,1,0,0,1,29
GM00000625,2026-03-04,CH05,3,1,1,1,17
GM00000626,2026-03-04,CH06,3,0,1,0,6
GM00000627,2026-03-04,CH07,7,7,3,2,21
GM00000628,2026-03-04,CH08,3,2,0,2,14
GM00000629,2026-03-04,CH09,1,0,0,0,7
GM00000630,2026-03-04,CH10,2,0,0,0,3
GM00000631,2026-03-05,CH01,7,6,4,1,32
GM00000632,2026-03-05,CH02,0,0,0,0,22
GM00000633,2026-03-05,CH03,10,7,2,2,19
GM00000634,2026-03-05,CH04,4,3,1,1,22
GM00000635,2026-03-05,CH05,7,6,1,1,16
GM00000636,2026-03-05,CH06,3,1,0,0,9
GM00000637,2026-03-05,CH07,5,4,2,0,20
GM00000638,2026-03-05,CH08,1,1,0,0,15
GM00000639,2026-03-05,CH09,1,1,0,0,6
GM00000640,2026-03-05,CH10,1,1,0,0,2
GM00000641,2026-03-06,CH01,12,10,7,5,27
GM00000642,2026-03-06,CH02,4,2,2,3,11
GM00000643,2026-03-06,CH03,9,6,2,2,19
GM00000644,2026-03-06,CH04,2,2,0,0,19
GM00000645,2026-03-06,CH05,10,7,5,4,27
GM00000646,2026-03-06,CH06,8,6,2,2,7
GM00000647,2026-03-06,CH07,7,6,2,2,21
GM00000648,2026-03-06,CH08,5,4,3,0,12
GM00000649,2026-03-06,CH09,1,1,1,0,6
GM00000650,2026-03-06,CH10,0,0,0,0,3
GM00000651,2026-03-07,CH01,7,7,3,1,38
GM00000652,2026-03-07,CH02,1,1,0,0,22
GM00000653,2026-03-07,CH03,13,10,2,4,28
GM00000654,2026-03-07,CH04,9,6,3,3,16
GM00000655,2026-03-07,CH05,10,8,4,3,24
GM00000656,2026-03-07,CH06,2,2,0,0,11
GM00000657,2026-03-07,CH07,8,5,3,4,29
GM00000658,2026-03-07,CH08,2,1,0,2,16
GM00000659,2026-03-07,CH09,5,3,3,2,4
GM00000660,2026-03-07,CH10,1,1,0,0,1
GM00000661,2026-03-08,CH01,6,5,1,3,27
GM00000662,2026-03-08,CH02,8,6,5,2,13
GM00000663,2026-03-08,CH03,5,4,3,1,25
GM00000664,2026-03-08,CH04,3,2,2,1,24
GM00000665,2026-03-08,CH05,10,7,5,4,34
GM00000666,2026-03-08,CH06,2,1,1,0,14
GM00000667,2026-03-08,CH07,4,2,3,1,21
GM00000668,2026-03-08,CH08,3,3,1,1,12
GM00000669,2026-03-08,CH09,1,1,0,0,7
GM00000670,2026-03-08,CH10,2,1,0,0,5
GM00000671,2026-03-09,CH01,10,9,3,4,28
GM00000672,2026-03-09,CH02,6,3,2,0,11
GM00000673,2026-03-09,CH03,8,3,1,2,31
GM00000674,2026-03-09,CH04,7,6,2,1,14
GM00000675,2026-03-09,CH05,5,5,2,1,20
GM00000676,2026-03-09,CH06,5,1,1,2,8
GM00000677,2026-03-09,CH07,10,7,5,4,21
GM00000678,2026-03-09,CH08,0,0,0,0,7
GM00000679,2026-03-09,CH09,0,0,0,0,4
GM00000680,2026-03-09,CH10,0,0,0,0,3
GM00000681,2026-03-10,CH01,7,6,1,3,38
GM00000682,2026-03-10,CH02,5,5,1,0,20
GM00000683,2026-03-10,CH03,12,7,3,3,26
GM00000684,2026-03-10,CH04,6,5,2,1,14
GM00000685,2026-03-10,CH05,6,5,1,2,28
GM00000686,2026-03-10,CH06,8,5,1,2,9
GM00000687,2026-03-10,CH07,8,7,4,4,32
GM00000688,2026-03-10,CH08,2,1,1,0,7
GM00000689,2026-03-10,CH09,0,0,0,0,6
GM00000690,2026-03-10,CH10,1,0,0,0,8
GM00000691,2026-03-11,CH01,4,3,0,1,29
GM00000692,2026-03-11,CH02,8,8,1,4,26
GM00000693,2026-03-11,CH03,9,6,3,2,36
GM00000694,2026-03-11,CH04,5,5,3,1,14
GM00000695,2026-03-11,CH05,5,2,1,1,23
GM00000696,2026-03-11,CH06,4,1,1,0,10
GM00000697,2026-03-11,CH07,4,4,4,2,24
GM00000698,2026-03-11,CH08,2,2,1,2,12
GM00000699,2026-03-11,CH09,0,0,0,0,6
GM00000700,2026-03-11,CH10,2,2,0,0,3
GM00000701,2026-03-12,CH01,4,4,2,1,30
GM00000702,2026-03-12,CH02,3,3,1,2,20
GM00000703,2026-03-12,CH03,11,9,1,2,33
GM00000704,2026-03-12,CH04,5,4,1,0,18
GM00000705,2026-03-12,CH05,8,6,3,3,22
GM00000706,2026-03-12,CH06,4,2,0,2,12
GM00000707,2026-03-12,CH07,4,4,2,3,25
GM00000708,2026-03-12,CH08,2,2,0,1,7
GM00000709,2026-03-12,CH09,4,3,1,0,4
GM00000710,2026-03-12,CH10,0,0,0,0,2
GM00000711,2026-03-13,CH01,7,5,2,2,40
GM00000712,2026-03-13,CH02,2,1,0,0,26
GM00000713,2026-03-13,CH03,5,3,2,1,32
GM00000714,2026-03-13,CH04,8,7,1,2,21
GM00000715,2026-03-13,CH05,11,9,1,3,31
GM00000716,2026-03-13,CH06,5,5,3,2,15
GM00000717,2026-03-13,CH07,2,2,0,2,33
GM00000718,2026-03-13,CH08,3,3,2,0,8
GM00000719,2026-03-13,CH09,1,1,0,0,5
GM00000720,2026-03-13,CH10,1,1,0,0,1
GM00000721,2026-03-14,CH01,6,4,3,1,28
GM00000722,2026-03-14,CH02,3,3,1,1,16
GM00000723,2026-03-14,CH03,13,9,6,5,34
GM00000724,2026-03-14,CH04,8,6,4,3,14
GM00000725,2026-03-14,CH05,4,4,2,1,21
GM00000726,2026-03-14,CH06,5,3,0,0,12
GM00000727,2026-03-14,CH07,2,2,2,2,26
GM00000728,2026-03-14,CH08,3,3,3,1,17
GM00000729,2026-03-14,CH09,2,0,1,0,7
GM00000730,2026-03-14,CH10,1,0,1,0,3
GM00000731,2026-03-15,CH01,6,6,3,3,30
GM00000732,2026-03-15,CH02,7,6,2,3,23
GM00000733,2026-03-15,CH03,11,8,4,1,36
GM00000734,2026-03-15,CH04,8,5,2,1,14
GM00000735,2026-03-15,CH05,5,4,1,2,29
GM00000736,2026-03-15,CH06,5,3,1,3,9
GM00000737,2026-03-15,CH07,7,6,4,4,31
GM00000738,2026-03-15,CH08,3,3,0,0,14
GM00000739,2026-03-15,CH09,0,0,0,0,5
GM00000740,2026-03-15,CH10,3,1,1,1,3
GM00000741,2026-03-16,CH01,9,7,5,3,32
GM00000742,2026-03-16,CH02,4,4,2,1,17
GM00000743,2026-03-16,CH03,8,5,1,1,20
GM00000744,2026-03-16,CH04,6,3,2,3,17
GM00000745,2026-03-16,CH05,6,5,3,1,18
GM00000746,2026-03-16,CH06,5,4,0,0,13
GM00000747,2026-03-16,CH07,5,5,3,0,34
GM00000748,2026-03-16,CH08,5,5,1,0,9
GM00000749,2026-03-16,CH09,0,0,0,0,2
GM00000750,2026-03-16,CH10,1,1,1,0,1
GM00000751,2026-03-17,CH01,14,12,10,4,22
GM00000752,2026-03-17,CH02,2,2,1,1,16
GM00000753,2026-03-17,CH03,8,8,2,1,38
GM00000754,2026-03-17,CH04,7,4,3,1,18
GM00000755,2026-03-17,CH05,7,6,2,3,31
GM00000756,2026-03-17,CH06,5,3,1,1,11
GM00000757,2026-03-17,CH07,3,3,1,3,28
GM00000758,2026-03-17,CH08,3,2,1,1,11
GM00000759,2026-03-17,CH09,6,3,2,1,5
GM00000760,2026-03-17,CH10,1,1,0,1,3
GM00000761,2026-03-18,CH01,10,10,1,2,40
GM00000762,2026-03-18,CH02,3,3,2,1,25
GM00000763,2026-03-18,CH03,9,7,2,0,30
GM00000764,2026-03-18,CH04,5,3,2,2,13
GM00000765,2026-03-18,CH05,4,2,1,1,26
GM00000766,2026-03-18,CH06,3,3,1,0,15
GM00000767,2026-03-18,CH07,9,6,5,6,29
GM00000768,2026-03-18,CH08,3,3,0,1,12
GM00000769,2026-03-18,CH09,2,1,1,0,4
GM00000770,2026-03-18,CH10,2,1,0,0,1
GM00000771,2026-03-19,CH01,7,6,3,2,28
GM00000772,2026-03-19,CH02,10,7,2,3,20
GM00000773,2026-03-19,CH03,11,5,1,0,38
GM00000774,2026-03-19,CH04,5,3,3,1,20
GM00000775,2026-03-19,CH05,6,5,3,4,26
GM00000776,2026-03-19,CH06,2,2,0,0,9
GM00000777,2026-03-19,CH07,6,4,2,1,31
GM00000778,2026-03-19,CH08,4,2,1,2,8
GM00000779,2026-03-19,CH09,1,1,1,0,3
GM00000780,2026-03-19,CH10,0,0,0,0,4
GM00000781,2026-03-20,CH01,7,6,1,2,38
GM00000782,2026-03-20,CH02,4,3,2,1,23
GM00000783,2026-03-20,CH03,9,8,2,2,30
GM00000784,2026-03-20,CH04,1,0,0,0,19
GM00000785,2026-03-20,CH05,9,7,4,4,30
GM00000786,2026-03-20,CH06,4,4,1,1,14
GM00000787,2026-03-20,CH07,3,3,1,0,23
GM00000788,2026-03-20,CH08,3,3,1,2,12
GM00000789,2026-03-20,CH09,1,0,0,0,12
GM00000790,2026-03-20,CH10,2,2,0,0,3
GM00000791,2026-03-21,CH01,8,6,2,4,34
GM00000792,2026-03-21,CH02,10,7,4,4,28
GM00000793,2026-03-21,CH03,11,8,3,1,37
GM00000794,2026-03-21,CH04,5,3,1,1,25
GM00000795,2026-03-21,CH05,6,4,2,0,25
GM00000796,2026-03-21,CH06,4,4,1,0,10
GM00000797,2026-03-21,CH07,6,6,1,0,31
GM00000798,2026-03-21,CH08,7,7,4,4,13
GM00000799,2026-03-21,CH09,1,1,0,0,5
GM00000800,2026-03-21,CH10,4,3,0,1,7
GM00000801,2026-03-22,CH01,3,2,2,1,32
GM00000802,2026-03-22,CH02,9,8,3,1,32
GM00000803,2026-03-22,CH03,9,8,2,2,31
GM00000804,2026-03-22,CH04,11,9,1,0,26
GM00000805,2026-03-22,CH05,5,5,3,3,35
GM00000806,2026-03-22,CH06,4,3,3,0,18
GM00000807,2026-03-22,CH07,5,4,2,2,27
GM00000808,2026-03-22,CH08,4,3,2,2,13
GM00000809,2026-03-22,CH09,2,0,0,1,8
GM00000810,2026-03-22,CH10,4,1,1,1,8
GM00000811,2026-03-23,CH01,7,6,1,3,25
GM00000812,2026-03-23,CH02,7,7,3,1,30
GM00000813,2026-03-23,CH03,5,4,1,4,26
GM00000814,2026-03-23,CH04,4,2,2,1,12
GM00000815,2026-03-23,CH05,2,2,0,0,23
GM00000816,2026-03-23,CH06,3,1,1,0,14
GM00000817,2026-03-23,CH07,5,4,3,2,21
GM00000818,2026-03-23,CH08,5,4,3,2,10
GM00000819,2026-03-23,CH09,2,0,1,0,6
GM00000820,2026-03-23,CH10,1,0,1,1,7
GM00000821,2026-03-24,CH01,9,9,4,5,31
GM00000822,2026-03-24,CH02,4,1,2,1,26
GM00000823,2026-03-24,CH03,12,5,2,0,43
GM00000824,2026-03-24,CH04,10,7,2,2,25
GM00000825,2026-03-24,CH05,4,4,1,2,30
GM00000826,2026-03-24,CH06,1,1,1,0,8
GM00000827,2026-03-24,CH07,6,5,1,1,24
GM00000828,2026-03-24,CH08,6,5,0,1,18
GM00000829,2026-03-24,CH09,3,2,0,0,6
GM00000830,2026-03-24,CH10,3,2,0,0,5
GM00000831,2026-03-25,CH01,9,7,3,2,34
GM00000832,2026-03-25,CH02,3,1,0,1,21
GM00000833,2026-03-25,CH03,10,5,1,0,28
GM00000834,2026-03-25,CH04,3,1,1,1,20
GM00000835,2026-03-25,CH05,4,4,3,1,32
GM00000836,2026-03-25,CH06,2,1,0,0,15
GM00000837,2026-03-25,CH07,4,3,1,2,34
GM00000838,2026-03-25,CH08,5,4,3,1,13
GM00000839,2026-03-25,CH09,3,1,2,1,5
GM00000840,2026-03-25,CH10,2,2,1,0,5
GM00000841,2026-03-26,CH01,6,3,2,1,45
GM00000842,2026-03-26,CH02,3,3,2,2,22
GM00000843,2026-03-26,CH03,5,5,1,1,24
GM00000844,2026-03-26,CH04,3,1,0,2,28
GM00000845,2026-03-26,CH05,6,5,2,1,22
GM00000846,2026-03-26,CH06,3,1,1,1,9
GM00000847,2026-03-26,CH07,3,2,2,2,25
GM00000848,2026-03-26,CH08,3,2,1,3,24
GM00000849,2026-03-26,CH09,1,1,0,0,8
GM00000850,2026-03-26,CH10,2,1,0,0,6
GM00000851,2026-03-27,CH01,6,4,1,2,24
GM00000852,2026-03-27,CH02,5,4,0,3,17
GM00000853,2026-03-27,CH03,6,5,1,4,35
GM00000854,2026-03-27,CH04,5,4,3,3,18
GM00000855,2026-03-27,CH05,5,5,3,0,30
GM00000856,2026-03-27,CH06,3,2,1,1,13
GM00000857,2026-03-27,CH07,4,4,3,1,16
GM00000858,2026-03-27,CH08,1,1,0,0,12
GM00000859,2026-03-27,CH09,1,1,0,0,7
GM00000860,2026-03-27,CH10,2,0,0,1,4
GM00000861,2026-03-28,CH01,8,5,2,1,31
GM00000862,2026-03-28,CH02,8,6,5,4,22
GM00000863,2026-03-28,CH03,10,9,3,1,28
GM00000864,2026-03-28,CH04,7,3,3,2,20
GM00000865,2026-03-28,CH05,4,3,1,2,29
GM00000866,2026-03-28,CH06,3,0,0,0,13
GM00000867,2026-03-28,CH07,5,4,3,1,25
GM00000868,2026-03-28,CH08,6,5,1,2,20
GM00000869,2026-03-28,CH09,0,0,0,0,12
GM00000870,2026-03-28,CH10,0,0,0,0,6
GM00000871,2026-03-29,CH01,6,6,4,3,34
GM00000872,2026-03-29,CH02,4,4,3,0,28
GM00000873,2026-03-29,CH03,9,7,4,1,30
GM00000874,2026-03-29,CH04,7,3,2,1,30
GM00000875,2026-03-29,CH05,7,6,2,2,32
GM00000876,2026-03-29,CH06,8,5,2,1,8
GM00000877,2026-03-29,CH07,5,5,4,0,26
GM00000878,2026-03-29,CH08,7,7,2,3,13
GM00000879,2026-03-29,CH09,2,2,0,1,6
GM00000880,2026-03-29,CH10,3,2,0,1,5
GM00000881,2026-03-30,CH01,6,6,1,3,38
GM00000882,2026-03-30,CH02,4,3,3,1,25
GM00000883,2026-03-30,CH03,14,12,4,3,37
GM00000884,2026-03-30,CH04,5,2,0,1,22
GM00000885,2026-03-30,CH05,7,5,1,2,25
GM00000886,2026-03-30,CH06,2,1,0,2,15
GM00000887,2026-03-30,CH07,6,4,1,2,32
GM00000888,2026-03-30,CH08,2,1,2,0,16
GM00000889,2026-03-30,CH09,1,1,0,0,8
GM00000890,2026-03-30,CH10,1,1,1,1,4
GM00000891,2026-03-31,CH01,8,6,0,2,30
GM00000892,2026-03-31,CH02,9,4,4,5,35
GM00000893,2026-03-31,CH03,8,4,1,2,32
GM00000894,2026-03-31,CH04,4,4,2,1,27
GM00000895,2026-03-31,CH05,6,5,3,1,26
GM00000896,2026-03-31,CH06,7,3,1,1,7
GM00000897,2026-03-31,CH07,11,8,3,3,23
GM00000898,2026-03-31,CH08,4,2,1,1,18
GM00000899,2026-03-31,CH09,2,0,0,0,10
GM00000900,2026-03-31,CH10,3,1,0,0,7
GM00000901,2026-04-01,CH01,8,5,3,3,32
GM00000902,2026-04-01,CH02,7,7,3,3,22
GM00000903,2026-04-01,CH03,8,5,3,4,31
GM00000904,2026-04-01,CH04,5,2,1,0,26
GM00000905,2026-04-01,CH05,3,2,1,0,22
GM00000906,2026-04-01,CH06,1,1,0,0,11
GM00000907,2026-04-01,CH07,4,3,2,2,30
GM00000908,2026-04-01,CH08,7,4,1,2,15
GM00000909,2026-04-01,CH09,1,0,0,1,7
GM00000910,2026-04-01,CH10,2,1,0,0,6
GM00000911,2026-04-02,CH01,13,9,10,4,37
GM00000912,2026-04-02,CH02,3,2,1,0,28
GM00000913,2026-04-02,CH03,8,6,0,3,42
GM00000914,2026-04-02,CH04,8,5,2,0,25
GM00000915,2026-04-02,CH05,9,7,3,5,37
GM00000916,2026-04-02,CH06,4,3,0,1,11
GM00000917,2026-04-02,CH07,7,5,3,1,34
GM00000918,2026-04-02,CH08,0,0,0,0,15
GM00000919,2026-04-02,CH09,2,2,0,1,4
GM00000920,2026-04-02,CH10,3,2,1,0,8
GM00000921,2026-04-03,CH01,6,6,4,0,43
GM00000922,2026-04-03,CH02,5,4,1,2,20
GM00000923,2026-04-03,CH03,17,13,1,3,30
GM00000924,2026-04-03,CH04,9,6,1,1,19
GM00000925,2026-04-03,CH05,4,2,2,0,24
GM00000926,2026-04-03,CH06,4,4,1,2,11
GM00000927,2026-04-03,CH07,3,2,1,2,32
GM00000928,2026-04-03,CH08,2,2,0,1,15
GM00000929,2026-04-03,CH09,3,2,1,3,6
GM00000930,2026-04-03,CH10,2,2,0,0,5
GM00000931,2026-04-04,CH01,10,10,4,3,34
GM00000932,2026-04-04,CH02,4,4,0,0,27
GM00000933,2026-04-04,CH03,11,6,2,2,32
GM00000934,2026-04-04,CH04,4,3,2,0,26
GM00000935,2026-04-04,CH05,5,3,0,1,28
GM00000936,2026-04-04,CH06,3,1,0,1,10
GM00000937,2026-04-04,CH07,6,5,3,2,28
GM00000938,2026-04-04,CH08,5,3,0,1,16
GM00000939,2026-04-04,CH09,2,2,1,1,7
GM00000940,2026-04-04,CH10,2,1,0,0,8
GM00000941,2026-04-05,CH01,11,8,6,4,46
GM00000942,2026-04-05,CH02,9,7,4,4,20
GM00000943,2026-04-05,CH03,13,9,4,2,31
GM00000944,2026-04-05,CH04,9,8,0,3,24
GM00000945,2026-04-05,CH05,7,4,3,0,22
GM00000946,2026-04-05,CH06,5,2,0,0,13
GM00000947,2026-04-05,CH07,6,6,2,1,24
GM00000948,2026-04-05,CH08,4,3,2,2,19
GM00000949,2026-04-05,CH09,3,2,1,1,9
GM00000950,2026-04-05,CH10,2,1,0,0,6
GM00000951,2026-04-06,CH01,7,7,4,3,43
GM00000952,2026-04-06,CH02,2,1,0,1,21
GM00000953,2026-04-06,CH03,10,5,0,1,50
GM00000954,2026-04-06,CH04,4,3,0,0,24
GM00000955,2026-04-06,CH05,7,4,0,4,28
GM00000956,2026-04-06,CH06,2,2,1,1,13
GM00000957,2026-04-06,CH07,4,3,2,2,33
GM00000958,2026-04-06,CH08,1,1,0,0,16
GM00000959,2026-04-06,CH09,0,0,0,0,8
GM00000960,2026-04-06,CH10,3,2,0,0,5
GM00000961,2026-04-07,CH01,11,10,5,2,45
GM00000962,2026-04-07,CH02,1,1,0,0,26
GM00000963,2026-04-07,CH03,5,4,2,2,38
GM00000964,2026-04-07,CH04,6,5,1,2,17
GM00000965,2026-04-07,CH05,4,1,3,1,26
GM00000966,2026-04-07,CH06,4,4,0,0,16
GM00000967,2026-04-07,CH07,4,3,1,1,29
GM00000968,2026-04-07,CH08,2,1,1,1,11
GM00000969,2026-04-07,CH09,6,3,3,2,5
GM00000970,2026-04-07,CH10,3,1,0,0,3
GM00000971,2026-04-08,CH01,6,6,3,2,40
GM00000972,2026-04-08,CH02,8,7,2,2,22
GM00000973,2026-04-08,CH03,11,8,2,2,39
GM00000974,2026-04-08,CH04,5,5,3,3,27
GM00000975,2026-04-08,CH05,4,2,1,3,33
GM00000976,2026-04-08,CH06,8,2,0,0,16
GM00000977,2026-04-08,CH07,6,3,4,4,28
GM00000978,2026-04-08,CH08,2,2,0,1,19
GM00000979,2026-04-08,CH09,1,1,1,0,14
GM00000980,2026-04-08,CH10,3,2,0,0,4
GM00000981,2026-04-09,CH01,2,2,1,0,35
GM00000982,2026-04-09,CH02,4,3,4,2,21
GM00000983,2026-04-09,CH03,8,4,1,1,39
GM00000984,2026-04-09,CH04,5,4,1,1,23
GM00000985,2026-04-09,CH05,4,4,1,2,31
GM00000986,2026-04-09,CH06,6,5,3,1,11
GM00000987,2026-04-09,CH07,5,4,1,2,29
GM00000988,2026-04-09,CH08,6,4,4,3,12
GM00000989,2026-04-09,CH09,3,1,0,0,10
GM00000990,2026-04-09,CH10,1,1,0,0,3
GM00000991,2026-04-10,CH01,6,5,2,4,30
GM00000992,2026-04-10,CH02,5,4,2,3,27
GM00000993,2026-04-10,CH03,11,8,5,1,29
GM00000994,2026-04-10,CH04,4,2,3,1,23
GM00000995,2026-04-10,CH05,4,4,1,1,27
GM00000996,2026-04-10,CH06,2,1,1,1,15
GM00000997,2026-04-10,CH07,2,2,1,1,32
GM00000998,2026-04-10,CH08,3,2,0,0,18
GM00000999,2026-04-10,CH09,2,0,1,1,8
GM00001000,2026-04-10,CH10,1,0,0,1,8
GM00001001,2026-04-11,CH01,7,7,5,2,42
GM00001002,2026-04-11,CH02,7,6,5,2,25
GM00001003,2026-04-11,CH03,10,10,7,2,51
GM00001004,2026-04-11,CH04,9,6,1,3,25
GM00001005,2026-04-11,CH05,9,7,3,1,28
GM00001006,2026-04-11,CH06,2,2,0,0,17
GM00001007,2026-04-11,CH07,10,10,5,3,38
GM00001008,2026-04-11,CH08,4,4,1,2,14
GM00001009,2026-04-11,CH09,1,0,1,0,9
GM00001010,2026-04-11,CH10,1,1,0,0,8
GM00001011,2026-04-12,CH01,10,6,2,1,39
GM00001012,2026-04-12,CH02,4,3,2,0,26
GM00001013,2026-04-12,CH03,8,5,2,1,35
GM00001014,2026-04-12,CH04,9,7,2,2,25
GM00001015,2026-04-12,CH05,5,5,0,3,32
GM00001016,2026-04-12,CH06,4,4,2,3,15
GM00001017,2026-04-12,CH07,7,4,2,5,29
GM00001018,2026-04-12,CH08,3,3,2,1,24
GM00001019,2026-04-12,CH09,0,0,0,0,12
GM00001020,2026-04-12,CH10,3,1,1,2,7
GM00001021,2026-04-13,CH01,13,12,5,6,38
GM00001022,2026-04-13,CH02,8,8,3,1,29
GM00001023,2026-04-13,CH03,4,2,2,3,36
GM00001024,2026-04-13,CH04,7,5,3,5,20
GM00001025,2026-04-13,CH05,4,4,1,1,31
GM00001026,2026-04-13,CH06,2,1,0,1,16
GM00001027,2026-04-13,CH07,3,2,2,2,29
GM00001028,2026-04-13,CH08,4,4,3,2,17
GM00001029,2026-04-13,CH09,0,0,0,0,4
GM00001030,2026-04-13,CH10,3,2,1,2,5
GM00001031,2026-04-14,CH01,10,7,4,5,49
GM00001032,2026-04-14,CH02,6,6,2,3,32
GM00001033,2026-04-14,CH03,10,7,2,3,43
GM00001034,2026-04-14,CH04,5,4,0,1,33
GM00001035,2026-04-14,CH05,7,6,3,3,20
GM00001036,2026-04-14,CH06,7,3,1,2,14
GM00001037,2026-04-14,CH07,9,7,7,1,37
GM00001038,2026-04-14,CH08,4,4,0,1,22
GM00001039,2026-04-14,CH09,1,1,0,1,4
GM00001040,2026-04-14,CH10,0,0,0,0,5
GM00001041,2026-04-15,CH01,4,4,1,1,43
GM00001042,2026-04-15,CH02,6,5,1,2,30
GM00001043,2026-04-15,CH03,7,6,1,1,39
GM00001044,2026-04-15,CH04,7,5,1,2,27
GM00001045,2026-04-15,CH05,10,7,3,4,36
GM00001046,2026-04-15,CH06,2,1,0,0,18
GM00001047,2026-04-15,CH07,6,5,3,3,42
GM00001048,2026-04-15,CH08,2,2,2,0,19
GM00001049,2026-04-15,CH09,0,0,0,0,4
GM00001050,2026-04-15,CH10,0,0,0,0,5
GM00001051,2026-04-16,CH01,10,5,4,3,46
GM00001052,2026-04-16,CH02,5,5,1,1,32
GM00001053,2026-04-16,CH03,7,6,3,1,23
GM00001054,2026-04-16,CH04,5,3,2,1,26
GM00001055,2026-04-16,CH05,6,6,3,1,31
GM00001056,2026-04-16,CH06,3,1,0,0,12
GM00001057,2026-04-16,CH07,6,4,4,2,28
GM00001058,2026-04-16,CH08,5,5,3,2,21
GM00001059,2026-04-16,CH09,1,0,0,0,6
GM00001060,2026-04-16,CH10,1,1,0,0,4
GM00001061,2026-04-17,CH01,8,5,4,2,56
GM00001062,2026-04-17,CH02,3,2,1,0,23
GM00001063,2026-04-17,CH03,11,8,2,2,38
GM00001064,2026-04-17,CH04,6,4,3,2,23
GM00001065,2026-04-17,CH05,2,1,1,0,22
GM00001066,2026-04-17,CH06,4,2,2,1,13
GM00001067,2026-04-17,CH07,1,1,1,0,32
GM00001068,2026-04-17,CH08,2,2,1,1,21
GM00001069,2026-04-17,CH09,0,0,0,0,8
GM00001070,2026-04-17,CH10,1,1,0,0,8
GM00001071,2026-04-18,CH01,7,6,3,2,44
GM00001072,2026-04-18,CH02,5,3,1,1,32
GM00001073,2026-04-18,CH03,11,9,0,2,36
GM00001074,2026-04-18,CH04,7,5,2,1,26
GM00001075,2026-04-18,CH05,5,4,2,2,40
GM00001076,2026-04-18,CH06,4,4,1,1,19
GM00001077,2026-04-18,CH07,4,4,0,1,29
GM00001078,2026-04-18,CH08,3,1,0,1,17
GM00001079,2026-04-18,CH09,4,3,0,1,2
GM00001080,2026-04-18,CH10,4,1,1,0,7
GM00001081,2026-04-19,CH01,12,9,3,3,53
GM00001082,2026-04-19,CH02,5,3,2,1,38
GM00001083,2026-04-19,CH03,6,2,1,2,43
GM00001084,2026-04-19,CH04,3,3,1,0,22
GM00001085,2026-04-19,CH05,4,4,3,1,31
GM00001086,2026-04-19,CH06,3,2,0,0,23
GM00001087,2026-04-19,CH07,4,3,2,2,42
GM00001088,2026-04-19,CH08,2,1,0,0,10
GM00001089,2026-04-19,CH09,0,0,0,0,7
GM00001090,2026-04-19,CH10,2,1,2,0,11
GM00001091,2026-04-20,CH01,8,4,1,1,49
GM00001092,2026-04-20,CH02,8,6,0,4,36
GM00001093,2026-04-20,CH03,8,7,2,2,45
GM00001094,2026-04-20,CH04,1,1,0,0,31
GM00001095,2026-04-20,CH05,7,5,1,1,33
GM00001096,2026-04-20,CH06,5,2,1,2,16
GM00001097,2026-04-20,CH07,10,7,6,1,27
GM00001098,2026-04-20,CH08,1,1,0,0,20
GM00001099,2026-04-20,CH09,3,3,0,0,5
GM00001100,2026-04-20,CH10,0,0,0,0,11
GM00001101,2026-04-21,CH01,10,8,5,2,52
GM00001102,2026-04-21,CH02,7,6,2,1,31
GM00001103,2026-04-21,CH03,7,6,0,2,43
GM00001104,2026-04-21,CH04,8,7,3,2,26
GM00001105,2026-04-21,CH05,8,7,3,3,26
GM00001106,2026-04-21,CH06,7,5,0,2,13
GM00001107,2026-04-21,CH07,2,2,1,0,31
GM00001108,2026-04-21,CH08,2,2,0,0,17
GM00001109,2026-04-21,CH09,1,1,0,0,11
GM00001110,2026-04-21,CH10,4,2,0,0,6
GM00001111,2026-04-22,CH01,10,8,3,1,50
GM00001112,2026-04-22,CH02,6,5,4,1,34
GM00001113,2026-04-22,CH03,10,8,1,3,41
GM00001114,2026-04-22,CH04,8,6,0,2,33
GM00001115,2026-04-22,CH05,5,4,3,0,39
GM00001116,2026-04-22,CH06,5,2,0,2,13
GM00001117,2026-04-22,CH07,6,5,3,2,30
GM00001118,2026-04-22,CH08,2,1,1,0,17
GM00001119,2026-04-22,CH09,5,4,2,0,3
GM00001120,2026-04-22,CH10,1,1,1,1,1
GM00001121,2026-04-23,CH01,6,5,1,2,42
GM00001122,2026-04-23,CH02,6,5,2,1,24
GM00001123,2026-04-23,CH03,11,7,2,4,40
GM00001124,2026-04-23,CH04,6,6,0,1,24
GM00001125,2026-04-23,CH05,9,5,3,2,31
GM00001126,2026-04-23,CH06,5,2,3,1,14
GM00001127,2026-04-23,CH07,4,3,3,2,31
GM00001128,2026-04-23,CH08,3,3,1,1,16
GM00001129,2026-04-23,CH09,2,2,1,1,10
GM00001130,2026-04-23,CH10,2,1,0,0,8
GM00001131,2026-04-24,CH01,4,2,1,1,51
GM00001132,2026-04-24,CH02,5,4,1,1,38
GM00001133,2026-04-24,CH03,13,10,2,1,45
GM00001134,2026-04-24,CH04,7,5,4,3,21
GM00001135,2026-04-24,CH05,6,5,2,2,40
GM00001136,2026-04-24,CH06,3,2,1,1,23
GM00001137,2026-04-24,CH07,2,2,0,1,29
GM00001138,2026-04-24,CH08,4,1,2,2,19
GM00001139,2026-04-24,CH09,3,1,1,0,14
GM00001140,2026-04-24,CH10,0,0,0,0,8
GM00001141,2026-04-25,CH01,14,12,4,6,39
GM00001142,2026-04-25,CH02,4,3,1,2,25
GM00001143,2026-04-25,CH03,9,6,2,3,45
GM00001144,2026-04-25,CH04,5,4,1,1,25
GM00001145,2026-04-25,CH05,8,7,3,2,30
GM00001146,2026-04-25,CH06,7,6,0,4,18
GM00001147,2026-04-25,CH07,8,8,4,3,37
GM00001148,2026-04-25,CH08,5,3,1,0,18
GM00001149,2026-04-25,CH09,2,1,0,1,10
GM00001150,2026-04-25,CH10,1,1,0,1,6
GM00001151,2026-04-26,CH01,14,13,7,4,43
GM00001152,2026-04-26,CH02,3,3,0,1,24
GM00001153,2026-04-26,CH03,9,4,1,2,37
GM00001154,2026-04-26,CH04,3,1,0,0,23
GM00001155,2026-04-26,CH05,6,4,1,1,40
GM00001156,2026-04-26,CH06,4,3,1,1,19
GM00001157,2026-04-26,CH07,2,2,0,0,37
GM00001158,2026-04-26,CH08,3,2,1,0,19
GM00001159,2026-04-26,CH09,3,2,0,1,9
GM00001160,2026-04-26,CH10,1,0,0,0,6
GM00001161,2026-04-27,CH01,8,6,3,4,46
GM00001162,2026-04-27,CH02,5,4,2,1,34
GM00001163,2026-04-27,CH03,7,3,1,0,51
GM00001164,2026-04-27,CH04,5,4,4,2,27
GM00001165,2026-04-27,CH05,5,5,3,0,37
GM00001166,2026-04-27,CH06,2,1,0,0,15
GM00001167,2026-04-27,CH07,5,5,2,2,33
GM00001168,2026-04-27,CH08,4,4,2,3,19
GM00001169,2026-04-27,CH09,1,0,0,0,3
GM00001170,2026-04-27,CH10,1,0,0,1,5
GM00001171,2026-04-28,CH01,7,6,2,4,44
GM00001172,2026-04-28,CH02,2,2,0,0,30
GM00001173,2026-04-28,CH03,9,6,3,5,54
GM00001174,2026-04-28,CH04,9,7,3,2,39
GM00001175,2026-04-28,CH05,9,7,3,5,37
GM00001176,2026-04-28,CH06,4,4,1,0,17
GM00001177,2026-04-28,CH07,5,5,4,1,33
GM00001178,2026-04-28,CH08,6,3,0,3,19
GM00001179,2026-04-28,CH09,2,2,0,0,7
GM00001180,2026-04-28,CH10,5,4,2,1,6
GM00001181,2026-04-29,CH01,6,5,1,0,56
GM00001182,2026-04-29,CH02,2,0,1,0,33
GM00001183,2026-04-29,CH03,7,4,3,4,46
GM00001184,2026-04-29,CH04,8,8,2,4,30
GM00001185,2026-04-29,CH05,6,5,0,0,37
GM00001186,2026-04-29,CH06,2,1,0,0,16
GM00001187,2026-04-29,CH07,5,3,4,2,31
GM00001188,2026-04-29,CH08,2,0,0,1,20
GM00001189,2026-04-29,CH09,1,0,0,0,7
GM00001190,2026-04-29,CH10,5,3,2,2,12
GM00001191,2026-04-30,CH01,5,3,2,1,50
GM00001192,2026-04-30,CH02,11,6,3,2,26
GM00001193,2026-04-30,CH03,5,2,1,0,46
GM00001194,2026-04-30,CH04,7,5,2,2,38
GM00001195,2026-04-30,CH05,6,4,2,1,43
GM00001196,2026-04-30,CH06,8,5,3,2,23
GM00001197,2026-04-30,CH07,2,2,1,1,40
GM00001198,2026-04-30,CH08,7,6,3,1,25
GM00001199,2026-04-30,CH09,3,3,0,1,9
GM00001200,2026-04-30,CH10,0,0,0,0,11
GM00001201,2026-05-01,CH01,11,7,2,4,57
GM00001202,2026-05-01,CH02,6,5,3,3,25
GM00001203,2026-05-01,CH03,8,7,1,4,44
GM00001204,2026-05-01,CH04,2,1,0,1,37
GM00001205,2026-05-01,CH05,2,1,0,1,35
GM00001206,2026-05-01,CH06,6,4,2,1,14
GM00001207,2026-05-01,CH07,1,1,1,0,39
GM00001208,2026-05-01,CH08,5,4,1,0,24
GM00001209,2026-05-01,CH09,2,0,0,1,3
GM00001210,2026-05-01,CH10,1,0,0,0,4
GM00001211,2026-05-02,CH01,12,10,2,5,53
GM00001212,2026-05-02,CH02,3,3,3,1,35
GM00001213,2026-05-02,CH03,10,8,2,2,54
GM00001214,2026-05-02,CH04,5,4,4,1,34
GM00001215,2026-05-02,CH05,5,4,2,0,39
GM00001216,2026-05-02,CH06,8,6,2,3,23
GM00001217,2026-05-02,CH07,6,4,3,2,33
GM00001218,2026-05-02,CH08,4,4,1,1,21
GM00001219,2026-05-02,CH09,2,1,0,0,7
GM00001220,2026-05-02,CH10,2,0,0,0,4
GM00001221,2026-05-03,CH01,12,10,6,2,41
GM00001222,2026-05-03,CH02,6,6,1,3,36
GM00001223,2026-05-03,CH03,6,3,0,1,46
GM00001224,2026-05-03,CH04,4,3,1,0,31
GM00001225,2026-05-03,CH05,7,7,3,0,32
GM00001226,2026-05-03,CH06,4,3,1,1,22
GM00001227,2026-05-03,CH07,8,7,4,3,34
GM00001228,2026-05-03,CH08,5,4,1,1,20
GM00001229,2026-05-03,CH09,1,1,0,0,4
GM00001230,2026-05-03,CH10,4,3,2,0,2
GM00001231,2026-05-04,CH01,8,7,4,3,61
GM00001232,2026-05-04,CH02,6,5,2,2,23
GM00001233,2026-05-04,CH03,12,8,3,3,47
GM00001234,2026-05-04,CH04,7,4,1,2,39
GM00001235,2026-05-04,CH05,6,5,4,3,41
GM00001236,2026-05-04,CH06,1,1,0,1,26
GM00001237,2026-05-04,CH07,5,4,3,2,53
GM00001238,2026-05-04,CH08,2,0,2,1,24
GM00001239,2026-05-04,CH09,3,2,1,1,8
GM00001240,2026-05-04,CH10,1,1,1,0,7
GM00001241,2026-05-05,CH01,10,7,6,8,62
GM00001242,2026-05-05,CH02,7,5,4,3,36
GM00001243,2026-05-05,CH03,10,7,2,1,50
GM00001244,2026-05-05,CH04,6,5,2,3,30
GM00001245,2026-05-05,CH05,7,6,2,2,46
GM00001246,2026-05-05,CH06,5,2,3,0,19
GM00001247,2026-05-05,CH07,4,4,2,1,31
GM00001248,2026-05-05,CH08,1,1,1,0,19
GM00001249,2026-05-05,CH09,5,2,1,0,11
GM00001250,2026-05-05,CH10,0,0,0,0,9
GM00001251,2026-05-06,CH01,7,7,1,3,56
GM00001252,2026-05-06,CH02,7,7,1,0,32
GM00001253,2026-05-06,CH03,10,6,4,2,44
GM00001254,2026-05-06,CH04,6,5,1,1,39
GM00001255,2026-05-06,CH05,4,3,0,0,45
GM00001256,2026-05-06,CH06,5,3,3,1,25
GM00001257,2026-05-06,CH07,7,6,4,1,35
GM00001258,2026-05-06,CH08,8,6,3,2,17
GM00001259,2026-05-06,CH09,2,1,0,0,10
GM00001260,2026-05-06,CH10,1,0,0,0,7
GM00001261,2026-05-07,CH01,6,6,2,1,60
GM00001262,2026-05-07,CH02,11,7,3,1,29
GM00001263,2026-05-07,CH03,3,2,0,0,50
GM00001264,2026-05-07,CH04,6,5,3,1,28
GM00001265,2026-05-07,CH05,5,4,4,1,33
GM00001266,2026-05-07,CH06,6,2,2,0,29
GM00001267,2026-05-07,CH07,5,5,1,2,30
GM00001268,2026-05-07,CH08,1,1,1,0,23
GM00001269,2026-05-07,CH09,0,0,0,0,16
GM00001270,2026-05-07,CH10,1,1,0,0,5
GM00001271,2026-05-08,CH01,10,10,1,3,55
GM00001272,2026-05-08,CH02,6,4,3,1,32
GM00001273,2026-05-08,CH03,3,1,1,0,46
GM00001274,2026-05-08,CH04,9,6,4,3,38
GM00001275,2026-05-08,CH05,4,3,1,0,45
GM00001276,2026-05-08,CH06,4,3,0,0,24
GM00001277,2026-05-08,CH07,9,9,5,2,37
GM00001278,2026-05-08,CH08,6,3,3,2,18
GM00001279,2026-05-08,CH09,0,0,0,0,12
GM00001280,2026-05-08,CH10,1,1,0,0,8
GM00001281,2026-05-09,CH01,9,8,2,5,60
GM00001282,2026-05-09,CH02,4,1,1,0,31
GM00001283,2026-05-09,CH03,10,6,1,3,65
GM00001284,2026-05-09,CH04,7,7,1,1,42
GM00001285,2026-05-09,CH05,4,3,3,0,40
GM00001286,2026-05-09,CH06,6,2,1,1,17
GM00001287,2026-05-09,CH07,3,3,2,2,44
GM00001288,2026-05-09,CH08,5,5,2,2,31
GM00001289,2026-05-09,CH09,3,1,0,2,9
GM00001290,2026-05-09,CH10,3,3,0,1,11
GM00001291,2026-05-10,CH01,10,9,3,3,56
GM00001292,2026-05-10,CH02,6,6,2,1,39
GM00001293,2026-05-10,CH03,8,5,2,2,44
GM00001294,2026-05-10,CH04,6,6,2,1,24
GM00001295,2026-05-10,CH05,6,3,4,2,34
GM00001296,2026-05-10,CH06,5,4,1,2,23
GM00001297,2026-05-10,CH07,4,4,3,0,36
GM00001298,2026-05-10,CH08,2,2,0,0,20
GM00001299,2026-05-10,CH09,3,3,0,0,11
GM00001300,2026-05-10,CH10,2,1,1,1,8
GM00001301,2026-05-11,CH01,5,3,0,1,54
GM00001302,2026-05-11,CH02,4,2,1,1,41
GM00001303,2026-05-11,CH03,4,3,0,1,46
GM00001304,2026-05-11,CH04,7,7,2,0,35
GM00001305,2026-05-11,CH05,5,3,3,1,41
GM00001306,2026-05-11,CH06,5,2,2,1,19
GM00001307,2026-05-11,CH07,7,7,5,3,42
GM00001308,2026-05-11,CH08,6,6,3,4,16
GM00001309,2026-05-11,CH09,1,1,0,0,6
GM00001310,2026-05-11,CH10,2,1,0,0,13
GM00001311,2026-05-12,CH01,9,9,2,3,54
GM00001312,2026-05-12,CH02,4,3,2,1,42
GM00001313,2026-05-12,CH03,8,5,5,3,47
GM00001314,2026-05-12,CH04,5,5,1,0,44
GM00001315,2026-05-12,CH05,6,5,4,3,43
GM00001316,2026-05-12,CH06,4,2,0,0,17
GM00001317,2026-05-12,CH07,4,4,1,2,40
GM00001318,2026-05-12,CH08,4,2,1,0,18
GM00001319,2026-05-12,CH09,3,3,1,0,5
GM00001320,2026-05-12,CH10,1,1,1,0,8
GM00001321,2026-05-13,CH01,12,10,5,4,51
GM00001322,2026-05-13,CH02,8,7,1,2,29
GM00001323,2026-05-13,CH03,6,4,1,0,51
GM00001324,2026-05-13,CH04,5,4,1,0,31
GM00001325,2026-05-13,CH05,2,2,1,1,29
GM00001326,2026-05-13,CH06,7,6,3,0,18
GM00001327,2026-05-13,CH07,5,5,3,2,33
GM00001328,2026-05-13,CH08,3,2,1,3,21
GM00001329,2026-05-13,CH09,3,2,0,1,10
GM00001330,2026-05-13,CH10,3,3,1,1,8
GM00001331,2026-05-14,CH01,7,6,1,3,60
GM00001332,2026-05-14,CH02,7,4,1,2,31
GM00001333,2026-05-14,CH03,14,9,4,4,48
GM00001334,2026-05-14,CH04,3,2,1,1,40
GM00001335,2026-05-14,CH05,9,6,2,3,37
GM00001336,2026-05-14,CH06,4,1,1,0,22
GM00001337,2026-05-14,CH07,7,6,2,3,37
GM00001338,2026-05-14,CH08,3,2,0,2,19
GM00001339,2026-05-14,CH09,1,1,0,1,5
GM00001340,2026-05-14,CH10,1,1,0,0,12
GM00001341,2026-05-15,CH01,9,8,1,2,52
GM00001342,2026-05-15,CH02,5,4,4,2,40
GM00001343,2026-05-15,CH03,6,3,2,1,41
GM00001344,2026-05-15,CH04,5,4,0,3,41
GM00001345,2026-05-15,CH05,8,6,2,0,39
GM00001346,2026-05-15,CH06,2,2,1,0,25
GM00001347,2026-05-15,CH07,4,4,2,1,48
GM00001348,2026-05-15,CH08,3,2,0,2,25
GM00001349,2026-05-15,CH09,2,1,1,0,9
GM00001350,2026-05-15,CH10,1,1,1,1,7
GM00001351,2026-05-16,CH01,11,10,5,4,57
GM00001352,2026-05-16,CH02,6,4,2,1,38
GM00001353,2026-05-16,CH03,13,7,5,3,43
GM00001354,2026-05-16,CH04,4,3,2,0,35
GM00001355,2026-05-16,CH05,8,6,2,3,34
GM00001356,2026-05-16,CH06,5,2,1,1,21
GM00001357,2026-05-16,CH07,4,4,3,0,38
GM00001358,2026-05-16,CH08,3,2,0,1,29
GM00001359,2026-05-16,CH09,0,0,0,0,14
GM00001360,2026-05-16,CH10,1,0,0,0,9
GM00001361,2026-05-17,CH01,4,2,0,2,68
GM00001362,2026-05-17,CH02,6,6,2,2,37
GM00001363,2026-05-17,CH03,7,5,1,1,51
GM00001364,2026-05-17,CH04,4,4,0,1,26
GM00001365,2026-05-17,CH05,8,5,4,3,44
GM00001366,2026-05-17,CH06,5,2,0,1,26
GM00001367,2026-05-17,CH07,7,7,3,2,34
GM00001368,2026-05-17,CH08,3,2,1,1,31
GM00001369,2026-05-17,CH09,1,0,1,0,8
GM00001370,2026-05-17,CH10,2,1,1,1,7
GM00001371,2026-05-18,CH01,11,10,6,5,55
GM00001372,2026-05-18,CH02,5,5,0,2,44
GM00001373,2026-05-18,CH03,12,12,3,2,49
GM00001374,2026-05-18,CH04,5,5,1,2,38
GM00001375,2026-05-18,CH05,8,8,3,4,43
GM00001376,2026-05-18,CH06,3,2,0,0,34
GM00001377,2026-05-18,CH07,7,7,2,2,37
GM00001378,2026-05-18,CH08,4,4,2,2,18
GM00001379,2026-05-18,CH09,2,1,0,1,7
GM00001380,2026-05-18,CH10,1,0,0,1,11
GM00001381,2026-05-19,CH01,11,10,7,4,68
GM00001382,2026-05-19,CH02,6,5,0,3,25
GM00001383,2026-05-19,CH03,6,5,1,0,49
GM00001384,2026-05-19,CH04,6,5,0,2,39
GM00001385,2026-05-19,CH05,12,10,6,3,41
GM00001386,2026-05-19,CH06,1,0,0,0,24
GM00001387,2026-05-19,CH07,5,5,3,2,27
GM00001388,2026-05-19,CH08,1,0,0,0,20
GM00001389,2026-05-19,CH09,1,1,0,0,9
GM00001390,2026-05-19,CH10,1,0,0,0,4
GM00001391,2026-05-20,CH01,5,3,3,2,65
GM00001392,2026-05-20,CH02,7,5,4,5,36
GM00001393,2026-05-20,CH03,12,7,3,3,49
GM00001394,2026-05-20,CH04,4,2,0,1,31
GM00001395,2026-05-20,CH05,11,8,4,1,38
GM00001396,2026-05-20,CH06,5,3,1,0,18
GM00001397,2026-05-20,CH07,5,3,2,4,44
GM00001398,2026-05-20,CH08,6,5,1,4,22
GM00001399,2026-05-20,CH09,3,3,1,2,7
GM00001400,2026-05-20,CH10,0,0,0,0,12
GM00001401,2026-05-21,CH01,12,10,3,5,68
GM00001402,2026-05-21,CH02,6,5,3,2,49
GM00001403,2026-05-21,CH03,15,10,0,2,49
GM00001404,2026-05-21,CH04,6,6,3,0,38
GM00001405,2026-05-21,CH05,6,5,3,3,50
GM00001406,2026-05-21,CH06,1,1,0,0,18
GM00001407,2026-05-21,CH07,4,4,0,1,37
GM00001408,2026-05-21,CH08,4,3,1,1,17
GM00001409,2026-05-21,CH09,3,2,0,1,12
GM00001410,2026-05-21,CH10,0,0,0,0,4
GM00001411,2026-05-22,CH01,6,5,2,3,62
GM00001412,2026-05-22,CH02,10,9,3,2,50
GM00001413,2026-05-22,CH03,9,4,3,3,46
GM00001414,2026-05-22,CH04,8,4,1,2,44
GM00001415,2026-05-22,CH05,4,4,0,1,46
GM00001416,2026-05-22,CH06,4,2,1,1,26
GM00001417,2026-05-22,CH07,5,5,2,3,47
GM00001418,2026-05-22,CH08,1,1,1,0,19
GM00001419,2026-05-22,CH09,4,4,0,1,8
GM00001420,2026-05-22,CH10,0,0,0,0,4
GM00001421,2026-05-23,CH01,10,10,4,3,53
GM00001422,2026-05-23,CH02,8,5,1,3,36
GM00001423,2026-05-23,CH03,7,3,2,1,68
GM00001424,2026-05-23,CH04,6,3,0,0,31
GM00001425,2026-05-23,CH05,7,6,3,3,46
GM00001426,2026-05-23,CH06,4,3,1,1,17
GM00001427,2026-05-23,CH07,8,7,6,5,40
GM00001428,2026-05-23,CH08,3,3,1,3,33
GM00001429,2026-05-23,CH09,3,2,0,2,14
GM00001430,2026-05-23,CH10,3,1,1,0,10
GM00001431,2026-05-24,CH01,10,7,4,4,78
GM00001432,2026-05-24,CH02,3,2,2,0,38
GM00001433,2026-05-24,CH03,8,8,2,3,53
GM00001434,2026-05-24,CH04,7,2,4,4,36
GM00001435,2026-05-24,CH05,6,5,1,1,54
GM00001436,2026-05-24,CH06,1,0,1,0,16
GM00001437,2026-05-24,CH07,4,4,2,2,51
GM00001438,2026-05-24,CH08,1,1,0,0,29
GM00001439,2026-05-24,CH09,2,1,0,1,12
GM00001440,2026-05-24,CH10,0,0,0,0,3
GM00001441,2026-05-25,CH01,7,7,4,5,68
GM00001442,2026-05-25,CH02,5,4,1,1,41
GM00001443,2026-05-25,CH03,9,7,1,4,53
GM00001444,2026-05-25,CH04,6,6,0,2,41
GM00001445,2026-05-25,CH05,9,7,3,3,44
GM00001446,2026-05-25,CH06,1,0,0,0,24
GM00001447,2026-05-25,CH07,6,6,2,1,55
GM00001448,2026-05-25,CH08,4,4,1,1,27
GM00001449,2026-05-25,CH09,3,2,1,1,13
GM00001450,2026-05-25,CH10,0,0,0,0,10
GM00001451,2026-05-26,CH01,16,13,6,8,60
GM00001452,2026-05-26,CH02,2,2,0,0,47
GM00001453,2026-05-26,CH03,7,6,0,2,61
GM00001454,2026-05-26,CH04,1,1,0,1,29
GM00001455,2026-05-26,CH05,7,5,1,3,42
GM00001456,2026-05-26,CH06,6,1,1,0,16
GM00001457,2026-05-26,CH07,2,2,0,0,48
GM00001458,2026-05-26,CH08,2,1,1,1,25
GM00001459,2026-05-26,CH09,2,1,1,0,13
GM00001460,2026-05-26,CH10,4,1,0,0,13
GM00001461,2026-05-27,CH01,8,6,3,1,68
GM00001462,2026-05-27,CH02,2,2,0,1,36
GM00001463,2026-05-27,CH03,5,4,1,0,44
GM00001464,2026-05-27,CH04,9,6,1,3,26
GM00001465,2026-05-27,CH05,8,5,2,2,53
GM00001466,2026-05-27,CH06,4,3,1,0,23
GM00001467,2026-05-27,CH07,9,7,3,4,47
GM00001468,2026-05-27,CH08,3,2,0,1,23
GM00001469,2026-05-27,CH09,4,2,1,1,19
GM00001470,2026-05-27,CH10,3,2,0,0,7
GM00001471,2026-05-28,CH01,7,6,1,2,78
GM00001472,2026-05-28,CH02,6,5,1,1,50
GM00001473,2026-05-28,CH03,10,4,4,1,48
GM00001474,2026-05-28,CH04,6,5,3,2,32
GM00001475,2026-05-28,CH05,5,3,2,0,49
GM00001476,2026-05-28,CH06,7,3,3,0,25
GM00001477,2026-05-28,CH07,3,3,0,2,39
GM00001478,2026-05-28,CH08,3,2,2,2,29
GM00001479,2026-05-28,CH09,4,1,2,1,8
GM00001480,2026-05-28,CH10,0,0,0,0,10
GM00001481,2026-05-29,CH01,8,8,2,2,73
GM00001482,2026-05-29,CH02,5,4,2,1,45
GM00001483,2026-05-29,CH03,9,6,3,3,62
GM00001484,2026-05-29,CH04,4,3,0,2,42
GM00001485,2026-05-29,CH05,8,7,4,1,42
GM00001486,2026-05-29,CH06,4,1,1,0,20
GM00001487,2026-05-29,CH07,7,7,4,2,41
GM00001488,2026-05-29,CH08,7,6,1,4,30
GM00001489,2026-05-29,CH09,2,1,0,0,11
GM00001490,2026-05-29,CH10,4,3,0,1,9
GM00001491,2026-05-30,CH01,5,4,2,1,71
GM00001492,2026-05-30,CH02,7,5,0,1,48
GM00001493,2026-05-30,CH03,5,2,3,2,64
GM00001494,2026-05-30,CH04,7,7,1,1,45
GM00001495,2026-05-30,CH05,3,2,2,1,63
GM00001496,2026-05-30,CH06,4,2,2,0,24
GM00001497,2026-05-30,CH07,13,10,5,4,39
GM00001498,2026-05-30,CH08,2,2,2,0,35
GM00001499,2026-05-30,CH09,2,1,0,0,15
GM00001500,2026-05-30,CH10,0,0,0,0,9
GM00001501,2026-05-31,CH01,7,5,4,4,59
GM00001502,2026-05-31,CH02,8,6,4,3,35
GM00001503,2026-05-31,CH03,9,7,1,1,59
GM00001504,2026-05-31,CH04,4,3,0,2,45
GM00001505,2026-05-31,CH05,2,2,1,1,45
GM00001506,2026-05-31,CH06,3,1,0,0,34
GM00001507,2026-05-31,CH07,5,5,3,2,51
GM00001508,2026-05-31,CH08,5,4,1,1,25
GM00001509,2026-05-31,CH09,0,0,0,0,16
GM00001510,2026-05-31,CH10,0,0,0,0,11
GM00001511,2026-06-01,CH01,6,5,1,2,57
GM00001512,2026-06-01,CH02,8,7,2,2,46
GM00001513,2026-06-01,CH03,10,5,2,2,61
GM00001514,2026-06-01,CH04,5,4,0,0,41
GM00001515,2026-06-01,CH05,5,5,1,2,48
GM00001516,2026-06-01,CH06,1,1,0,0,28
GM00001517,2026-06-01,CH07,7,6,3,2,58
GM00001518,2026-06-01,CH08,5,3,2,0,21
GM00001519,2026-06-01,CH09,2,1,0,0,15
GM00001520,2026-06-01,CH10,1,0,0,0,8
GM00001521,2026-06-02,CH01,7,6,1,2,73
GM00001522,2026-06-02,CH02,6,6,4,2,37
GM00001523,2026-06-02,CH03,6,4,1,1,51
GM00001524,2026-06-02,CH04,5,3,2,3,38
GM00001525,2026-06-02,CH05,5,3,0,1,52
GM00001526,2026-06-02,CH06,2,1,1,0,28
GM00001527,2026-06-02,CH07,2,2,1,1,60
GM00001528,2026-06-02,CH08,1,1,1,1,25
GM00001529,2026-06-02,CH09,1,1,0,0,7
GM00001530,2026-06-02,CH10,1,1,1,0,7
GM00001531,2026-06-03,CH01,13,11,5,4,54
GM00001532,2026-06-03,CH02,8,4,4,2,47
GM00001533,2026-06-03,CH03,7,5,1,0,52
GM00001534,2026-06-03,CH04,4,3,2,1,33
GM00001535,2026-06-03,CH05,3,1,1,2,58
GM00001536,2026-06-03,CH06,2,2,0,0,30
GM00001537,2026-06-03,CH07,5,5,2,0,51
GM00001538,2026-06-03,CH08,5,5,3,3,34
GM00001539,2026-06-03,CH09,0,0,0,0,9
GM00001540,2026-06-03,CH10,0,0,0,0,10
GM00001541,2026-06-04,CH01,6,5,2,4,65
GM00001542,2026-06-04,CH02,3,1,0,1,45
GM00001543,2026-06-04,CH03,6,4,2,2,62
GM00001544,2026-06-04,CH04,6,4,2,2,48
GM00001545,2026-06-04,CH05,3,1,1,1,61
GM00001546,2026-06-04,CH06,2,2,1,1,17
GM00001547,2026-06-04,CH07,4,4,1,1,48
GM00001548,2026-06-04,CH08,1,1,0,0,25
GM00001549,2026-06-04,CH09,3,2,2,0,10
GM00001550,2026-06-04,CH10,0,0,0,0,7
GM00001551,2026-06-05,CH01,12,11,7,6,56
GM00001552,2026-06-05,CH02,2,2,0,0,49
GM00001553,2026-06-05,CH03,6,4,2,1,57
GM00001554,2026-06-05,CH04,4,3,3,0,48
GM00001555,2026-06-05,CH05,5,5,3,2,45
GM00001556,2026-06-05,CH06,6,4,2,2,22
GM00001557,2026-06-05,CH07,1,1,0,1,39
GM00001558,2026-06-05,CH08,5,4,3,1,35
GM00001559,2026-06-05,CH09,2,1,1,0,7
GM00001560,2026-06-05,CH10,3,3,0,0,11
GM00001561,2026-06-06,CH01,9,8,3,4,63
GM00001562,2026-06-06,CH02,5,3,0,2,40
GM00001563,2026-06-06,CH03,9,7,2,1,57
GM00001564,2026-06-06,CH04,7,3,2,2,54
GM00001565,2026-06-06,CH05,8,8,4,3,47
GM00001566,2026-06-06,CH06,3,1,0,0,28
GM00001567,2026-06-06,CH07,5,3,3,1,62
GM00001568,2026-06-06,CH08,4,4,1,2,31
GM00001569,2026-06-06,CH09,0,0,0,0,10
GM00001570,2026-06-06,CH10,1,0,0,0,9
GM00001571,2026-06-07,CH01,11,8,3,6,62
GM00001572,2026-06-07,CH02,7,6,1,2,42
GM00001573,2026-06-07,CH03,10,6,2,1,66
GM00001574,2026-06-07,CH04,4,3,1,1,34
GM00001575,2026-06-07,CH05,1,1,0,0,50
GM00001576,2026-06-07,CH06,3,3,0,1,21
GM00001577,2026-06-07,CH07,9,9,3,1,57
GM00001578,2026-06-07,CH08,4,3,2,1,37
GM00001579,2026-06-07,CH09,3,1,1,0,13
GM00001580,2026-06-07,CH10,0,0,0,0,7
GM00001581,2026-06-08,CH01,9,7,3,4,75
GM00001582,2026-06-08,CH02,7,5,3,5,48
GM00001583,2026-06-08,CH03,6,3,0,1,62
GM00001584,2026-06-08,CH04,5,4,2,2,43
GM00001585,2026-06-08,CH05,4,3,1,0,46
GM00001586,2026-06-08,CH06,6,6,0,1,28
GM00001587,2026-06-08,CH07,5,4,3,4,49
GM00001588,2026-06-08,CH08,6,5,3,3,35
GM00001589,2026-06-08,CH09,1,0,1,1,9
GM00001590,2026-06-08,CH10,2,1,0,1,5
GM00001591,2026-06-09,CH01,3,1,2,1,70
GM00001592,2026-06-09,CH02,5,5,0,1,46
GM00001593,2026-06-09,CH03,6,4,0,1,63
GM00001594,2026-06-09,CH04,7,7,1,2,46
GM00001595,2026-06-09,CH05,3,3,2,1,42
GM00001596,2026-06-09,CH06,3,2,0,0,27
GM00001597,2026-06-09,CH07,5,4,2,3,44
GM00001598,2026-06-09,CH08,5,3,2,1,29
GM00001599,2026-06-09,CH09,2,1,1,0,12
GM00001600,2026-06-09,CH10,0,0,0,0,8
GM00001601,2026-06-10,CH01,13,12,5,2,66
GM00001602,2026-06-10,CH02,6,4,2,2,40
GM00001603,2026-06-10,CH03,6,5,0,0,61
GM00001604,2026-06-10,CH04,3,1,1,0,43
GM00001605,2026-06-10,CH05,7,5,5,2,50
GM00001606,2026-06-10,CH06,5,2,1,2,34
GM00001607,2026-06-10,CH07,8,6,4,3,57
GM00001608,2026-06-10,CH08,4,4,1,3,27
GM00001609,2026-06-10,CH09,2,2,0,1,15
GM00001610,2026-06-10,CH10,1,1,1,0,12
GM00001611,2026-06-11,CH01,5,2,4,1,89
GM00001612,2026-06-11,CH02,4,4,2,3,44
GM00001613,2026-06-11,CH03,8,5,2,2,54
GM00001614,2026-06-11,CH04,6,1,0,1,37
GM00001615,2026-06-11,CH05,8,4,7,1,47
GM00001616,2026-06-11,CH06,7,6,1,3,24
GM00001617,2026-06-11,CH07,6,5,2,3,57
GM00001618,2026-06-11,CH08,6,5,1,2,31
GM00001619,2026-06-11,CH09,2,2,0,0,13
GM00001620,2026-06-11,CH10,2,2,0,0,5
GM00001621,2026-06-12,CH01,8,5,4,3,82
GM00001622,2026-06-12,CH02,5,4,3,4,48
GM00001623,2026-06-12,CH03,8,4,1,2,61
GM00001624,2026-06-12,CH04,6,3,2,4,43
GM00001625,2026-06-12,CH05,5,4,1,0,57
GM00001626,2026-06-12,CH06,1,1,1,0,30
GM00001627,2026-06-12,CH07,6,6,5,1,52
GM00001628,2026-06-12,CH08,4,4,2,2,34
GM00001629,2026-06-12,CH09,0,0,0,0,13
GM00001630,2026-06-12,CH10,4,3,3,1,10
GM00001631,2026-06-13,CH01,14,10,4,6,68
GM00001632,2026-06-13,CH02,8,6,3,3,62
GM00001633,2026-06-13,CH03,14,9,3,1,48
GM00001634,2026-06-13,CH04,2,0,1,0,47
GM00001635,2026-06-13,CH05,7,6,4,2,52
GM00001636,2026-06-13,CH06,4,0,0,0,27
GM00001637,2026-06-13,CH07,6,6,5,2,67
GM00001638,2026-06-13,CH08,2,2,2,1,28
GM00001639,2026-06-13,CH09,3,1,0,1,10
GM00001640,2026-06-13,CH10,1,1,0,0,10
GM00001641,2026-06-14,CH01,8,7,4,3,86
GM00001642,2026-06-14,CH02,10,10,7,4,41
GM00001643,2026-06-14,CH03,3,3,1,1,52
GM00001644,2026-06-14,CH04,12,10,4,0,47
GM00001645,2026-06-14,CH05,2,2,0,1,56
GM00001646,2026-06-14,CH06,4,2,2,1,26
GM00001647,2026-06-14,CH07,9,8,4,4,54
GM00001648,2026-06-14,CH08,3,3,0,3,28
GM00001649,2026-06-14,CH09,1,1,0,1,10
GM00001650,2026-06-14,CH10,3,0,0,0,7
GM00001651,2026-06-15,CH01,8,8,2,3,93
GM00001652,2026-06-15,CH02,6,6,2,3,62
GM00001653,2026-06-15,CH03,7,6,3,4,73
GM00001654,2026-06-15,CH04,8,5,1,1,52
GM00001655,2026-06-15,CH05,9,8,4,4,59
GM00001656,2026-06-15,CH06,1,0,0,0,23
GM00001657,2026-06-15,CH07,8,8,4,2,55
GM00001658,2026-06-15,CH08,2,2,0,0,38
GM00001659,2026-06-15,CH09,4,2,2,2,16
GM00001660,2026-06-15,CH10,2,2,0,1,12
GM00001661,2026-06-16,CH01,6,6,3,3,88
GM00001662,2026-06-16,CH02,2,1,0,0,46
GM00001663,2026-06-16,CH03,9,6,0,3,83
GM00001664,2026-06-16,CH04,6,5,1,0,36
GM00001665,2026-06-16,CH05,6,4,3,3,48
GM00001666,2026-06-16,CH06,5,3,1,0,40
GM00001667,2026-06-16,CH07,7,4,1,1,56
GM00001668,2026-06-16,CH08,3,3,0,1,40
GM00001669,2026-06-16,CH09,1,1,0,0,14
GM00001670,2026-06-16,CH10,3,1,1,1,14
GM00001671,2026-06-17,CH01,7,4,2,3,78
GM00001672,2026-06-17,CH02,1,1,0,0,48
GM00001673,2026-06-17,CH03,6,5,2,0,76
GM00001674,2026-06-17,CH04,10,6,6,3,43
GM00001675,2026-06-17,CH05,7,4,0,0,57
GM00001676,2026-06-17,CH06,3,3,1,1,27
GM00001677,2026-06-17,CH07,9,9,3,5,36
GM00001678,2026-06-17,CH08,8,8,0,4,39
GM00001679,2026-06-17,CH09,2,2,1,0,16
GM00001680,2026-06-17,CH10,1,0,1,1,10
GM00001681,2026-06-18,CH01,4,3,1,1,79
GM00001682,2026-06-18,CH02,7,4,4,5,49
GM00001683,2026-06-18,CH03,9,5,1,2,72
GM00001684,2026-06-18,CH04,5,4,1,0,45
GM00001685,2026-06-18,CH05,3,2,0,2,60
GM00001686,2026-06-18,CH06,1,0,1,0,31
GM00001687,2026-06-18,CH07,7,6,1,4,56
GM00001688,2026-06-18,CH08,2,2,0,2,38
GM00001689,2026-06-18,CH09,4,2,0,0,16
GM00001690,2026-06-18,CH10,1,1,1,0,14
GM00001691,2026-06-19,CH01,3,3,1,0,77
GM00001692,2026-06-19,CH02,5,5,2,3,52
GM00001693,2026-06-19,CH03,6,5,3,3,51
GM00001694,2026-06-19,CH04,8,5,1,2,51
GM00001695,2026-06-19,CH05,5,4,3,2,62
GM00001696,2026-06-19,CH06,3,0,0,0,41
GM00001697,2026-06-19,CH07,6,4,5,0,48
GM00001698,2026-06-19,CH08,2,2,1,1,30
GM00001699,2026-06-19,CH09,3,3,0,0,5
GM00001700,2026-06-19,CH10,0,0,0,0,16
GM00001701,2026-06-20,CH01,7,6,2,3,78
GM00001702,2026-06-20,CH02,4,3,2,0,51
GM00001703,2026-06-20,CH03,12,8,5,1,72
GM00001704,2026-06-20,CH04,7,7,1,3,43
GM00001705,2026-06-20,CH05,5,3,2,3,57
GM00001706,2026-06-20,CH06,8,5,1,2,23
GM00001707,2026-06-20,CH07,3,3,2,1,58
GM00001708,2026-06-20,CH08,4,4,0,1,33
GM00001709,2026-06-20,CH09,1,1,0,0,15
GM00001710,2026-06-20,CH10,2,2,0,0,6
GM00001711,2026-06-21,CH01,5,4,2,1,78
GM00001712,2026-06-21,CH02,7,6,2,2,44
GM00001713,2026-06-21,CH03,14,10,3,3,75
GM00001714,2026-06-21,CH04,3,2,3,1,42
GM00001715,2026-06-21,CH05,7,4,3,1,55
GM00001716,2026-06-21,CH06,7,1,3,0,32
GM00001717,2026-06-21,CH07,4,3,1,2,54
GM00001718,2026-06-21,CH08,3,3,0,1,40
GM00001719,2026-06-21,CH09,3,1,0,0,18
GM00001720,2026-06-21,CH10,1,0,0,0,9
GM00001721,2026-06-22,CH01,9,8,0,4,77
GM00001722,2026-06-22,CH02,8,6,3,3,52
GM00001723,2026-06-22,CH03,9,5,1,4,80
GM00001724,2026-06-22,CH04,3,2,0,1,55
GM00001725,2026-06-22,CH05,6,5,3,2,54
GM00001726,2026-06-22,CH06,6,3,3,0,35
GM00001727,2026-06-22,CH07,6,6,3,3,55
GM00001728,2026-06-22,CH08,0,0,0,0,28
GM00001729,2026-06-22,CH09,5,3,1,1,18
GM00001730,2026-06-22,CH10,0,0,0,0,10
GM00001731,2026-06-23,CH01,4,3,3,2,72
GM00001732,2026-06-23,CH02,6,4,2,3,50
GM00001733,2026-06-23,CH03,9,5,3,1,71
GM00001734,2026-06-23,CH04,2,1,0,0,49
GM00001735,2026-06-23,CH05,9,9,3,2,54
GM00001736,2026-06-23,CH06,9,5,2,1,35
GM00001737,2026-06-23,CH07,7,7,2,3,62
GM00001738,2026-06-23,CH08,2,1,1,1,35
GM00001739,2026-06-23,CH09,4,2,2,1,12
GM00001740,2026-06-23,CH10,1,1,0,0,12
GM00001741,2026-06-24,CH01,5,5,2,0,80
GM00001742,2026-06-24,CH02,8,4,2,4,45
GM00001743,2026-06-24,CH03,8,8,2,1,68
GM00001744,2026-06-24,CH04,6,4,1,0,54
GM00001745,2026-06-24,CH05,7,6,2,2,73
GM00001746,2026-06-24,CH06,6,1,0,1,22
GM00001747,2026-06-24,CH07,9,8,4,3,58
GM00001748,2026-06-24,CH08,3,3,0,2,43
GM00001749,2026-06-24,CH09,1,0,0,0,13
GM00001750,2026-06-24,CH10,0,0,0,0,13
GM00001751,2026-06-25,CH01,10,9,5,7,85
GM00001752,2026-06-25,CH02,4,3,3,1,53
GM00001753,2026-06-25,CH03,7,5,3,0,83
GM00001754,2026-06-25,CH04,8,8,2,2,51
GM00001755,2026-06-25,CH05,8,7,2,1,69
GM00001756,2026-06-25,CH06,6,4,0,1,32
GM00001757,2026-06-25,CH07,6,5,2,2,61
GM00001758,2026-06-25,CH08,3,2,1,1,37
GM00001759,2026-06-25,CH09,4,3,1,1,23
GM00001760,2026-06-25,CH10,0,0,0,0,9
GM00001761,2026-06-26,CH01,7,5,3,1,82
GM00001762,2026-06-26,CH02,4,2,1,2,59
GM00001763,2026-06-26,CH03,6,3,3,2,81
GM00001764,2026-06-26,CH04,6,5,2,1,53
GM00001765,2026-06-26,CH05,5,5,3,1,54
GM00001766,2026-06-26,CH06,7,4,1,1,30
GM00001767,2026-06-26,CH07,7,6,1,1,81
GM00001768,2026-06-26,CH08,8,5,7,3,32
GM00001769,2026-06-26,CH09,1,0,0,1,13
GM00001770,2026-06-26,CH10,1,0,0,0,9
GM00001771,2026-06-27,CH01,7,7,5,1,87
GM00001772,2026-06-27,CH02,7,6,2,3,62
GM00001773,2026-06-27,CH03,5,4,2,0,78
GM00001774,2026-06-27,CH04,6,3,4,3,51
GM00001775,2026-06-27,CH05,6,5,3,1,63
GM00001776,2026-06-27,CH06,4,3,2,3,33
GM00001777,2026-06-27,CH07,6,6,2,1,60
GM00001778,2026-06-27,CH08,3,3,1,1,35
GM00001779,2026-06-27,CH09,1,1,0,0,21
GM00001780,2026-06-27,CH10,4,4,1,1,13
GM00001781,2026-06-28,CH01,9,9,3,5,101
GM00001782,2026-06-28,CH02,2,2,0,0,44
GM00001783,2026-06-28,CH03,10,8,1,3,67
GM00001784,2026-06-28,CH04,4,2,1,3,44
GM00001785,2026-06-28,CH05,6,6,4,1,43
GM00001786,2026-06-28,CH06,3,2,1,0,35
GM00001787,2026-06-28,CH07,12,10,2,5,63
GM00001788,2026-06-28,CH08,4,3,1,2,39
GM00001789,2026-06-28,CH09,1,0,0,0,18
GM00001790,2026-06-28,CH10,0,0,0,0,15
GM00001791,2026-06-29,CH01,9,7,4,2,82
GM00001792,2026-06-29,CH02,3,3,2,1,45
GM00001793,2026-06-29,CH03,8,7,2,4,77
GM00001794,2026-06-29,CH04,2,2,0,0,64
GM00001795,2026-06-29,CH05,3,1,1,2,67
GM00001796,2026-06-29,CH06,1,1,1,0,34
GM00001797,2026-06-29,CH07,4,3,2,2,66
GM00001798,2026-06-29,CH08,1,1,1,0,31
GM00001799,2026-06-29,CH09,3,2,1,2,17
GM00001800,2026-06-29,CH10,0,0,0,0,4
GM00001801,2026-06-30,CH01,9,7,4,2,83
GM00001802,2026-06-30,CH02,4,2,2,1,57
GM00001803,2026-06-30,CH03,9,8,3,3,74
GM00001804,2026-06-30,CH04,5,3,1,2,55
GM00001805,2026-06-30,CH05,7,4,2,3,58
GM00001806,2026-06-30,CH06,2,2,0,0,33
GM00001807,2026-06-30,CH07,6,5,5,2,67
GM00001808,2026-06-30,CH08,2,2,1,0,33
GM00001809,2026-06-30,CH09,3,2,2,0,16
GM00001810,2026-06-30,CH10,2,1,0,0,11
GM00001811,2026-07-01,CH01,4,2,3,1,85
GM00001812,2026-07-01,CH02,3,3,2,2,49
GM00001813,2026-07-01,CH03,8,6,3,3,91
GM00001814,2026-07-01,CH04,4,2,2,2,56
GM00001815,2026-07-01,CH05,8,7,3,1,63
GM00001816,2026-07-01,CH06,3,2,0,1,33
GM00001817,2026-07-01,CH07,4,3,3,2,73
GM00001818,2026-07-01,CH08,6,4,2,3,33
GM00001819,2026-07-01,CH09,2,1,1,1,21
GM00001820,2026-07-01,CH10,1,0,0,0,14
GM00001821,2026-07-02,CH01,10,6,3,5,85
GM00001822,2026-07-02,CH02,6,3,1,1,56
GM00001823,2026-07-02,CH03,9,5,1,3,85
GM00001824,2026-07-02,CH04,2,1,1,0,51
GM00001825,2026-07-02,CH05,6,5,2,1,64
GM00001826,2026-07-02,CH06,7,6,2,3,26
GM00001827,2026-07-02,CH07,4,4,1,2,53
GM00001828,2026-07-02,CH08,2,1,1,1,39
GM00001829,2026-07-02,CH09,2,1,0,0,16
GM00001830,2026-07-02,CH10,1,0,0,0,15
GM00001831,2026-07-03,CH01,6,3,2,2,79
GM00001832,2026-07-03,CH02,8,5,4,4,75
GM00001833,2026-07-03,CH03,4,4,2,0,82
GM00001834,2026-07-03,CH04,7,5,2,0,53
GM00001835,2026-07-03,CH05,10,8,3,6,56
GM00001836,2026-07-03,CH06,4,2,2,0,27
GM00001837,2026-07-03,CH07,9,9,4,3,63
GM00001838,2026-07-03,CH08,5,2,2,2,39
GM00001839,2026-07-03,CH09,0,0,0,0,10
GM00001840,2026-07-03,CH10,3,1,0,0,11
GM00001841,2026-07-04,CH01,9,8,5,3,80
GM00001842,2026-07-04,CH02,3,0,0,1,60
GM00001843,2026-07-04,CH03,13,10,5,1,81
GM00001844,2026-07-04,CH04,3,3,0,1,61
GM00001845,2026-07-04,CH05,5,5,2,1,55
GM00001846,2026-07-04,CH06,4,3,0,2,36
GM00001847,2026-07-04,CH07,3,3,1,1,54
GM00001848,2026-07-04,CH08,4,1,2,2,39
GM00001849,2026-07-04,CH09,2,2,0,1,19
GM00001850,2026-07-04,CH10,1,1,1,0,12
GM00001851,2026-07-05,CH01,11,10,4,4,90
GM00001852,2026-07-05,CH02,8,5,2,0,69
GM00001853,2026-07-05,CH03,9,4,2,3,89
GM00001854,2026-07-05,CH04,8,7,2,4,57
GM00001855,2026-07-05,CH05,5,4,0,3,76
GM00001856,2026-07-05,CH06,7,3,2,2,42
GM00001857,2026-07-05,CH07,4,3,2,0,70
GM00001858,2026-07-05,CH08,1,1,1,0,43
GM00001859,2026-07-05,CH09,0,0,0,0,17
GM00001860,2026-07-05,CH10,0,0,0,0,8
GM00001861,2026-07-06,CH01,6,5,3,3,88
GM00001862,2026-07-06,CH02,7,6,3,2,61
GM00001863,2026-07-06,CH03,6,4,1,0,80
GM00001864,2026-07-06,CH04,9,7,3,3,48
GM00001865,2026-07-06,CH05,7,7,4,3,55
GM00001866,2026-07-06,CH06,3,2,0,0,25
GM00001867,2026-07-06,CH07,4,4,1,2,59
GM00001868,2026-07-06,CH08,2,1,1,1,41
GM00001869,2026-07-06,CH09,4,1,0,1,21
GM00001870,2026-07-06,CH10,2,1,1,0,11
GM00001871,2026-07-07,CH01,4,2,1,1,93
GM00001872,2026-07-07,CH02,4,3,2,1,62
GM00001873,2026-07-07,CH03,5,3,2,2,73
GM00001874,2026-07-07,CH04,5,2,0,0,63
GM00001875,2026-07-07,CH05,6,5,3,3,80
GM00001876,2026-07-07,CH06,5,1,2,1,43
GM00001877,2026-07-07,CH07,6,4,4,1,69
GM00001878,2026-07-07,CH08,4,3,2,0,33
GM00001879,2026-07-07,CH09,3,3,1,1,15
GM00001880,2026-07-07,CH10,1,0,0,0,12
GM00001881,2026-07-08,CH01,6,5,2,2,89
GM00001882,2026-07-08,CH02,5,5,1,0,57
GM00001883,2026-07-08,CH03,6,3,0,1,100
GM00001884,2026-07-08,CH04,2,0,0,2,52
GM00001885,2026-07-08,CH05,4,4,0,2,65
GM00001886,2026-07-08,CH06,4,4,0,1,44
GM00001887,2026-07-08,CH07,6,4,3,3,79
GM00001888,2026-07-08,CH08,5,3,1,2,44
GM00001889,2026-07-08,CH09,4,3,2,0,16
GM00001890,2026-07-08,CH10,0,0,0,0,10
GM00001891,2026-07-09,CH01,7,5,3,1,96
GM00001892,2026-07-09,CH02,1,1,0,0,64
GM00001893,2026-07-09,CH03,10,8,2,1,77
GM00001894,2026-07-09,CH04,8,7,3,2,63
GM00001895,2026-07-09,CH05,3,3,1,1,54
GM00001896,2026-07-09,CH06,1,1,1,0,41
GM00001897,2026-07-09,CH07,4,4,1,2,62
GM00001898,2026-07-09,CH08,3,3,2,1,39
GM00001899,2026-07-09,CH09,2,1,0,1,17
GM00001900,2026-07-09,CH10,0,0,0,0,10
GM00001901,2026-07-10,CH01,18,13,6,5,104
GM00001902,2026-07-10,CH02,9,9,2,0,41
GM00001903,2026-07-10,CH03,9,4,0,3,71
GM00001904,2026-07-10,CH04,5,5,0,1,53
GM00001905,2026-07-10,CH05,1,0,0,0,57
GM00001906,2026-07-10,CH06,6,4,1,1,38
GM00001907,2026-07-10,CH07,6,6,3,2,54
GM00001908,2026-07-10,CH08,3,2,2,1,36
GM00001909,2026-07-10,CH09,4,3,0,1,16
GM00001910,2026-07-10,CH10,3,2,0,0,16
GM00001911,2026-07-11,CH01,7,4,2,2,88
GM00001912,2026-07-11,CH02,6,4,0,2,62
GM00001913,2026-07-11,CH03,6,5,2,0,83
GM00001914,2026-07-11,CH04,7,7,6,0,53
GM00001915,2026-07-11,CH05,10,4,3,5,75
GM00001916,2026-07-11,CH06,4,1,0,0,28
GM00001917,2026-07-11,CH07,7,7,2,1,72
GM00001918,2026-07-11,CH08,3,2,0,1,48
GM00001919,2026-07-11,CH09,4,3,0,2,18
GM00001920,2026-07-11,CH10,4,3,1,0,15
GM00001921,2026-07-12,CH01,15,14,8,4,97
GM00001922,2026-07-12,CH02,3,2,1,0,56
GM00001923,2026-07-12,CH03,13,10,1,3,90
GM00001924,2026-07-12,CH04,8,6,4,1,56
GM00001925,2026-07-12,CH05,6,5,2,2,68
GM00001926,2026-07-12,CH06,6,3,1,0,36
GM00001927,2026-07-12,CH07,5,5,3,2,70
GM00001928,2026-07-12,CH08,4,4,2,1,42
GM00001929,2026-07-12,CH09,3,1,1,0,20
GM00001930,2026-07-12,CH10,4,1,1,1,12
GM00001931,2026-07-13,CH01,6,6,2,3,129
GM00001932,2026-07-13,CH02,6,6,1,1,68
GM00001933,2026-07-13,CH03,20,15,5,6,93
GM00001934,2026-07-13,CH04,3,2,0,1,54
GM00001935,2026-07-13,CH05,8,6,2,4,76
GM00001936,2026-07-13,CH06,4,3,0,0,47
GM00001937,2026-07-13,CH07,4,3,1,1,63
GM00001938,2026-07-13,CH08,5,5,4,0,48
GM00001939,2026-07-13,CH09,2,2,2,1,23
GM00001940,2026-07-13,CH10,0,0,0,0,15
GM00001941,2026-07-14,CH01,5,4,1,2,108
GM00001942,2026-07-14,CH02,3,3,0,1,56
GM00001943,2026-07-14,CH03,9,8,2,2,85
GM00001944,2026-07-14,CH04,5,3,2,3,54
GM00001945,2026-07-14,CH05,9,7,0,2,75
GM00001946,2026-07-14,CH06,4,1,2,0,44
GM00001947,2026-07-14,CH07,8,8,1,2,60
GM00001948,2026-07-14,CH08,7,6,1,3,41
GM00001949,2026-07-14,CH09,2,1,1,0,22
GM00001950,2026-07-14,CH10,2,1,1,0,15
GM00001951,2026-07-15,CH01,8,7,3,2,99
GM00001952,2026-07-15,CH02,7,6,0,1,55
GM00001953,2026-07-15,CH03,10,7,2,0,97
GM00001954,2026-07-15,CH04,3,2,1,1,59
GM00001955,2026-07-15,CH05,8,5,1,2,79
GM00001956,2026-07-15,CH06,2,2,1,1,39
GM00001957,2026-07-15,CH07,6,6,1,3,76
GM00001958,2026-07-15,CH08,1,1,1,0,40
GM00001959,2026-07-15,CH09,1,0,1,1,15
GM00001960,2026-07-15,CH10,0,0,0,0,16
GM00001961,2026-07-16,CH01,5,5,2,3,109
GM00001962,2026-07-16,CH02,7,5,3,2,60
GM00001963,2026-07-16,CH03,7,3,1,0,78
GM00001964,2026-07-16,CH04,10,7,1,2,64
GM00001965,2026-07-16,CH05,5,5,1,1,75
GM00001966,2026-07-16,CH06,2,1,1,0,40
GM00001967,2026-07-16,CH07,4,3,2,3,63
GM00001968,2026-07-16,CH08,4,4,3,1,45
GM00001969,2026-07-16,CH09,0,0,0,0,27
GM00001970,2026-07-16,CH10,2,1,0,0,10
GM00001971,2026-07-17,CH01,9,8,2,4,97
GM00001972,2026-07-17,CH02,6,5,2,3,67
GM00001973,2026-07-17,CH03,3,3,1,1,86
GM00001974,2026-07-17,CH04,8,5,0,1,78
GM00001975,2026-07-17,CH05,3,3,0,1,78
GM00001976,2026-07-17,CH06,6,1,2,2,40
GM00001977,2026-07-17,CH07,5,5,3,2,75
GM00001978,2026-07-17,CH08,2,1,2,1,44
GM00001979,2026-07-17,CH09,0,0,0,0,16
GM00001980,2026-07-17,CH10,3,2,0,0,15
GM00001981,2026-07-18,CH01,8,6,5,2,98
GM00001982,2026-07-18,CH02,10,8,2,3,65
GM00001983,2026-07-18,CH03,11,7,2,3,95
GM00001984,2026-07-18,CH04,3,2,0,1,65
GM00001985,2026-07-18,CH05,5,5,2,2,59
GM00001986,2026-07-18,CH06,4,0,2,0,41
GM00001987,2026-07-18,CH07,5,5,4,2,83
GM00001988,2026-07-18,CH08,5,4,3,2,50
GM00001989,2026-07-18,CH09,0,0,0,0,21
GM00001990,2026-07-18,CH10,2,2,0,0,16
GM00001991,2026-07-19,CH01,12,11,5,6,105
GM00001992,2026-07-19,CH02,4,4,1,2,75
GM00001993,2026-07-19,CH03,7,6,0,2,87
GM00001994,2026-07-19,CH04,5,5,1,1,79
GM00001995,2026-07-19,CH05,5,4,3,2,71
GM00001996,2026-07-19,CH06,3,3,1,0,38
GM00001997,2026-07-19,CH07,5,4,1,3,76
GM00001998,2026-07-19,CH08,1,1,0,0,46
GM00001999,2026-07-19,CH09,5,3,2,2,18
GM00002000,2026-07-19,CH10,2,2,0,0,16
GM00002001,2026-07-20,CH01,5,5,2,2,84
GM00002002,2026-07-20,CH02,6,3,4,4,60
GM00002003,2026-07-20,CH03,13,10,3,5,100
GM00002004,2026-07-20,CH04,5,5,3,0,65
GM00002005,2026-07-20,CH05,9,6,1,1,77
GM00002006,2026-07-20,CH06,5,4,2,1,36
GM00002007,2026-07-20,CH07,3,2,2,1,73
GM00002008,2026-07-20,CH08,2,2,1,0,32
GM00002009,2026-07-20,CH09,3,2,0,1,33
GM00002010,2026-07-20,CH10,1,0,0,0,8
GM00002011,2026-07-21,CH01,7,5,2,2,122
GM00002012,2026-07-21,CH02,8,5,3,2,80
GM00002013,2026-07-21,CH03,7,4,2,1,113
GM00002014,2026-07-21,CH04,3,2,1,1,64
GM00002015,2026-07-21,CH05,8,8,0,2,89
GM00002016,2026-07-21,CH06,4,1,2,1,41
GM00002017,2026-07-21,CH07,9,8,3,3,73
GM00002018,2026-07-21,CH08,7,7,3,2,53
GM00002019,2026-07-21,CH09,2,1,0,0,26
GM00002020,2026-07-21,CH10,1,0,0,0,13
GM00002021,2026-07-22,CH01,7,6,3,2,102
GM00002022,2026-07-22,CH02,3,3,0,0,66
GM00002023,2026-07-22,CH03,4,2,1,1,105
GM00002024,2026-07-22,CH04,6,6,0,2,67
GM00002025,2026-07-22,CH05,3,2,0,2,78
GM00002026,2026-07-22,CH06,6,4,2,3,40
GM00002027,2026-07-22,CH07,4,4,1,2,86
GM00002028,2026-07-22,CH08,3,2,1,1,44
GM00002029,2026-07-22,CH09,4,1,1,1,24
GM00002030,2026-07-22,CH10,0,0,0,0,12
GM00002031,2026-07-23,CH01,6,5,3,3,106
GM00002032,2026-07-23,CH02,7,5,4,3,67
GM00002033,2026-07-23,CH03,5,4,0,0,109
GM00002034,2026-07-23,CH04,5,3,5,2,57
GM00002035,2026-07-23,CH05,12,8,6,3,79
GM00002036,2026-07-23,CH06,6,6,1,1,44
GM00002037,2026-07-23,CH07,5,5,3,1,80
GM00002038,2026-07-23,CH08,3,3,2,2,42
GM00002039,2026-07-23,CH09,2,1,0,0,26
GM00002040,2026-07-23,CH10,1,1,0,0,22
GM00002041,2026-07-24,CH01,5,4,3,1,124
GM00002042,2026-07-24,CH02,5,3,1,2,80
GM00002043,2026-07-24,CH03,7,4,2,1,106
GM00002044,2026-07-24,CH04,3,3,0,0,68
GM00002045,2026-07-24,CH05,6,5,1,2,77
GM00002046,2026-07-24,CH06,5,4,1,1,51
GM00002047,2026-07-24,CH07,9,9,4,3,95
GM00002048,2026-07-24,CH08,5,3,3,1,50
GM00002049,2026-07-24,CH09,3,0,0,1,25
GM00002050,2026-07-24,CH10,1,0,0,0,19
GM00002051,2026-07-25,CH01,7,7,3,3,113
GM00002052,2026-07-25,CH02,6,5,3,3,75
GM00002053,2026-07-25,CH03,6,4,0,2,88
GM00002054,2026-07-25,CH04,1,1,0,1,68
GM00002055,2026-07-25,CH05,7,7,2,2,97
GM00002056,2026-07-25,CH06,4,2,1,0,40
GM00002057,2026-07-25,CH07,4,4,0,1,79
GM00002058,2026-07-25,CH08,2,2,0,0,48
GM00002059,2026-07-25,CH09,2,2,0,0,34
GM00002060,2026-07-25,CH10,0,0,0,0,11
GM00002061,2026-07-26,CH01,5,3,3,4,113
GM00002062,2026-07-26,CH02,6,4,5,2,73
GM00002063,2026-07-26,CH03,4,2,1,1,111
GM00002064,2026-07-26,CH04,9,6,4,4,71
GM00002065,2026-07-26,CH05,7,5,4,3,78
GM00002066,2026-07-26,CH06,5,5,3,2,52
GM00002067,2026-07-26,CH07,6,5,3,2,96
GM00002068,2026-07-26,CH08,6,6,4,2,51
GM00002069,2026-07-26,CH09,0,0,0,0,17
GM00002070,2026-07-26,CH10,1,1,0,0,10
GM00002071,2026-07-27,CH01,10,7,4,2,97
GM00002072,2026-07-27,CH02,7,5,2,0,78
GM00002073,2026-07-27,CH03,10,8,1,6,92
GM00002074,2026-07-27,CH04,7,5,1,1,67
GM00002075,2026-07-27,CH05,6,5,2,2,96
GM00002076,2026-07-27,CH06,6,5,0,1,48
GM00002077,2026-07-27,CH07,4,4,3,3,90
GM00002078,2026-07-27,CH08,2,1,1,1,59
GM00002079,2026-07-27,CH09,1,0,0,0,36
GM00002080,2026-07-27,CH10,2,2,1,0,22
GM00002081,2026-07-28,CH01,9,7,0,3,116
GM00002082,2026-07-28,CH02,4,2,0,2,76
GM00002083,2026-07-28,CH03,6,2,2,1,85
GM00002084,2026-07-28,CH04,8,5,1,2,70
GM00002085,2026-07-28,CH05,3,0,1,0,90
GM00002086,2026-07-28,CH06,7,5,2,1,47
GM00002087,2026-07-28,CH07,3,2,1,2,88
GM00002088,2026-07-28,CH08,3,2,1,0,48
GM00002089,2026-07-28,CH09,2,0,1,0,31
GM00002090,2026-07-28,CH10,0,0,0,0,17
GM00002091,2026-07-29,CH01,10,9,5,1,124
GM00002092,2026-07-29,CH02,6,4,3,4,72
GM00002093,2026-07-29,CH03,7,2,1,2,84
GM00002094,2026-07-29,CH04,5,5,1,1,71
GM00002095,2026-07-29,CH05,8,7,0,2,81
GM00002096,2026-07-29,CH06,13,8,0,2,53
GM00002097,2026-07-29,CH07,7,7,4,4,83
GM00002098,2026-07-29,CH08,3,3,1,0,52
GM00002099,2026-07-29,CH09,1,1,0,1,27
GM00002100,2026-07-29,CH10,0,0,0,0,9
GM00002101,2026-07-30,CH01,9,5,6,4,102
GM00002102,2026-07-30,CH02,5,5,2,1,83
GM00002103,2026-07-30,CH03,8,5,1,3,103
GM00002104,2026-07-30,CH04,6,4,1,0,76
GM00002105,2026-07-30,CH05,3,3,0,0,82
GM00002106,2026-07-30,CH06,5,3,1,1,60
GM00002107,2026-07-30,CH07,11,10,6,7,87
GM00002108,2026-07-30,CH08,3,2,3,1,45
GM00002109,2026-07-30,CH09,2,1,1,1,16
GM00002110,2026-07-30,CH10,0,0,0,0,16
GM00002111,2026-07-31,CH01,7,6,2,6,115
GM00002112,2026-07-31,CH02,5,3,2,2,95
GM00002113,2026-07-31,CH03,11,7,2,1,105
GM00002114,2026-07-31,CH04,5,3,2,2,74
GM00002115,2026-07-31,CH05,4,3,1,2,89
GM00002116,2026-07-31,CH06,1,1,0,0,51
GM00002117,2026-07-31,CH07,3,3,2,0,84
GM00002118,2026-07-31,CH08,4,3,2,1,54
GM00002119,2026-07-31,CH09,1,1,0,0,21
GM00002120,2026-07-31,CH10,3,2,0,0,20
GM00002121,2026-08-01,CH01,8,6,3,1,122
GM00002122,2026-08-01,CH02,2,1,0,1,91
GM00002123,2026-08-01,CH03,12,10,2,1,116
GM00002124,2026-08-01,CH04,6,1,1,3,84
GM00002125,2026-08-01,CH05,7,7,4,3,87
GM00002126,2026-08-01,CH06,2,1,1,0,62
GM00002127,2026-08-01,CH07,2,2,1,0,89
GM00002128,2026-08-01,CH08,2,0,0,0,51
GM00002129,2026-08-01,CH09,1,1,0,0,23
GM00002130,2026-08-01,CH10,0,0,0,0,16
GM00002131,2026-08-02,CH01,8,7,1,3,126
GM00002132,2026-08-02,CH02,7,6,1,2,84
GM00002133,2026-08-02,CH03,7,5,4,0,105
GM00002134,2026-08-02,CH04,4,3,1,2,73
GM00002135,2026-08-02,CH05,5,5,3,3,99
GM00002136,2026-08-02,CH06,2,0,0,1,47
GM00002137,2026-08-02,CH07,4,3,1,1,100
GM00002138,2026-08-02,CH08,6,5,3,2,53
GM00002139,2026-08-02,CH09,0,0,0,0,25
GM00002140,2026-08-02,CH10,2,1,1,0,12
GM00002141,2026-08-03,CH01,4,3,1,2,112
GM00002142,2026-08-03,CH02,7,6,3,2,84
GM00002143,2026-08-03,CH03,8,5,1,2,120
GM00002144,2026-08-03,CH04,6,6,2,1,78
GM00002145,2026-08-03,CH05,4,3,3,2,99
GM00002146,2026-08-03,CH06,8,5,3,3,49
GM00002147,2026-08-03,CH07,8,7,0,5,97
GM00002148,2026-08-03,CH08,4,3,2,2,56
GM00002149,2026-08-03,CH09,1,1,0,0,21
GM00002150,2026-08-03,CH10,0,0,0,0,13
GM00002151,2026-08-04,CH01,7,6,3,2,143
GM00002152,2026-08-04,CH02,10,8,5,4,93
GM00002153,2026-08-04,CH03,9,5,0,1,114
GM00002154,2026-08-04,CH04,5,2,3,2,88
GM00002155,2026-08-04,CH05,5,3,1,3,85
GM00002156,2026-08-04,CH06,2,1,0,2,60
GM00002157,2026-08-04,CH07,4,4,1,0,96
GM00002158,2026-08-04,CH08,2,2,2,0,61
GM00002159,2026-08-04,CH09,3,1,1,0,23
GM00002160,2026-08-04,CH10,0,0,0,0,14
GM00002161,2026-08-05,CH01,5,5,2,2,135
GM00002162,2026-08-05,CH02,4,2,2,1,83
GM00002163,2026-08-05,CH03,9,9,1,0,93
GM00002164,2026-08-05,CH04,8,4,2,2,94
GM00002165,2026-08-05,CH05,7,5,4,1,103
GM00002166,2026-08-05,CH06,2,2,0,0,46
GM00002167,2026-08-05,CH07,3,2,1,1,97
GM00002168,2026-08-05,CH08,5,4,1,1,56
GM00002169,2026-08-05,CH09,2,1,1,1,28
GM00002170,2026-08-05,CH10,0,0,0,0,12
GM00002171,2026-08-06,CH01,4,3,2,2,134
GM00002172,2026-08-06,CH02,6,4,3,2,80
GM00002173,2026-08-06,CH03,15,13,4,2,116
GM00002174,2026-08-06,CH04,4,4,1,1,91
GM00002175,2026-08-06,CH05,10,7,2,2,106
GM00002176,2026-08-06,CH06,2,1,2,1,59
GM00002177,2026-08-06,CH07,3,2,1,2,110
GM00002178,2026-08-06,CH08,5,4,0,1,51
GM00002179,2026-08-06,CH09,2,1,1,0,28
GM00002180,2026-08-06,CH10,4,1,0,2,23
GM00002181,2026-08-07,CH01,7,6,3,1,133
GM00002182,2026-08-07,CH02,2,1,2,0,73
GM00002183,2026-08-07,CH03,11,6,2,6,133
GM00002184,2026-08-07,CH04,2,2,0,0,79
GM00002185,2026-08-07,CH05,6,5,2,1,98
GM00002186,2026-08-07,CH06,2,2,1,2,52
GM00002187,2026-08-07,CH07,6,4,5,2,89
GM00002188,2026-08-07,CH08,5,4,3,2,60
GM00002189,2026-08-07,CH09,4,4,1,0,25
GM00002190,2026-08-07,CH10,2,1,0,0,12
GM00002191,2026-08-08,CH01,6,5,3,2,130
GM00002192,2026-08-08,CH02,4,3,1,2,80
GM00002193,2026-08-08,CH03,9,6,2,1,133
GM00002194,2026-08-08,CH04,7,6,4,3,103
GM00002195,2026-08-08,CH05,7,6,2,0,103
GM00002196,2026-08-08,CH06,1,1,0,0,50
GM00002197,2026-08-08,CH07,6,6,3,5,99
GM00002198,2026-08-08,CH08,4,2,0,1,61
GM00002199,2026-08-08,CH09,6,3,0,2,27
GM00002200,2026-08-08,CH10,2,1,1,1,13
GM00002201,2026-08-09,CH01,8,8,3,5,126
GM00002202,2026-08-09,CH02,3,3,1,2,101
GM00002203,2026-08-09,CH03,7,3,2,4,131
GM00002204,2026-08-09,CH04,6,4,3,1,81
GM00002205,2026-08-09,CH05,7,5,3,4,93
GM00002206,2026-08-09,CH06,7,3,2,3,65
GM00002207,2026-08-09,CH07,10,9,7,4,96
GM00002208,2026-08-09,CH08,1,1,0,1,57
GM00002209,2026-08-09,CH09,3,3,1,0,27
GM00002210,2026-08-09,CH10,0,0,0,0,26
GM00002211,2026-08-10,CH01,10,9,2,3,144
GM00002212,2026-08-10,CH02,7,4,3,2,93
GM00002213,2026-08-10,CH03,6,3,1,0,134
GM00002214,2026-08-10,CH04,5,5,1,2,79
GM00002215,2026-08-10,CH05,5,4,3,3,92
GM00002216,2026-08-10,CH06,1,0,1,1,63
GM00002217,2026-08-10,CH07,4,3,2,0,89
GM00002218,2026-08-10,CH08,4,3,2,4,55
GM00002219,2026-08-10,CH09,0,0,0,0,22
GM00002220,2026-08-10,CH10,1,1,1,0,16
GM00002221,2026-08-11,CH01,6,5,2,3,138
GM00002222,2026-08-11,CH02,5,3,0,1,75
GM00002223,2026-08-11,CH03,4,3,1,1,147
GM00002224,2026-08-11,CH04,5,5,2,0,110
GM00002225,2026-08-11,CH05,9,5,1,2,94
GM00002226,2026-08-11,CH06,3,2,0,0,58
GM00002227,2026-08-11,CH07,5,3,3,4,109
GM00002228,2026-08-11,CH08,6,5,4,1,69
GM00002229,2026-08-11,CH09,4,2,1,1,29
GM00002230,2026-08-11,CH10,0,0,0,0,22
GM00002231,2026-08-12,CH01,7,4,3,1,123
GM00002232,2026-08-12,CH02,2,1,1,1,92
GM00002233,2026-08-12,CH03,10,7,3,2,124
GM00002234,2026-08-12,CH04,9,6,3,4,93
GM00002235,2026-08-12,CH05,3,2,1,1,109
GM00002236,2026-08-12,CH06,2,1,0,0,65
GM00002237,2026-08-12,CH07,7,7,3,4,127
GM00002238,2026-08-12,CH08,3,2,0,1,51
GM00002239,2026-08-12,CH09,0,0,0,0,37
GM00002240,2026-08-12,CH10,0,0,0,0,19
GM00002241,2026-08-13,CH01,11,11,5,5,140
GM00002242,2026-08-13,CH02,5,4,2,3,87
GM00002243,2026-08-13,CH03,8,3,1,1,119
GM00002244,2026-08-13,CH04,4,4,1,0,103
GM00002245,2026-08-13,CH05,2,2,0,1,103
GM00002246,2026-08-13,CH06,6,4,1,0,58
GM00002247,2026-08-13,CH07,6,5,2,1,105
GM00002248,2026-08-13,CH08,2,2,0,0,51
GM00002249,2026-08-13,CH09,0,0,0,0,29
GM00002250,2026-08-13,CH10,2,0,0,0,19
GM00002251,2026-08-14,CH01,9,6,2,3,154
GM00002252,2026-08-14,CH02,3,2,1,0,95
GM00002253,2026-08-14,CH03,2,2,1,0,141
GM00002254,2026-08-14,CH04,5,4,1,2,96
GM00002255,2026-08-14,CH05,3,2,1,1,108
GM00002256,2026-08-14,CH06,3,2,1,0,68
GM00002257,2026-08-14,CH07,6,5,4,3,93
GM00002258,2026-08-14,CH08,3,2,1,0,66
GM00002259,2026-08-14,CH09,1,0,0,0,30
GM00002260,2026-08-14,CH10,4,3,0,0,14
GM00002261,2026-08-15,CH01,5,4,3,0,144
GM00002262,2026-08-15,CH02,8,7,2,4,107
GM00002263,2026-08-15,CH03,4,3,0,0,131
GM00002264,2026-08-15,CH04,6,4,1,2,79
GM00002265,2026-08-15,CH05,6,2,3,1,94
GM00002266,2026-08-15,CH06,3,2,1,0,56
GM00002267,2026-08-15,CH07,6,4,4,4,116
GM00002268,2026-08-15,CH08,4,4,0,2,50
GM00002269,2026-08-15,CH09,0,0,0,0,32
GM00002270,2026-08-15,CH10,0,0,0,0,14
GM00002271,2026-08-16,CH01,8,6,4,2,150
GM00002272,2026-08-16,CH02,4,3,1,1,115
GM00002273,2026-08-16,CH03,3,3,0,2,151
GM00002274,2026-08-16,CH04,4,2,2,1,110
GM00002275,2026-08-16,CH05,3,2,0,2,101
GM00002276,2026-08-16,CH06,1,1,0,0,60
GM00002277,2026-08-16,CH07,5,3,3,4,106
GM00002278,2026-08-16,CH08,3,3,1,2,69
GM00002279,2026-08-16,CH09,2,1,0,1,36
GM00002280,2026-08-16,CH10,0,0,0,0,21
GM00002281,2026-08-17,CH01,5,5,2,1,153
GM00002282,2026-08-17,CH02,4,4,0,2,96
GM00002283,2026-08-17,CH03,13,10,1,2,143
GM00002284,2026-08-17,CH04,6,6,2,3,91
GM00002285,2026-08-17,CH05,10,8,6,1,116
GM00002286,2026-08-17,CH06,3,1,0,1,60
GM00002287,2026-08-17,CH07,7,7,2,2,117
GM00002288,2026-08-17,CH08,5,5,2,2,66
GM00002289,2026-08-17,CH09,6,5,1,1,31
GM00002290,2026-08-17,CH10,2,2,0,0,28
GM00002291,2026-08-18,CH01,3,3,0,1,156
GM00002292,2026-08-18,CH02,6,5,2,1,103
GM00002293,2026-08-18,CH03,13,6,3,2,150
GM00002294,2026-08-18,CH04,4,1,1,1,102
GM00002295,2026-08-18,CH05,4,2,4,1,107
GM00002296,2026-08-18,CH06,4,4,1,0,61
GM00002297,2026-08-18,CH07,11,11,3,6,112
GM00002298,2026-08-18,CH08,6,4,0,5,70
GM00002299,2026-08-18,CH09,4,2,3,1,37
GM00002300,2026-08-18,CH10,3,3,1,2,20
GM00002301,2026-08-19,CH01,5,4,1,1,166
GM00002302,2026-08-19,CH02,11,9,1,6,97
GM00002303,2026-08-19,CH03,8,8,2,1,160
GM00002304,2026-08-19,CH04,1,1,0,0,110
GM00002305,2026-08-19,CH05,7,5,2,3,100
GM00002306,2026-08-19,CH06,5,3,0,0,55
GM00002307,2026-08-19,CH07,4,4,1,2,117
GM00002308,2026-08-19,CH08,0,0,0,0,64
GM00002309,2026-08-19,CH09,3,2,0,1,32
GM00002310,2026-08-19,CH10,2,2,0,0,21
GM00002311,2026-08-20,CH01,14,13,3,5,169
GM00002312,2026-08-20,CH02,5,3,0,1,107
GM00002313,2026-08-20,CH03,12,10,5,3,163
GM00002314,2026-08-20,CH04,8,7,1,2,98
GM00002315,2026-08-20,CH05,6,5,3,3,110
GM00002316,2026-08-20,CH06,4,3,1,0,76
GM00002317,2026-08-20,CH07,6,6,4,1,149
GM00002318,2026-08-20,CH08,2,2,0,0,69
GM00002319,2026-08-20,CH09,6,2,0,3,36
GM00002320,2026-08-20,CH10,2,1,0,0,17
GM00002321,2026-08-21,CH01,2,1,1,0,162
GM00002322,2026-08-21,CH02,6,4,1,0,99
GM00002323,2026-08-21,CH03,7,6,3,1,155
GM00002324,2026-08-21,CH04,9,6,4,2,101
GM00002325,2026-08-21,CH05,5,3,2,3,122
GM00002326,2026-08-21,CH06,4,1,0,1,78
GM00002327,2026-08-21,CH07,5,3,3,1,145
GM00002328,2026-08-21,CH08,2,2,1,0,72
GM00002329,2026-08-21,CH09,2,2,1,1,35
GM00002330,2026-08-21,CH10,4,2,2,0,27
GM00002331,2026-08-22,CH01,8,8,2,0,156
GM00002332,2026-08-22,CH02,6,3,3,0,113
GM00002333,2026-08-22,CH03,6,5,3,0,140
GM00002334,2026-08-22,CH04,4,1,0,0,111
GM00002335,2026-08-22,CH05,9,5,3,0,114
GM00002336,2026-08-22,CH06,1,1,0,0,76
GM00002337,2026-08-22,CH07,0,0,0,0,138
GM00002338,2026-08-22,CH08,1,0,0,0,65
GM00002339,2026-08-22,CH09,1,1,0,0,44
GM00002340,2026-08-22,CH10,1,1,1,0,33
GM00002341,2026-08-23,CH01,8,7,2,0,182
GM00002342,2026-08-23,CH02,4,3,1,0,116
GM00002343,2026-08-23,CH03,5,5,0,0,162
GM00002344,2026-08-23,CH04,8,6,4,0,123
GM00002345,2026-08-23,CH05,6,4,1,0,129
GM00002346,2026-08-23,CH06,3,3,1,0,73
GM00002347,2026-08-23,CH07,4,3,1,0,119
GM00002348,2026-08-23,CH08,1,0,1,0,78
GM00002349,2026-08-23,CH09,3,2,2,0,37
GM00002350,2026-08-23,CH10,0,0,0,0,27
GM00002351,2026-08-24,CH01,2,2,0,0,175
GM00002352,2026-08-24,CH02,1,1,0,0,121
GM00002353,2026-08-24,CH03,14,10,5,0,166
GM00002354,2026-08-24,CH04,10,7,5,0,140
GM00002355,2026-08-24,CH05,3,1,0,0,134
GM00002356,2026-08-24,CH06,2,2,0,0,71
GM00002357,2026-08-24,CH07,9,8,4,0,142
GM00002358,2026-08-24,CH08,4,4,0,0,81
GM00002359,2026-08-24,CH09,1,0,1,0,39
GM00002360,2026-08-24,CH10,6,3,1,0,26
GM00002361,2026-08-25,CH01,8,7,3,0,170
GM00002362,2026-08-25,CH02,9,6,5,0,110
GM00002363,2026-08-25,CH03,6,6,3,0,166
GM00002364,2026-08-25,CH04,5,2,1,0,127
GM00002365,2026-08-25,CH05,8,4,3,0,134
GM00002366,2026-08-25,CH06,3,1,0,0,79
GM00002367,2026-08-25,CH07,7,7,3,0,140
GM00002368,2026-08-25,CH08,8,6,3,0,75
GM00002369,2026-08-25,CH09,2,1,0,0,37
GM00002370,2026-08-25,CH10,4,3,0,0,26
GM00002371,2026-08-26,CH01,5,4,2,0,176
GM00002372,2026-08-26,CH02,6,6,2,0,132
GM00002373,2026-08-26,CH03,7,6,1,0,183
GM00002374,2026-08-26,CH04,10,8,2,0,125
GM00002375,2026-08-26,CH05,7,7,1,0,145
GM00002376,2026-08-26,CH06,2,1,1,0,86
GM00002377,2026-08-26,CH07,9,8,4,0,154
GM00002378,2026-08-26,CH08,3,3,0,0,80
GM00002379,2026-08-26,CH09,1,0,0,0,46
GM00002380,2026-08-26,CH10,1,0,0,0,40
GM00002381,2026-08-27,CH01,6,3,4,0,179
GM00002382,2026-08-27,CH02,4,2,2,0,123
GM00002383,2026-08-27,CH03,11,8,0,0,201
GM00002384,2026-08-27,CH04,6,6,2,0,119
GM00002385,2026-08-27,CH05,9,6,2,0,164
GM00002386,2026-08-27,CH06,6,2,1,0,96
GM00002387,2026-08-27,CH07,4,3,3,0,170
GM00002388,2026-08-27,CH08,1,1,0,0,97
GM00002389,2026-08-27,CH09,4,1,0,0,39
GM00002390,2026-08-27,CH10,1,0,0,0,26
GM00002391,2026-08-28,CH01,5,2,0,0,196
GM00002392,2026-08-28,CH02,9,7,0,0,135
GM00002393,2026-08-28,CH03,9,3,0,0,188
GM00002394,2026-08-28,CH04,6,6,0,0,134
GM00002395,2026-08-28,CH05,4,3,0,0,152
GM00002396,2026-08-28,CH06,3,2,0,0,85
GM00002397,2026-08-28,CH07,3,3,0,0,160
GM00002398,2026-08-28,CH08,3,3,0,0,84
GM00002399,2026-08-28,CH09,2,2,0,0,53
GM00002400,2026-08-28,CH10,2,1,0,0,27
